{"type":"FeatureCollection", "features": [
{"type":"Feature","geometry":{"type":"Polygon","coordinates":[[[16.4968,47.8416],[16.4875,47.8365],[16.489,47.8295],[16.4938,47.8239],[16.516,47.8056],[16.5262,47.8006],[16.5307,47.7935],[16.5398,47.7954],[16.5466,47.7941],[16.5452,47.7999],[16.5387,47.8101],[16.5407,47.815],[16.5385,47.8208],[16.5503,47.8308],[16.5803,47.8393],[16.5783,47.8422],[16.5832,47.8467],[16.5852,47.8566],[16.5738,47.8713],[16.569,47.8824],[16.562,47.8836],[16.5491,47.8772],[16.5412,47.8758],[16.5345,47.8781],[16.5314,47.8753],[16.508,47.8731],[16.5031,47.8702],[16.4838,47.869],[16.484,47.8637],[16.492,47.8587],[16.4914,47.85],[16.4966,47.8443],[16.4968,47.8416]]]},"properties":{"code":"101"}},
{"type":"Feature","geometry":{"type":"Polygon","coordinates":[[[16.7318,47.8094],[16.6751,47.817],[16.6669,47.8155],[16.6671,47.8259],[16.6502,47.8237],[16.642,47.8188],[16.6494,47.7976],[16.6579,47.7897],[16.6691,47.7868],[16.6814,47.788],[16.7245,47.7818],[16.7318,47.8094]]]},"properties":{"code":"102"}},
{"type":"Feature","geometry":{"type":"Polygon","coordinates":[[[16.7318,47.8094],[16.7411,47.8446],[16.8042,47.9026],[16.752,47.9454],[16.7389,47.9541],[16.7256,47.9582],[16.7224,47.9621],[16.7123,47.9658],[16.7012,47.9738],[16.7016,47.9732],[16.6993,47.9696],[16.6949,47.9642],[16.6809,47.9597],[16.6729,47.9604],[16.6647,47.9569],[16.6593,47.9611],[16.6514,47.9552],[16.6523,47.9492],[16.6328,47.9451],[16.6305,47.9394],[16.6322,47.9294],[16.6248,47.9264],[16.6011,47.9056],[16.5895,47.9009],[16.5834,47.8916],[16.574,47.8863],[16.5727,47.8936],[16.5655,47.8995],[16.5564,47.9022],[16.5517,47.9113],[16.5235,47.9346],[16.5187,47.9436],[16.5087,47.9407],[16.485,47.9414],[16.4831,47.9385],[16.4704,47.9371],[16.4667,47.9399],[16.454,47.9342],[16.4482,47.9337],[16.4444,47.9291],[16.4369,47.9274],[16.4273,47.9162],[16.4192,47.9129],[16.4245,47.9117],[16.4199,47.9065],[16.4228,47.9019],[16.4185,47.8938],[16.4096,47.8924],[16.4162,47.8904],[16.4081,47.8844],[16.4088,47.8809],[16.4003,47.876],[16.3889,47.8816],[16.3821,47.8751],[16.3547,47.8661],[16.3488,47.8667],[16.3837,47.8476],[16.3879,47.8425],[16.379,47.8373],[16.3719,47.8311],[16.3772,47.8273],[16.3623,47.8233],[16.3803,47.8132],[16.3853,47.8062],[16.4032,47.7987],[16.4062,47.8032],[16.4188,47.8004],[16.4388,47.8001],[16.4446,47.8042],[16.4562,47.7965],[16.464,47.7891],[16.4686,47.7933],[16.4889,47.7925],[16.4921,47.7868],[16.5013,47.7866],[16.5062,47.777],[16.503,47.7731],[16.4995,47.7657],[16.4974,47.7639],[16.5095,47.7578],[16.5106,47.7502],[16.5251,47.7458],[16.5376,47.74],[16.5488,47.7432],[16.548,47.7515],[16.5667,47.7516],[16.588,47.7554],[16.5925,47.7591],[16.5989,47.7562],[16.6091,47.7604],[16.6279,47.7571],[16.6343,47.759],[16.6385,47.7496],[16.6572,47.7416],[16.6581,47.7433],[16.6716,47.7404],[16.7209,47.7353],[16.7197,47.7635],[16.7245,47.7818],[16.6814,47.788],[16.6691,47.7868],[16.6579,47.7897],[16.6494,47.7976],[16.642,47.8188],[16.6502,47.8237],[16.6671,47.8259],[16.6669,47.8155],[16.6751,47.817],[16.7318,47.8094]],[[16.4968,47.8416],[16.4966,47.8443],[16.4914,47.85],[16.492,47.8587],[16.484,47.8637],[16.4838,47.869],[16.5031,47.8702],[16.508,47.8731],[16.5314,47.8753],[16.5345,47.8781],[16.5412,47.8758],[16.5491,47.8772],[16.562,47.8836],[16.569,47.8824],[16.5738,47.8713],[16.5852,47.8566],[16.5832,47.8467],[16.5783,47.8422],[16.5803,47.8393],[16.5503,47.8308],[16.5385,47.8208],[16.5407,47.815],[16.5387,47.8101],[16.5452,47.7999],[16.5466,47.7941],[16.5398,47.7954],[16.5307,47.7935],[16.5262,47.8006],[16.516,47.8056],[16.4938,47.8239],[16.489,47.8295],[16.4875,47.8365],[16.4968,47.8416]]]},"properties":{"code":"103"}},
{"type":"Feature","geometry":{"type":"Polygon","coordinates":[[[16.1319,47.0732],[16.1429,47.0708],[16.1486,47.0718],[16.1483,47.0508],[16.1537,47.0452],[16.1628,47.0419],[16.1645,47.0378],[16.1738,47.046],[16.1832,47.0468],[16.192,47.045],[16.2083,47.0481],[16.2318,47.0479],[16.2446,47.04],[16.2357,47.0305],[16.2382,47.0252],[16.235,47.0181],[16.2434,47.0203],[16.2471,47.0141],[16.2682,47.0198],[16.2764,47.0159],[16.2855,47.0156],[16.2893,47.0134],[16.2926,47.014],[16.2994,47.0084],[16.2993,47.005],[16.3023,46.9984],[16.3225,47.0026],[16.3418,46.9962],[16.3438,47.0039],[16.3498,47.0104],[16.3601,47.0055],[16.3646,47.0074],[16.3686,47.0034],[16.3687,47.0034],[16.369,47.0029],[16.3699,47.002],[16.3726,46.9985],[16.3831,46.9988],[16.3917,47.003],[16.4126,47.0047],[16.4189,46.9971],[16.4268,46.9932],[16.4455,46.9932],[16.4461,47.0025],[16.45,47.0039],[16.46,47.0015],[16.4636,46.9971],[16.4707,46.9979],[16.4835,46.9942],[16.4885,46.9988],[16.497,46.9982],[16.5123,47.0035],[16.4963,47.0102],[16.4926,47.0101],[16.4777,47.0214],[16.4751,47.0273],[16.4637,47.0322],[16.4477,47.0227],[16.4389,47.0297],[16.444,47.0344],[16.4432,47.038],[16.4559,47.0402],[16.4585,47.0427],[16.4674,47.043],[16.4731,47.0461],[16.5065,47.0496],[16.5205,47.0562],[16.5205,47.0615],[16.5002,47.0697],[16.487,47.0689],[16.4827,47.0749],[16.4729,47.0736],[16.4708,47.0774],[16.4747,47.0853],[16.466,47.0893],[16.4646,47.099],[16.4726,47.1005],[16.4746,47.1051],[16.4778,47.1014],[16.4848,47.1026],[16.4829,47.1088],[16.5007,47.1102],[16.4999,47.1234],[16.5095,47.1239],[16.5293,47.1272],[16.5288,47.1373],[16.5227,47.1399],[16.5168,47.1493],[16.4905,47.1489],[16.4767,47.1445],[16.459,47.143],[16.4543,47.1423],[16.4481,47.1357],[16.4416,47.1338],[16.4462,47.1278],[16.4371,47.1273],[16.425,47.1231],[16.4251,47.1197],[16.4184,47.1181],[16.4166,47.1224],[16.4206,47.1253],[16.4152,47.1303],[16.4065,47.1325],[16.3991,47.1288],[16.3953,47.1349],[16.3863,47.1369],[16.3728,47.1356],[16.3405,47.1378],[16.3275,47.14],[16.3262,47.1446],[16.3187,47.1528],[16.3189,47.1593],[16.3275,47.1723],[16.3277,47.1785],[16.2996,47.1873],[16.2841,47.1872],[16.2842,47.1928],[16.2818,47.1958],[16.2719,47.1989],[16.2594,47.1991],[16.2447,47.2059],[16.2388,47.2119],[16.2226,47.2144],[16.2058,47.2128],[16.1962,47.214],[16.1857,47.209],[16.1813,47.2025],[16.1744,47.1997],[16.1659,47.2025],[16.1497,47.2016],[16.1466,47.2053],[16.1377,47.2078],[16.1299,47.2125],[16.1234,47.2256],[16.1239,47.2295],[16.1063,47.2311],[16.0942,47.2349],[16.0865,47.2335],[16.0809,47.2296],[16.0882,47.2095],[16.0962,47.1935],[16.1035,47.1862],[16.1068,47.1714],[16.1134,47.1602],[16.1114,47.1577],[16.1163,47.1445],[16.113,47.1422],[16.115,47.1332],[16.1329,47.1326],[16.1378,47.131],[16.1394,47.1152],[16.1427,47.1104],[16.1557,47.1029],[16.1523,47.0972],[16.1467,47.0954],[16.1357,47.0812],[16.129,47.0759],[16.1319,47.0732]]]},"properties":{"code":"104"}},
{"type":"Feature","geometry":{"type":"Polygon","coordinates":[[[16.115,47.1332],[16.1091,47.1269],[16.108,47.119],[16.1066,47.1178],[16.1016,47.1123],[16.0951,47.1131],[16.0918,47.1047],[16.0939,47.0957],[16.0922,47.0909],[16.0866,47.088],[16.0903,47.0817],[16.0875,47.0729],[16.0902,47.0714],[16.0983,47.0583],[16.1047,47.0608],[16.1112,47.0488],[16.114,47.05],[16.1211,47.0447],[16.1163,47.0384],[16.1151,47.0319],[16.1214,47.0308],[16.1247,47.019],[16.13,47.0168],[16.1325,47.011],[16.1402,47.009],[16.137,47.0069],[16.1446,46.9976],[16.1467,47.0007],[16.1545,46.9908],[16.1343,46.9948],[16.1217,46.9907],[16.1179,46.9797],[16.1127,46.9794],[16.1077,46.9653],[16.1006,46.9608],[16.0952,46.9512],[16.0952,46.9511],[16.0958,46.9492],[16.0957,46.9491],[16.0957,46.9489],[16.0957,46.9488],[16.0955,46.9486],[16.0954,46.9486],[16.0954,46.9482],[16.0953,46.9481],[16.0954,46.9478],[16.0953,46.947],[16.095,46.9466],[16.095,46.9465],[16.0949,46.9461],[16.0949,46.946],[16.095,46.946],[16.0955,46.9449],[16.0956,46.9444],[16.0957,46.944],[16.0957,46.9439],[16.096,46.9435],[16.096,46.942],[16.0929,46.9351],[16.0781,46.934],[16.0702,46.9355],[16.063,46.9242],[16.0619,46.9137],[16.0514,46.9087],[16.0474,46.9104],[16.0377,46.9044],[16.0359,46.8931],[16.0322,46.893],[16.0219,46.8867],[16.0138,46.8846],[16.0096,46.8772],[16.0073,46.8567],[16.0062,46.8553],[16.0016,46.8477],[16.0054,46.8453],[16.0007,46.8365],[15.9962,46.8354],[16.0076,46.8306],[16.0135,46.8359],[16.0295,46.8403],[16.0339,46.8355],[16.04,46.8363],[16.0438,46.8408],[16.0512,46.8372],[16.0584,46.8387],[16.066,46.8461],[16.0656,46.8499],[16.0715,46.8531],[16.0788,46.8526],[16.0876,46.8592],[16.0901,46.8637],[16.0976,46.8611],[16.1102,46.8688],[16.124,46.8719],[16.1339,46.8765],[16.1387,46.8852],[16.1451,46.886],[16.1487,46.8931],[16.1539,46.8937],[16.1591,46.9006],[16.1629,46.9048],[16.1708,46.9035],[16.1791,46.9068],[16.1804,46.9122],[16.1867,46.9207],[16.1961,46.9392],[16.2057,46.9415],[16.2227,46.9386],[16.2332,46.9422],[16.2395,46.9473],[16.247,46.9491],[16.2428,46.956],[16.2554,46.9642],[16.2693,46.9612],[16.2764,46.9627],[16.2775,46.9681],[16.2757,46.9817],[16.2834,46.9975],[16.2827,47.0042],[16.2893,47.0134],[16.2855,47.0156],[16.2764,47.0159],[16.2682,47.0198],[16.2471,47.0141],[16.2434,47.0203],[16.235,47.0181],[16.2382,47.0252],[16.2357,47.0305],[16.2446,47.04],[16.2318,47.0479],[16.2083,47.0481],[16.192,47.045],[16.1832,47.0468],[16.1738,47.046],[16.1645,47.0378],[16.1628,47.0419],[16.1537,47.0452],[16.1483,47.0508],[16.1486,47.0718],[16.1429,47.0708],[16.1319,47.0732],[16.129,47.0759],[16.1357,47.0812],[16.1467,47.0954],[16.1523,47.0972],[16.1557,47.1029],[16.1427,47.1104],[16.1394,47.1152],[16.1378,47.131],[16.1329,47.1326],[16.115,47.1332]]]},"properties":{"code":"105"}},
{"type":"Feature","geometry":{"type":"Polygon","coordinates":[[[16.3623,47.8233],[16.3488,47.8168],[16.3487,47.8058],[16.3435,47.8014],[16.3348,47.802],[16.3259,47.7937],[16.3233,47.7882],[16.3156,47.7846],[16.3075,47.7908],[16.3109,47.7969],[16.3088,47.8022],[16.3147,47.8048],[16.309,47.8073],[16.2859,47.8115],[16.2773,47.8098],[16.2688,47.7958],[16.2687,47.7911],[16.2753,47.793],[16.3034,47.7853],[16.3001,47.7759],[16.2938,47.7683],[16.2999,47.7594],[16.2992,47.7481],[16.295,47.7453],[16.2959,47.7388],[16.2911,47.7294],[16.2925,47.7184],[16.3025,47.707],[16.3046,47.6973],[16.3102,47.6948],[16.3087,47.6873],[16.3235,47.6835],[16.3336,47.6785],[16.3504,47.6807],[16.3567,47.6795],[16.3518,47.672],[16.3592,47.6639],[16.3626,47.6535],[16.3725,47.6425],[16.3725,47.6424],[16.3848,47.6328],[16.3898,47.635],[16.4044,47.637],[16.4127,47.6526],[16.4168,47.6539],[16.4218,47.6647],[16.4253,47.6678],[16.4431,47.6739],[16.4425,47.6768],[16.4478,47.6965],[16.454,47.6968],[16.4619,47.6827],[16.4748,47.6813],[16.475,47.6844],[16.476,47.6875],[16.4777,47.6905],[16.4808,47.6903],[16.4809,47.6903],[16.486,47.6928],[16.4871,47.698],[16.4948,47.6993],[16.4975,47.7033],[16.5035,47.7035],[16.5142,47.7076],[16.5206,47.7123],[16.5264,47.7104],[16.5404,47.7118],[16.5522,47.7225],[16.5365,47.7367],[16.5376,47.74],[16.5251,47.7458],[16.5106,47.7502],[16.5095,47.7578],[16.4974,47.7639],[16.4995,47.7657],[16.503,47.7731],[16.5062,47.777],[16.5013,47.7866],[16.4921,47.7868],[16.4889,47.7925],[16.4686,47.7933],[16.464,47.7891],[16.4562,47.7965],[16.4446,47.8042],[16.4388,47.8001],[16.4188,47.8004],[16.4062,47.8032],[16.4032,47.7987],[16.3853,47.8062],[16.3803,47.8132],[16.3623,47.8233]]]},"properties":{"code":"106"}},
{"type":"Feature","geometry":{"type":"Polygon","coordinates":[[[16.7245,47.7818],[16.7197,47.7635],[16.7209,47.7353],[16.7215,47.7226],[16.749,47.6814],[16.8283,47.6827],[16.8391,47.7046],[16.8555,47.7111],[16.8669,47.7216],[16.8688,47.7213],[16.8716,47.6901],[16.8751,47.6883],[16.9127,47.6878],[16.975,47.6943],[17.0404,47.7044],[17.0931,47.7082],[17.0742,47.7231],[17.0703,47.7282],[17.0708,47.7492],[17.0656,47.7669],[17.0638,47.7778],[17.0608,47.7776],[17.0582,47.7862],[17.0509,47.794],[17.0536,47.7976],[17.0718,47.8082],[17.0743,47.8083],[17.0597,47.8201],[17.0608,47.8227],[17.0469,47.8283],[17.0466,47.8329],[17.0515,47.8379],[17.01,47.8583],[17.0177,47.8684],[17.0378,47.8679],[17.0496,47.8701],[17.0487,47.8719],[17.0627,47.8737],[17.0778,47.8775],[17.0852,47.8744],[17.1041,47.8993],[17.0956,47.9043],[17.1024,47.9107],[17.1127,47.9274],[17.0909,47.9344],[17.1078,47.9495],[17.117,47.9609],[17.0964,47.9688],[17.0947,47.9709],[17.1127,47.9799],[17.1166,47.9834],[17.1313,47.9908],[17.1342,47.994],[17.1608,48.0067],[17.1489,48.0145],[17.1438,48.0202],[17.1368,48.0229],[17.1267,48.0209],[17.1178,48.028],[17.11,48.0312],[17.0898,48.0198],[17.086,48.0232],[17.0674,48.0314],[17.0878,48.0457],[17.0843,48.0504],[17.0683,48.0554],[17.0868,48.0654],[17.0722,48.0705],[17.0787,48.0783],[17.0715,48.0809],[17.0764,48.0862],[17.0897,48.0922],[17.0878,48.0965],[17.0927,48.0997],[17.0774,48.1059],[17.0729,48.1103],[17.077,48.1151],[17.0667,48.1187],[17.062,48.1132],[17.0639,48.1098],[17.0414,48.1017],[17.036,48.0843],[17.0025,48.0927],[17.0257,48.0984],[17.0286,48.1001],[17.0202,48.1056],[17.0122,48.1041],[17.0048,48.0989],[16.9986,48.1083],[16.9856,48.112],[16.9849,48.1064],[16.9761,48.1059],[16.9687,48.0962],[16.9778,48.0951],[16.9884,48.0889],[17.0093,48.0794],[17.017,48.074],[17.0094,48.0645],[17.0002,48.0567],[16.9947,48.0484],[16.9865,48.029],[16.9792,48.0234],[16.9686,48.0289],[16.9717,48.0359],[16.9683,48.0412],[16.9489,48.0474],[16.9452,48.0469],[16.9194,48.0512],[16.9152,48.057],[16.9196,48.0621],[16.9168,48.0676],[16.8903,48.0746],[16.8908,48.0744],[16.8823,48.0682],[16.8743,48.0722],[16.8641,48.0636],[16.8602,48.0633],[16.8565,48.0548],[16.8506,48.0572],[16.843,48.0501],[16.8428,48.0462],[16.8354,48.0448],[16.8295,48.0402],[16.8363,48.0373],[16.838,48.0328],[16.8282,48.0286],[16.8152,48.0305],[16.8127,48.0281],[16.7981,48.0282],[16.7955,48.0235],[16.7843,48.0226],[16.773,48.0197],[16.7633,48.0147],[16.7515,48.0124],[16.7451,48.0149],[16.7341,48.0096],[16.7277,48.0093],[16.7124,48.0127],[16.7012,48.0099],[16.7014,47.9877],[16.6962,47.9881],[16.6975,47.9799],[16.6985,47.9792],[16.6994,47.9785],[16.6998,47.9774],[16.7009,47.9745],[16.701,47.9745],[16.7012,47.9738],[16.7123,47.9658],[16.7224,47.9621],[16.7256,47.9582],[16.7389,47.9541],[16.752,47.9454],[16.8042,47.9026],[16.7411,47.8446],[16.7318,47.8094],[16.7245,47.7818]]]},"properties":{"code":"107"}},
{"type":"Feature","geometry":{"type":"Polygon","coordinates":[[[16.3725,47.6424],[16.3688,47.6331],[16.3693,47.6323],[16.3692,47.6321],[16.3723,47.6273],[16.3685,47.621],[16.3557,47.6207],[16.348,47.6162],[16.3536,47.6112],[16.3446,47.6028],[16.3341,47.6015],[16.3289,47.5978],[16.331,47.5889],[16.3301,47.5823],[16.3132,47.5654],[16.313,47.5566],[16.3092,47.5464],[16.3227,47.5388],[16.3305,47.5285],[16.339,47.5241],[16.3396,47.5162],[16.3324,47.5042],[16.326,47.5006],[16.3278,47.4979],[16.312,47.489],[16.3158,47.486],[16.3097,47.48],[16.2991,47.4777],[16.3054,47.4746],[16.3029,47.4674],[16.2902,47.464],[16.2811,47.4551],[16.2954,47.4537],[16.2923,47.4394],[16.3014,47.4292],[16.3007,47.4231],[16.3021,47.4175],[16.3135,47.4052],[16.3216,47.402],[16.3348,47.3926],[16.3483,47.3948],[16.35,47.3915],[16.3653,47.3862],[16.368,47.3827],[16.3666,47.3758],[16.3704,47.3728],[16.3719,47.3628],[16.3764,47.3598],[16.3693,47.3526],[16.377,47.3465],[16.3864,47.3443],[16.4073,47.3496],[16.4124,47.3477],[16.4284,47.3529],[16.4338,47.3529],[16.4468,47.3576],[16.457,47.3672],[16.4567,47.3722],[16.4511,47.3778],[16.4575,47.3849],[16.4463,47.4007],[16.4454,47.4072],[16.4571,47.413],[16.4644,47.4128],[16.4749,47.4089],[16.4853,47.4088],[16.4906,47.4057],[16.485,47.4022],[16.4844,47.3972],[16.4895,47.3997],[16.488,47.3946],[16.4965,47.3956],[16.4968,47.3893],[16.5101,47.3967],[16.5079,47.405],[16.5137,47.4052],[16.5181,47.41],[16.5399,47.4101],[16.5459,47.4056],[16.5601,47.407],[16.5757,47.4064],[16.575,47.4122],[16.5822,47.4151],[16.5818,47.4197],[16.5889,47.4194],[16.601,47.4255],[16.6092,47.4297],[16.6152,47.4323],[16.6204,47.4308],[16.6268,47.4416],[16.6371,47.4459],[16.6516,47.4489],[16.6491,47.4513],[16.662,47.4557],[16.6597,47.4607],[16.6624,47.4663],[16.6705,47.4743],[16.6637,47.4817],[16.6523,47.5003],[16.6625,47.509],[16.669,47.5036],[16.6896,47.5103],[16.6948,47.5175],[16.7055,47.5229],[16.7034,47.5334],[16.7145,47.5399],[16.7041,47.5457],[16.6982,47.5456],[16.684,47.5613],[16.6733,47.5596],[16.6631,47.5687],[16.6713,47.5716],[16.6751,47.5825],[16.6664,47.5979],[16.6731,47.605],[16.6596,47.6061],[16.6528,47.6223],[16.6319,47.6282],[16.6188,47.6258],[16.6133,47.6225],[16.5894,47.6174],[16.5724,47.6199],[16.5516,47.6322],[16.5288,47.6415],[16.5164,47.6454],[16.5075,47.6401],[16.4969,47.6393],[16.4873,47.6417],[16.4793,47.6501],[16.4626,47.6513],[16.4514,47.6557],[16.4398,47.6567],[16.4218,47.6647],[16.4168,47.6539],[16.4127,47.6526],[16.4044,47.637],[16.3898,47.635],[16.3848,47.6328],[16.3725,47.6424]]]},"properties":{"code":"108"}},
{"type":"Feature","geometry":{"type":"Polygon","coordinates":[[[16.4543,47.1423],[16.4491,47.1519],[16.4531,47.1577],[16.4582,47.1572],[16.4643,47.1682],[16.4574,47.1768],[16.4508,47.1883],[16.4411,47.1851],[16.4282,47.185],[16.4195,47.1949],[16.4181,47.2044],[16.4287,47.2102],[16.4366,47.2099],[16.435,47.2155],[16.4393,47.2179],[16.4367,47.2231],[16.4382,47.23],[16.4427,47.2337],[16.4417,47.2486],[16.4305,47.2504],[16.4318,47.2529],[16.4487,47.2505],[16.4466,47.2534],[16.461,47.256],[16.4671,47.2529],[16.4786,47.2629],[16.4773,47.2723],[16.4794,47.278],[16.4894,47.2803],[16.482,47.2914],[16.4818,47.2977],[16.4748,47.3121],[16.4691,47.3189],[16.4685,47.3253],[16.464,47.3296],[16.4629,47.336],[16.4563,47.3393],[16.4477,47.34],[16.4447,47.3463],[16.4338,47.3529],[16.4284,47.3529],[16.4124,47.3477],[16.4073,47.3496],[16.3864,47.3443],[16.377,47.3465],[16.3693,47.3526],[16.3764,47.3598],[16.3719,47.3628],[16.3704,47.3728],[16.3666,47.3758],[16.368,47.3827],[16.3653,47.3862],[16.35,47.3915],[16.3483,47.3948],[16.3348,47.3926],[16.3216,47.402],[16.3135,47.4052],[16.3021,47.4175],[16.3007,47.4231],[16.3014,47.4292],[16.2923,47.4394],[16.2954,47.4537],[16.2811,47.4551],[16.2726,47.4568],[16.2643,47.4525],[16.2566,47.4514],[16.2481,47.4434],[16.2432,47.4423],[16.2422,47.4375],[16.2315,47.433],[16.2231,47.4271],[16.1996,47.4223],[16.1781,47.4239],[16.1718,47.4224],[16.1664,47.4205],[16.1529,47.4201],[16.1432,47.4165],[16.1216,47.4128],[16.1012,47.4148],[16.1001,47.4071],[16.1073,47.3967],[16.0927,47.3903],[16.0822,47.3973],[16.0894,47.4007],[16.0876,47.4049],[16.0967,47.4065],[16.0912,47.4084],[16.084,47.409],[16.0717,47.4041],[16.0705,47.4008],[16.0637,47.3912],[16.0639,47.385],[16.0427,47.3825],[16.0301,47.3793],[16.034,47.3722],[16.016,47.3682],[16.0243,47.3633],[16.0314,47.3548],[16.0368,47.3429],[16.0424,47.3439],[16.0424,47.3399],[16.051,47.332],[16.0475,47.3272],[16.0531,47.3221],[16.0513,47.3179],[16.0596,47.3153],[16.0586,47.3075],[16.0619,47.305],[16.0589,47.2957],[16.0656,47.2904],[16.0656,47.2903],[16.0645,47.2856],[16.075,47.276],[16.0749,47.2725],[16.0824,47.2622],[16.078,47.26],[16.078,47.2599],[16.0816,47.2555],[16.0832,47.2538],[16.0813,47.252],[16.0846,47.2507],[16.087,47.243],[16.0855,47.2405],[16.0854,47.2404],[16.0838,47.2359],[16.0865,47.2335],[16.0942,47.2349],[16.1063,47.2311],[16.1239,47.2295],[16.1234,47.2256],[16.1299,47.2125],[16.1377,47.2078],[16.1466,47.2053],[16.1497,47.2016],[16.1659,47.2025],[16.1744,47.1997],[16.1813,47.2025],[16.1857,47.209],[16.1962,47.214],[16.2058,47.2128],[16.2226,47.2144],[16.2388,47.2119],[16.2447,47.2059],[16.2594,47.1991],[16.2719,47.1989],[16.2818,47.1958],[16.2842,47.1928],[16.2841,47.1872],[16.2996,47.1873],[16.3277,47.1785],[16.3275,47.1723],[16.3189,47.1593],[16.3187,47.1528],[16.3262,47.1446],[16.3275,47.14],[16.3405,47.1378],[16.3728,47.1356],[16.3863,47.1369],[16.3953,47.1349],[16.3991,47.1288],[16.4065,47.1325],[16.4152,47.1303],[16.4206,47.1253],[16.4166,47.1224],[16.4184,47.1181],[16.4251,47.1197],[16.425,47.1231],[16.4371,47.1273],[16.4462,47.1278],[16.4416,47.1338],[16.4481,47.1357],[16.4543,47.1423]]]},"properties":{"code":"109"}},
{"type":"Feature","geometry":{"type":"Polygon","coordinates":[[[14.2378,46.6317],[14.2416,46.6264],[14.2385,46.6224],[14.2439,46.6186],[14.2396,46.6059],[14.2436,46.5997],[14.2365,46.5974],[14.2419,46.5924],[14.2366,46.5877],[14.2437,46.5786],[14.2665,46.5784],[14.2828,46.5834],[14.2897,46.5744],[14.2949,46.5753],[14.3172,46.5768],[14.3157,46.5814],[14.323,46.5912],[14.3209,46.5969],[14.3278,46.5981],[14.3401,46.5995],[14.3516,46.6086],[14.3547,46.6175],[14.3696,46.6181],[14.3697,46.6181],[14.3904,46.619],[14.3879,46.6265],[14.4102,46.6287],[14.4163,46.6402],[14.4007,46.6425],[14.3994,46.6452],[14.3775,46.6439],[14.3742,46.6407],[14.3711,46.6462],[14.3747,46.6536],[14.3691,46.6538],[14.3607,46.6647],[14.3535,46.6626],[14.3522,46.6692],[14.3563,46.6751],[14.3325,46.6754],[14.3231,46.671],[14.3163,46.6639],[14.3174,46.6692],[14.305,46.6673],[14.3012,46.6648],[14.2931,46.6663],[14.3005,46.6709],[14.2921,46.6745],[14.2972,46.6781],[14.2815,46.6864],[14.2856,46.6914],[14.2949,46.6959],[14.3037,46.7036],[14.3047,46.7087],[14.2917,46.7059],[14.2804,46.7052],[14.2731,46.7075],[14.2538,46.697],[14.2433,46.7007],[14.2314,46.6967],[14.2218,46.6823],[14.2162,46.6771],[14.2163,46.6771],[14.212,46.672],[14.2136,46.6649],[14.2197,46.6653],[14.2181,46.6574],[14.2225,46.654],[14.2418,46.6546],[14.2345,46.6511],[14.226,46.6432],[14.2378,46.6317]]]},"properties":{"code":"201"}},
{"type":"Feature","geometry":{"type":"Polygon","coordinates":[[[13.9532,46.6659],[13.936,46.6618],[13.9247,46.6578],[13.9045,46.6563],[13.8908,46.6492],[13.8856,46.6513],[13.879,46.648],[13.8641,46.6519],[13.8532,46.6493],[13.8415,46.6525],[13.8249,46.6651],[13.8172,46.6639],[13.8083,46.6681],[13.7999,46.6623],[13.7955,46.6506],[13.8004,46.6443],[13.7958,46.6408],[13.7917,46.6329],[13.7772,46.6349],[13.7639,46.635],[13.7625,46.6313],[13.7447,46.6236],[13.7281,46.6219],[13.7294,46.6132],[13.7219,46.6111],[13.7079,46.6106],[13.6937,46.6074],[13.6967,46.6042],[13.7115,46.5967],[13.7138,46.5917],[13.7231,46.5887],[13.7329,46.5924],[13.7459,46.5889],[13.7425,46.5737],[13.7451,46.5657],[13.7518,46.5624],[13.7568,46.5658],[13.7631,46.5595],[13.7691,46.5585],[13.7867,46.5618],[13.7932,46.5681],[13.8073,46.5683],[13.8426,46.5708],[13.8435,46.5745],[13.8388,46.579],[13.8467,46.5789],[13.87,46.5848],[13.8819,46.5857],[13.8871,46.5816],[13.8967,46.5804],[13.9024,46.5821],[13.9076,46.579],[13.9192,46.5794],[13.94,46.5772],[13.939,46.582],[13.9481,46.5856],[13.9495,46.5833],[13.9598,46.583],[13.962,46.589],[13.9779,46.5908],[13.9784,46.5938],[13.9597,46.5923],[13.9531,46.5947],[13.9468,46.601],[13.9319,46.6115],[13.9258,46.6121],[13.9274,46.6197],[13.9231,46.6247],[13.9315,46.6336],[13.9219,46.6448],[13.9268,46.6472],[13.9246,46.6492],[13.9383,46.6499],[13.945,46.6526],[13.9456,46.6565],[13.9532,46.6659]]]},"properties":{"code":"202"}},
{"type":"Feature","geometry":{"type":"Polygon","coordinates":[[[12.8369,46.6275],[12.8334,46.6213],[12.8338,46.6098],[12.8527,46.6046],[12.8653,46.6097],[12.873,46.6075],[12.8773,46.6092],[12.8881,46.6066],[12.8989,46.6097],[12.905,46.6076],[12.91,46.6097],[12.9177,46.6087],[12.9286,46.6105],[12.9489,46.6022],[12.9565,46.6065],[12.9782,46.6007],[12.9872,46.5994],[12.9992,46.6025],[13.0074,46.5992],[13.0213,46.6022],[13.0326,46.596],[13.0388,46.5972],[13.0476,46.5953],[13.0637,46.5999],[13.079,46.5991],[13.0835,46.602],[13.0919,46.6005],[13.1059,46.5944],[13.1089,46.596],[13.1218,46.5917],[13.1421,46.5898],[13.1463,46.5871],[13.1509,46.59],[13.1686,46.5889],[13.1686,46.585],[13.1771,46.5817],[13.1791,46.5778],[13.1932,46.5723],[13.2033,46.5723],[13.2107,46.5693],[13.2174,46.5705],[13.2207,46.5659],[13.2324,46.559],[13.2326,46.5536],[13.2398,46.5517],[13.2529,46.5605],[13.2608,46.5575],[13.2733,46.5609],[13.2855,46.5571],[13.2976,46.5603],[13.3087,46.5541],[13.3202,46.5513],[13.332,46.5595],[13.3439,46.5696],[13.3525,46.5665],[13.3629,46.5701],[13.3705,46.567],[13.3684,46.5738],[13.3722,46.5793],[13.3886,46.5767],[13.4017,46.5717],[13.4091,46.5715],[13.4075,46.5615],[13.4272,46.5575],[13.4337,46.5586],[13.446,46.5565],[13.454,46.5594],[13.4747,46.5573],[13.4817,46.5608],[13.5043,46.5663],[13.5221,46.5686],[13.5345,46.5743],[13.5463,46.5773],[13.5655,46.5996],[13.5574,46.6082],[13.5479,46.6121],[13.5494,46.6175],[13.5434,46.6213],[13.545,46.6341],[13.5542,46.6309],[13.5743,46.6417],[13.573,46.6468],[13.5775,46.6532],[13.5724,46.657],[13.5641,46.6534],[13.536,46.6563],[13.525,46.6523],[13.5173,46.6548],[13.5063,46.6537],[13.4968,46.6606],[13.4797,46.6683],[13.474,46.6681],[13.4644,46.663],[13.465,46.656],[13.4488,46.6573],[13.4417,46.6541],[13.4328,46.6572],[13.4096,46.6551],[13.4013,46.6592],[13.3996,46.6637],[13.3917,46.6643],[13.3817,46.6712],[13.3713,46.6743],[13.3605,46.6721],[13.3405,46.6809],[13.3268,46.6828],[13.3139,46.6957],[13.3063,46.6982],[13.2973,46.6967],[13.2952,46.6931],[13.2879,46.6908],[13.272,46.7012],[13.256,46.7076],[13.2457,46.7141],[13.2343,46.712],[13.2237,46.7134],[13.2221,46.7044],[13.2147,46.7058],[13.2113,46.6987],[13.206,46.6947],[13.1995,46.6956],[13.1774,46.6929],[13.1582,46.6873],[13.1431,46.6847],[13.1125,46.6832],[13.1022,46.6846],[13.0942,46.6985],[13.0846,46.701],[13.0466,46.7017],[13.037,46.7011],[13.0265,46.7067],[13.0127,46.7088],[12.998,46.7094],[12.9901,46.7121],[12.9793,46.7201],[12.9651,46.7243],[12.9469,46.7255],[12.9223,46.7218],[12.9116,46.7213],[12.903,46.7278],[12.8893,46.7184],[12.8807,46.7228],[12.8714,46.7242],[12.8697,46.7272],[12.878,46.7374],[12.8641,46.7387],[12.857,46.7413],[12.8432,46.7421],[12.8412,46.7493],[12.8332,46.7483],[12.8263,46.7519],[12.8137,46.749],[12.8126,46.7553],[12.8016,46.7567],[12.7871,46.7522],[12.777,46.7521],[12.7665,46.7495],[12.7571,46.7503],[12.7482,46.7475],[12.7384,46.741],[12.725,46.7434],[12.7119,46.7357],[12.7144,46.731],[12.7101,46.7199],[12.7097,46.7133],[12.713,46.7123],[12.7215,46.703],[12.7112,46.705],[12.6963,46.7044],[12.6925,46.7017],[12.6924,46.6891],[12.6867,46.6862],[12.6878,46.6805],[12.6837,46.68],[12.6901,46.6749],[12.6906,46.657],[12.7017,46.6508],[12.7167,46.6487],[12.7216,46.6417],[12.7268,46.6404],[12.7314,46.6343],[12.7451,46.6378],[12.751,46.6454],[12.7625,46.6479],[12.7761,46.6467],[12.7954,46.6424],[12.7967,46.6378],[12.8043,46.633],[12.819,46.6282],[12.8312,46.6313],[12.8369,46.6275]]]},"properties":{"code":"203"}},
{"type":"Feature","geometry":{"type":"Polygon","coordinates":[[[14.2314,46.6967],[14.2334,46.7002],[14.2271,46.6964],[14.2177,46.6997],[14.2063,46.7006],[14.1989,46.6986],[14.1971,46.7042],[14.1919,46.7002],[14.1859,46.7008],[14.183,46.6942],[14.1781,46.6939],[14.175,46.6865],[14.1679,46.6805],[14.1568,46.6781],[14.142,46.687],[14.1325,46.6798],[14.1292,46.6745],[14.1192,46.6731],[14.1121,46.6748],[14.0981,46.6722],[14.0946,46.6757],[14.0872,46.6768],[14.076,46.6723],[14.0612,46.6661],[14.052,46.6612],[14.0537,46.6452],[14.0577,46.6374],[14.0625,46.6362],[14.0565,46.6322],[14.0571,46.6245],[14.0712,46.6237],[14.0698,46.6161],[14.0775,46.6123],[14.0758,46.608],[14.0794,46.6008],[14.0527,46.5956],[14.0484,46.5914],[14.0562,46.5914],[14.0571,46.587],[14.0631,46.5845],[14.0604,46.5816],[14.0692,46.5747],[14.0757,46.5731],[14.0825,46.564],[14.0865,46.5623],[14.0923,46.5597],[14.0903,46.5559],[14.0844,46.5498],[14.0916,46.5435],[14.0932,46.5372],[14.1023,46.5405],[14.124,46.5346],[14.1185,46.5251],[14.1184,46.5067],[14.1132,46.4976],[14.1158,46.493],[14.1151,46.485],[14.1114,46.4788],[14.1202,46.475],[14.1295,46.4664],[14.1359,46.4551],[14.1357,46.4531],[14.1418,46.4462],[14.1512,46.443],[14.1525,46.4373],[14.1592,46.4342],[14.1766,46.434],[14.1785,46.4367],[14.1791,46.4372],[14.1922,46.4425],[14.1978,46.441],[14.1989,46.4408],[14.2125,46.4399],[14.2148,46.4427],[14.2186,46.443],[14.2195,46.4429],[14.2197,46.4426],[14.224,46.4394],[14.2276,46.4356],[14.2328,46.4335],[14.2437,46.4335],[14.2504,46.4355],[14.2562,46.4389],[14.2641,46.4382],[14.2747,46.4425],[14.2836,46.4434],[14.2989,46.4391],[14.3082,46.4306],[14.3224,46.4313],[14.3228,46.4313],[14.3323,46.4319],[14.3438,46.4372],[14.3442,46.4374],[14.3463,46.437],[14.35,46.4373],[14.35,46.4374],[14.3501,46.4374],[14.3564,46.4386],[14.3619,46.4384],[14.3763,46.4397],[14.3872,46.4408],[14.3926,46.4426],[14.3941,46.4431],[14.4123,46.4455],[14.4124,46.4455],[14.4134,46.4457],[14.4143,46.4458],[14.4168,46.4455],[14.4243,46.4457],[14.4274,46.4464],[14.4345,46.4429],[14.4379,46.4493],[14.4526,46.4565],[14.464,46.4592],[14.4619,46.4706],[14.4654,46.4731],[14.4684,46.4898],[14.4659,46.4946],[14.4831,46.5009],[14.4871,46.5061],[14.4795,46.5129],[14.4596,46.5154],[14.45,46.5187],[14.4558,46.5251],[14.4551,46.5332],[14.4689,46.5406],[14.4696,46.5439],[14.458,46.551],[14.4596,46.561],[14.4567,46.5643],[14.463,46.5693],[14.4743,46.5597],[14.4798,46.5597],[14.4879,46.564],[14.4973,46.5834],[14.5101,46.5959],[14.5212,46.6021],[14.5258,46.6079],[14.5258,46.6142],[14.526,46.6208],[14.5301,46.6211],[14.5255,46.6312],[14.5216,46.633],[14.5128,46.6435],[14.506,46.6487],[14.5156,46.6506],[14.5288,46.6562],[14.5429,46.6562],[14.5347,46.6622],[14.5305,46.6645],[14.5299,46.6647],[14.5294,46.6653],[14.5201,46.6701],[14.5189,46.6701],[14.5167,46.6761],[14.504,46.6799],[14.4974,46.6864],[14.4864,46.6911],[14.4667,46.6879],[14.4706,46.7023],[14.4666,46.7056],[14.4512,46.7073],[14.4484,46.7115],[14.4552,46.7111],[14.4584,46.7146],[14.4516,46.7211],[14.4446,46.7224],[14.4448,46.7289],[14.4387,46.7283],[14.4377,46.7212],[14.4323,46.7299],[14.4272,46.7338],[14.4164,46.7308],[14.4072,46.722],[14.4042,46.723],[14.3908,46.717],[14.3833,46.7255],[14.3747,46.7174],[14.3577,46.7242],[14.3575,46.7107],[14.3424,46.7],[14.3346,46.7075],[14.3222,46.7011],[14.3044,46.6959],[14.3021,46.6933],[14.2949,46.6959],[14.2856,46.6914],[14.2815,46.6864],[14.2972,46.6781],[14.2921,46.6745],[14.3005,46.6709],[14.2931,46.6663],[14.3012,46.6648],[14.305,46.6673],[14.3174,46.6692],[14.3163,46.6639],[14.3231,46.671],[14.3325,46.6754],[14.3563,46.6751],[14.3522,46.6692],[14.3535,46.6626],[14.3607,46.6647],[14.3691,46.6538],[14.3747,46.6536],[14.3711,46.6462],[14.3742,46.6407],[14.3775,46.6439],[14.3994,46.6452],[14.4007,46.6425],[14.4163,46.6402],[14.4102,46.6287],[14.3879,46.6265],[14.3904,46.619],[14.3697,46.6181],[14.3696,46.6181],[14.3547,46.6175],[14.3516,46.6086],[14.3401,46.5995],[14.3278,46.5981],[14.3209,46.5969],[14.323,46.5912],[14.3157,46.5814],[14.3172,46.5768],[14.2949,46.5753],[14.2897,46.5744],[14.2828,46.5834],[14.2665,46.5784],[14.2437,46.5786],[14.2366,46.5877],[14.2419,46.5924],[14.2365,46.5974],[14.2436,46.5997],[14.2396,46.6059],[14.2439,46.6186],[14.2385,46.6224],[14.2416,46.6264],[14.2378,46.6317],[14.226,46.6432],[14.2345,46.6511],[14.2418,46.6546],[14.2225,46.654],[14.2181,46.6574],[14.2197,46.6653],[14.2136,46.6649],[14.212,46.672],[14.2163,46.6771],[14.2162,46.6771],[14.2218,46.6823],[14.2314,46.6967]]]},"properties":{"code":"204"}},
{"type":"Feature","geometry":{"type":"Polygon","coordinates":[[[14.2949,46.6959],[14.3021,46.6933],[14.3044,46.6959],[14.3222,46.7011],[14.3346,46.7075],[14.3424,46.7],[14.3575,46.7107],[14.3577,46.7242],[14.3747,46.7174],[14.3833,46.7255],[14.3908,46.717],[14.4042,46.723],[14.4072,46.722],[14.4164,46.7308],[14.4272,46.7338],[14.4323,46.7299],[14.4377,46.7212],[14.4387,46.7283],[14.4448,46.7289],[14.4446,46.7224],[14.4516,46.7211],[14.4584,46.7146],[14.4552,46.7111],[14.4484,46.7115],[14.4512,46.7073],[14.4666,46.7056],[14.4706,46.7023],[14.4667,46.6879],[14.4864,46.6911],[14.4974,46.6864],[14.5045,46.6918],[14.5003,46.6941],[14.5108,46.702],[14.5094,46.7056],[14.5228,46.709],[14.528,46.7121],[14.5201,46.7182],[14.5303,46.7267],[14.529,46.7349],[14.5362,46.7413],[14.551,46.7329],[14.5583,46.7249],[14.568,46.7192],[14.5728,46.7222],[14.571,46.7281],[14.5762,46.7321],[14.5744,46.7351],[14.5886,46.7391],[14.5994,46.736],[14.6024,46.7401],[14.5954,46.7467],[14.6042,46.746],[14.602,46.7512],[14.5969,46.7505],[14.5924,46.755],[14.5943,46.7616],[14.6064,46.7582],[14.6152,46.7538],[14.6346,46.7504],[14.6328,46.7621],[14.6327,46.7795],[14.635,46.7855],[14.6439,46.7909],[14.6487,46.798],[14.647,46.8061],[14.6537,46.8095],[14.6571,46.8155],[14.6522,46.8257],[14.6497,46.8316],[14.6512,46.8537],[14.6424,46.8616],[14.6407,46.872],[14.6426,46.881],[14.6483,46.8908],[14.6602,46.8953],[14.6738,46.9151],[14.6782,46.9266],[14.6747,46.9305],[14.6729,46.9429],[14.6849,46.9552],[14.6784,46.9609],[14.6649,46.9675],[14.6457,46.9718],[14.6347,46.9778],[14.6231,46.9882],[14.6226,46.9916],[14.6153,46.9979],[14.5928,47.0016],[14.5859,47.0117],[14.5754,47.0127],[14.5506,47.0116],[14.5455,47.0133],[14.5321,47.0117],[14.5256,47.0091],[14.5162,47.0097],[14.5152,47.0142],[14.5032,47.019],[14.5049,47.0265],[14.4969,47.0262],[14.4779,47.0194],[14.4733,47.0086],[14.457,47.0116],[14.4599,47.0018],[14.4565,46.996],[14.4261,46.9968],[14.4206,46.9928],[14.4029,46.9881],[14.3962,46.9807],[14.3859,46.98],[14.3769,46.9981],[14.3785,47.0087],[14.3816,47.0155],[14.3707,47.0199],[14.3634,47.0253],[14.3467,47.026],[14.341,47.0238],[14.3285,47.0298],[14.3188,47.0279],[14.303,47.0289],[14.2881,47.026],[14.2831,47.029],[14.2777,47.0261],[14.2706,47.0294],[14.2648,47.0259],[14.2557,47.0297],[14.2502,47.0347],[14.235,47.0258],[14.2234,47.038],[14.2229,47.0478],[14.2165,47.0617],[14.2049,47.0712],[14.2044,47.0759],[14.1918,47.0716],[14.1839,47.0654],[14.1743,47.0623],[14.1717,47.0578],[14.1616,47.0524],[14.1447,47.0594],[14.1373,47.0592],[14.1335,47.0623],[14.1235,47.0558],[14.1257,47.0454],[14.1188,47.04],[14.1113,47.0409],[14.1018,47.0381],[14.0932,47.0296],[14.0875,47.0287],[14.0751,47.0193],[14.0724,47.0128],[14.0644,47.0087],[14.0499,47.0043],[14.0428,47.004],[14.0278,47.0069],[14.0146,47.0019],[14.0164,46.9876],[14.0057,46.9785],[14.0093,46.9749],[14.0061,46.9705],[13.9923,46.9662],[13.9837,46.9669],[13.9645,46.9631],[13.9538,46.9563],[13.9498,46.9582],[13.9517,46.9426],[13.9467,46.9406],[13.9426,46.9328],[13.9478,46.925],[13.9449,46.9224],[13.955,46.9176],[13.9835,46.9175],[13.9849,46.9114],[13.9929,46.9103],[13.9981,46.897],[13.9966,46.8852],[14.0007,46.8788],[13.9991,46.8645],[14.013,46.8589],[14.0163,46.8543],[14.0208,46.8551],[14.0344,46.8472],[14.0442,46.8484],[14.0495,46.8516],[14.0587,46.8471],[14.0712,46.8475],[14.0779,46.8429],[14.0871,46.8447],[14.0974,46.8371],[14.105,46.8354],[14.103,46.8317],[14.1114,46.836],[14.1163,46.8425],[14.136,46.8523],[14.1373,46.8482],[14.1223,46.8428],[14.1218,46.8402],[14.1298,46.8378],[14.1257,46.8283],[14.1178,46.8162],[14.1088,46.8127],[14.1347,46.8043],[14.1431,46.8117],[14.1596,46.8059],[14.1612,46.799],[14.1678,46.8017],[14.168,46.8016],[14.1734,46.7978],[14.1679,46.7984],[14.1572,46.7905],[14.1596,46.7832],[14.1693,46.7845],[14.171,46.78],[14.1757,46.7813],[14.1832,46.7772],[14.183,46.7819],[14.1883,46.7849],[14.1961,46.7847],[14.2078,46.7788],[14.2082,46.7737],[14.2026,46.7719],[14.2093,46.7673],[14.2051,46.7621],[14.1995,46.7638],[14.1857,46.7605],[14.1825,46.7567],[14.1873,46.7481],[14.2024,46.7514],[14.1999,46.7388],[14.202,46.7363],[14.2121,46.7384],[14.2218,46.738],[14.2267,46.7405],[14.2427,46.7416],[14.2493,46.7386],[14.2513,46.7414],[14.2588,46.7379],[14.2624,46.729],[14.2552,46.7297],[14.2498,46.7265],[14.251,46.7188],[14.2377,46.7127],[14.2385,46.7087],[14.2334,46.7002],[14.2314,46.6967],[14.2433,46.7007],[14.2538,46.697],[14.2731,46.7075],[14.2804,46.7052],[14.2917,46.7059],[14.3047,46.7087],[14.3037,46.7036],[14.2949,46.6959]]]},"properties":{"code":"205"}},
{"type":"Feature","geometry":{"type":"Polygon","coordinates":[[[13.4328,46.6572],[13.4334,46.6723],[13.4302,46.6768],[13.4384,46.6809],[13.4183,46.6871],[13.4212,46.6904],[13.4201,46.6972],[13.4089,46.6977],[13.4091,46.7055],[13.4309,46.7018],[13.4416,46.7023],[13.4407,46.7134],[13.4312,46.7214],[13.4255,46.7235],[13.4226,46.7293],[13.4273,46.7332],[13.4375,46.7359],[13.4332,46.745],[13.4277,46.7478],[13.4423,46.7594],[13.4432,46.7653],[13.4547,46.7696],[13.4588,46.7588],[13.4631,46.7567],[13.4751,46.7576],[13.4803,46.7551],[13.4928,46.7547],[13.5059,46.7459],[13.5089,46.7456],[13.5328,46.7537],[13.5333,46.7501],[13.5407,46.7565],[13.5557,46.7514],[13.5574,46.7541],[13.5671,46.7526],[13.5876,46.744],[13.5961,46.7513],[13.6049,46.7508],[13.6165,46.7587],[13.6038,46.7652],[13.6076,46.7713],[13.6191,46.7764],[13.6489,46.7677],[13.6582,46.7726],[13.6626,46.7815],[13.6683,46.7832],[13.6717,46.7882],[13.6805,46.7946],[13.6997,46.792],[13.7098,46.7887],[13.7139,46.7915],[13.7267,46.7864],[13.7351,46.7864],[13.7437,46.7903],[13.7547,46.7889],[13.7581,46.7855],[13.7671,46.7881],[13.7721,46.7933],[13.7841,46.7919],[13.7902,46.7891],[13.8006,46.7899],[13.817,46.7866],[13.8278,46.7827],[13.8332,46.7916],[13.8441,46.7976],[13.8389,46.8121],[13.8417,46.8153],[13.8425,46.824],[13.8462,46.8312],[13.8432,46.8349],[13.8346,46.8379],[13.8434,46.8436],[13.8379,46.8487],[13.8296,46.8511],[13.8291,46.8543],[13.8145,46.8529],[13.8105,46.8547],[13.8165,46.8603],[13.8162,46.8686],[13.7931,46.8774],[13.788,46.8815],[13.7968,46.8936],[13.7977,46.9028],[13.7941,46.9093],[13.7968,46.9147],[13.8093,46.9189],[13.8154,46.9185],[13.8102,46.9255],[13.8004,46.9296],[13.7925,46.9363],[13.7848,46.9376],[13.7847,46.9439],[13.7789,46.9448],[13.7744,46.9526],[13.7781,46.9555],[13.7736,46.9621],[13.7744,46.9686],[13.7718,46.977],[13.7669,46.9807],[13.7586,46.9823],[13.7584,46.9892],[13.7447,46.9939],[13.7337,46.9892],[13.706,46.9959],[13.7021,47.0019],[13.6937,47.0061],[13.6912,47.0194],[13.6875,47.0291],[13.6955,47.0333],[13.6933,47.0402],[13.6641,47.0395],[13.6455,47.0403],[13.6376,47.0555],[13.6157,47.0591],[13.6114,47.057],[13.5958,47.0545],[13.5942,47.056],[13.5808,47.052],[13.5586,47.056],[13.5381,47.0638],[13.5315,47.0643],[13.5217,47.0685],[13.5031,47.0701],[13.5019,47.0719],[13.4885,47.0736],[13.4831,47.076],[13.4616,47.0787],[13.458,47.0803],[13.439,47.0779],[13.4277,47.0814],[13.4172,47.0775],[13.4064,47.0692],[13.3983,47.0704],[13.3821,47.0803],[13.3815,47.0852],[13.3814,47.0853],[13.3815,47.086],[13.3775,47.0935],[13.3774,47.0935],[13.3618,47.0989],[13.355,47.0972],[13.3549,47.0972],[13.3545,47.0971],[13.3326,47.0956],[13.3101,47.0861],[13.2999,47.0878],[13.2901,47.0944],[13.2773,47.0952],[13.2685,47.0917],[13.2498,47.0875],[13.2455,47.0786],[13.2394,47.0715],[13.2455,47.0679],[13.2481,47.0506],[13.2147,47.0441],[13.197,47.0426],[13.1846,47.0437],[13.1764,47.0409],[13.1677,47.0408],[13.162,47.037],[13.1467,47.035],[13.1338,47.0349],[13.127,47.0271],[13.1122,47.0255],[13.0956,47.0254],[13.0893,47.0277],[13.0803,47.0268],[13.0798,47.0203],[13.073,47.0134],[13.0578,47.0176],[13.0491,47.0224],[13.0449,47.0215],[13.0333,47.0271],[13.0199,47.0302],[13.0212,47.0393],[13.0179,47.0415],[13.0031,47.0439],[12.9955,47.0385],[12.9854,47.0356],[12.9826,47.0384],[12.9648,47.039],[12.9569,47.0432],[12.953,47.0493],[12.9556,47.0542],[12.9432,47.0592],[12.943,47.0637],[12.9364,47.0731],[12.9375,47.0762],[12.9193,47.0816],[12.8925,47.0813],[12.8851,47.0846],[12.8709,47.0863],[12.8597,47.0807],[12.8368,47.0828],[12.8318,47.0906],[12.8246,47.0928],[12.8203,47.0977],[12.8048,47.098],[12.795,47.0929],[12.7838,47.0925],[12.7728,47.1009],[12.7563,47.0977],[12.7389,47.1003],[12.7331,47.1044],[12.7357,47.1115],[12.7309,47.131],[12.7254,47.1313],[12.7147,47.1278],[12.7042,47.1218],[12.689,47.1243],[12.6723,47.1207],[12.6672,47.1217],[12.6682,47.1139],[12.673,47.1093],[12.6568,47.0995],[12.6686,47.0914],[12.6744,47.091],[12.6809,47.084],[12.7013,47.0706],[12.7105,47.0484],[12.717,47.0435],[12.7427,47.0418],[12.7579,47.0458],[12.7659,47.0444],[12.7723,47.0402],[12.7561,47.0335],[12.7549,47.0249],[12.7478,47.0211],[12.7423,47.0145],[12.7358,47.013],[12.7375,47.0039],[12.7246,46.9958],[12.7259,46.9924],[12.7363,46.9829],[12.744,46.9675],[12.7446,46.9605],[12.7505,46.9567],[12.7596,46.9566],[12.7696,46.9448],[12.7802,46.9401],[12.7864,46.9396],[12.7829,46.9319],[12.7993,46.9234],[12.812,46.9229],[12.8371,46.9125],[12.8384,46.9099],[12.832,46.8998],[12.8413,46.8899],[12.8436,46.8734],[12.8412,46.861],[12.8718,46.8485],[12.8766,46.8445],[12.8865,46.8425],[12.8939,46.8322],[12.892,46.8297],[12.8979,46.8245],[12.9141,46.8214],[12.9244,46.8143],[12.9341,46.8112],[12.956,46.8],[12.9635,46.7987],[12.9658,46.7877],[12.953,46.782],[12.9467,46.7765],[12.9458,46.7709],[12.9314,46.764],[12.9163,46.7671],[12.9105,46.7723],[12.8994,46.7769],[12.8767,46.7626],[12.8568,46.7602],[12.8412,46.7493],[12.8432,46.7421],[12.857,46.7413],[12.8641,46.7387],[12.878,46.7374],[12.8697,46.7272],[12.8714,46.7242],[12.8807,46.7228],[12.8893,46.7184],[12.903,46.7278],[12.9116,46.7213],[12.9223,46.7218],[12.9469,46.7255],[12.9651,46.7243],[12.9793,46.7201],[12.9901,46.7121],[12.998,46.7094],[13.0127,46.7088],[13.0265,46.7067],[13.037,46.7011],[13.0466,46.7017],[13.0846,46.701],[13.0942,46.6985],[13.1022,46.6846],[13.1125,46.6832],[13.1431,46.6847],[13.1582,46.6873],[13.1774,46.6929],[13.1995,46.6956],[13.206,46.6947],[13.2113,46.6987],[13.2147,46.7058],[13.2221,46.7044],[13.2237,46.7134],[13.2343,46.712],[13.2457,46.7141],[13.256,46.7076],[13.272,46.7012],[13.2879,46.6908],[13.2952,46.6931],[13.2973,46.6967],[13.3063,46.6982],[13.3139,46.6957],[13.3268,46.6828],[13.3405,46.6809],[13.3605,46.6721],[13.3713,46.6743],[13.3817,46.6712],[13.3917,46.6643],[13.3996,46.6637],[13.4013,46.6592],[13.4096,46.6551],[13.4328,46.6572]]]},"properties":{"code":"206"}},
{"type":"Feature","geometry":{"type":"Polygon","coordinates":[[[13.9532,46.6659],[13.9593,46.675],[13.9553,46.6753],[13.9383,46.683],[13.9376,46.6878],[13.925,46.6884],[13.9203,46.6958],[13.9304,46.7041],[13.9368,46.7028],[13.9429,46.707],[13.9532,46.7087],[13.9608,46.7159],[13.9559,46.7189],[13.9592,46.7252],[13.9547,46.7288],[13.9564,46.7345],[13.9531,46.7382],[13.9468,46.735],[13.9481,46.7481],[13.938,46.7564],[13.9247,46.7566],[13.9235,46.7641],[13.9101,46.7653],[13.8951,46.7647],[13.8828,46.7589],[13.8772,46.7601],[13.8565,46.7799],[13.8293,46.7782],[13.8278,46.7827],[13.817,46.7866],[13.8006,46.7899],[13.7902,46.7891],[13.7841,46.7919],[13.7721,46.7933],[13.7671,46.7881],[13.7581,46.7855],[13.7547,46.7889],[13.7437,46.7903],[13.7351,46.7864],[13.7267,46.7864],[13.7139,46.7915],[13.7098,46.7887],[13.6997,46.792],[13.6805,46.7946],[13.6717,46.7882],[13.6683,46.7832],[13.6626,46.7815],[13.6582,46.7726],[13.6489,46.7677],[13.6191,46.7764],[13.6076,46.7713],[13.6038,46.7652],[13.6165,46.7587],[13.6049,46.7508],[13.5961,46.7513],[13.5876,46.744],[13.5671,46.7526],[13.5574,46.7541],[13.5557,46.7514],[13.5407,46.7565],[13.5333,46.7501],[13.5328,46.7537],[13.5089,46.7456],[13.5059,46.7459],[13.4928,46.7547],[13.4803,46.7551],[13.4751,46.7576],[13.4631,46.7567],[13.4588,46.7588],[13.4547,46.7696],[13.4432,46.7653],[13.4423,46.7594],[13.4277,46.7478],[13.4332,46.745],[13.4375,46.7359],[13.4273,46.7332],[13.4226,46.7293],[13.4255,46.7235],[13.4312,46.7214],[13.4407,46.7134],[13.4416,46.7023],[13.4309,46.7018],[13.4091,46.7055],[13.4089,46.6977],[13.4201,46.6972],[13.4212,46.6904],[13.4183,46.6871],[13.4384,46.6809],[13.4302,46.6768],[13.4334,46.6723],[13.4328,46.6572],[13.4417,46.6541],[13.4488,46.6573],[13.465,46.656],[13.4644,46.663],[13.474,46.6681],[13.4797,46.6683],[13.4968,46.6606],[13.5063,46.6537],[13.5173,46.6548],[13.525,46.6523],[13.536,46.6563],[13.5641,46.6534],[13.5724,46.657],[13.5775,46.6532],[13.573,46.6468],[13.5743,46.6417],[13.5542,46.6309],[13.545,46.6341],[13.5434,46.6213],[13.5494,46.6175],[13.5479,46.6121],[13.5574,46.6082],[13.5655,46.5996],[13.5463,46.5773],[13.5345,46.5743],[13.5221,46.5686],[13.5043,46.5663],[13.5072,46.5587],[13.5149,46.5486],[13.5202,46.5469],[13.5337,46.5494],[13.5392,46.5529],[13.547,46.5535],[13.5637,46.5511],[13.5692,46.5451],[13.5709,46.5389],[13.5835,46.5401],[13.5872,46.5446],[13.5974,46.5457],[13.6011,46.5431],[13.6279,46.5413],[13.6346,46.5369],[13.6667,46.5268],[13.6731,46.5231],[13.691,46.521],[13.6983,46.5233],[13.7053,46.521],[13.7215,46.5235],[13.7374,46.5171],[13.7543,46.518],[13.7653,46.5147],[13.7787,46.5171],[13.7801,46.5121],[13.7947,46.5053],[13.8115,46.506],[13.8335,46.5186],[13.8379,46.516],[13.8555,46.5139],[13.8714,46.5192],[13.8796,46.5195],[13.882,46.5228],[13.8941,46.5204],[13.9014,46.5188],[13.9113,46.5211],[13.9231,46.5187],[13.9273,46.5141],[13.9444,46.5108],[13.9695,46.497],[13.9756,46.4983],[13.9888,46.4929],[13.9895,46.4883],[13.9979,46.487],[14.0064,46.4814],[14.0209,46.4816],[14.032,46.4894],[14.0406,46.493],[14.0516,46.4931],[14.0682,46.4878],[14.0947,46.4849],[14.1019,46.4789],[14.1114,46.4788],[14.1151,46.485],[14.1158,46.493],[14.1132,46.4976],[14.1184,46.5067],[14.1185,46.5251],[14.124,46.5346],[14.1023,46.5405],[14.0932,46.5372],[14.0916,46.5435],[14.0844,46.5498],[14.0903,46.5559],[14.0923,46.5597],[14.0865,46.5623],[14.0825,46.564],[14.0757,46.5731],[14.0692,46.5747],[14.0604,46.5816],[14.0631,46.5845],[14.0571,46.587],[14.0562,46.5914],[14.0484,46.5914],[14.0527,46.5956],[14.0794,46.6008],[14.0758,46.608],[14.0775,46.6123],[14.0698,46.6161],[14.0712,46.6237],[14.0571,46.6245],[14.0565,46.6322],[14.0625,46.6362],[14.0577,46.6374],[14.0537,46.6452],[14.052,46.6612],[14.0497,46.6647],[14.0324,46.664],[14.0112,46.6654],[13.9855,46.6552],[13.9627,46.653],[13.9553,46.6546],[13.9359,46.6467],[13.9268,46.6472],[13.9219,46.6448],[13.9315,46.6336],[13.9231,46.6247],[13.9274,46.6197],[13.9258,46.6121],[13.9319,46.6115],[13.9468,46.601],[13.9531,46.5947],[13.9597,46.5923],[13.9784,46.5938],[13.9779,46.5908],[13.962,46.589],[13.9598,46.583],[13.9495,46.5833],[13.9481,46.5856],[13.939,46.582],[13.94,46.5772],[13.9192,46.5794],[13.9076,46.579],[13.9024,46.5821],[13.8967,46.5804],[13.8871,46.5816],[13.8819,46.5857],[13.87,46.5848],[13.8467,46.5789],[13.8388,46.579],[13.8435,46.5745],[13.8426,46.5708],[13.8073,46.5683],[13.7932,46.5681],[13.7867,46.5618],[13.7691,46.5585],[13.7631,46.5595],[13.7568,46.5658],[13.7518,46.5624],[13.7451,46.5657],[13.7425,46.5737],[13.7459,46.5889],[13.7329,46.5924],[13.7231,46.5887],[13.7138,46.5917],[13.7115,46.5967],[13.6967,46.6042],[13.6937,46.6074],[13.7079,46.6106],[13.7219,46.6111],[13.7294,46.6132],[13.7281,46.6219],[13.7447,46.6236],[13.7625,46.6313],[13.7639,46.635],[13.7772,46.6349],[13.7917,46.6329],[13.7958,46.6408],[13.8004,46.6443],[13.7955,46.6506],[13.7999,46.6623],[13.8083,46.6681],[13.8172,46.6639],[13.8249,46.6651],[13.8415,46.6525],[13.8532,46.6493],[13.8641,46.6519],[13.879,46.648],[13.8856,46.6513],[13.8908,46.6492],[13.9045,46.6563],[13.9247,46.6578],[13.936,46.6618],[13.9532,46.6659]]]},"properties":{"code":"207"}},
{"type":"Feature","geometry":{"type":"Polygon","coordinates":[[[14.4345,46.4429],[14.4384,46.4417],[14.4321,46.4394],[14.4313,46.4342],[14.4423,46.4276],[14.4426,46.4231],[14.4574,46.4211],[14.4669,46.422],[14.4779,46.4186],[14.4783,46.4139],[14.4844,46.4154],[14.4922,46.4129],[14.4975,46.4189],[14.5101,46.426],[14.5218,46.4273],[14.5221,46.4238],[14.5321,46.4146],[14.5399,46.4116],[14.5421,46.4036],[14.5503,46.3966],[14.5568,46.3852],[14.5559,46.3793],[14.5611,46.3741],[14.5762,46.3761],[14.5812,46.3807],[14.5812,46.3864],[14.5876,46.3964],[14.5866,46.4042],[14.5886,46.4144],[14.5833,46.4159],[14.5863,46.4296],[14.5963,46.434],[14.596,46.4368],[14.6047,46.4369],[14.6095,46.4395],[14.6315,46.4395],[14.6409,46.443],[14.6597,46.4445],[14.6666,46.45],[14.6748,46.4507],[14.6793,46.4578],[14.6757,46.4615],[14.6832,46.4679],[14.6866,46.4654],[14.6993,46.4636],[14.7024,46.4673],[14.6976,46.4745],[14.7021,46.4804],[14.7089,46.4807],[14.7147,46.4999],[14.7219,46.4982],[14.7284,46.4904],[14.7413,46.5052],[14.7483,46.4976],[14.7591,46.5044],[14.7768,46.5046],[14.7844,46.4995],[14.806,46.5076],[14.8186,46.5094],[14.8176,46.5221],[14.8252,46.53],[14.8229,46.5356],[14.8318,46.5393],[14.823,46.5432],[14.8381,46.5587],[14.8346,46.5629],[14.8437,46.577],[14.8518,46.5817],[14.858,46.5931],[14.8648,46.5933],[14.8671,46.6045],[14.8787,46.6083],[14.8797,46.6113],[14.8898,46.6127],[14.9002,46.6095],[14.9052,46.6052],[14.9137,46.6063],[14.9189,46.6019],[14.923,46.6032],[14.9206,46.6175],[14.9239,46.6204],[14.9312,46.6153],[14.9398,46.6196],[14.9557,46.6327],[14.9448,46.638],[14.9366,46.6446],[14.9199,46.654],[14.8943,46.6513],[14.8887,46.6479],[14.8828,46.6486],[14.8737,46.6544],[14.8685,46.6614],[14.8544,46.6677],[14.8602,46.6734],[14.86,46.678],[14.8486,46.6775],[14.8402,46.674],[14.8316,46.6734],[14.8062,46.6758],[14.8023,46.6814],[14.8024,46.6909],[14.7969,46.6931],[14.7875,46.7015],[14.7815,46.703],[14.771,46.7136],[14.7605,46.7172],[14.7615,46.7202],[14.7539,46.7313],[14.7606,46.7405],[14.7559,46.7439],[14.7597,46.7479],[14.758,46.7554],[14.7524,46.7617],[14.7402,46.7622],[14.732,46.7672],[14.7297,46.7772],[14.7162,46.7848],[14.7142,46.7908],[14.7073,46.7955],[14.6965,46.7982],[14.6911,46.8071],[14.6837,46.8124],[14.6561,46.8214],[14.6522,46.8257],[14.6571,46.8155],[14.6537,46.8095],[14.647,46.8061],[14.6487,46.798],[14.6439,46.7909],[14.635,46.7855],[14.6327,46.7795],[14.6328,46.7621],[14.6346,46.7504],[14.6152,46.7538],[14.6064,46.7582],[14.5943,46.7616],[14.5924,46.755],[14.5969,46.7505],[14.602,46.7512],[14.6042,46.746],[14.5954,46.7467],[14.6024,46.7401],[14.5994,46.736],[14.5886,46.7391],[14.5744,46.7351],[14.5762,46.7321],[14.571,46.7281],[14.5728,46.7222],[14.568,46.7192],[14.5583,46.7249],[14.551,46.7329],[14.5362,46.7413],[14.529,46.7349],[14.5303,46.7267],[14.5201,46.7182],[14.528,46.7121],[14.5228,46.709],[14.5094,46.7056],[14.5108,46.702],[14.5003,46.6941],[14.5045,46.6918],[14.4974,46.6864],[14.504,46.6799],[14.5167,46.6761],[14.5189,46.6701],[14.5201,46.6701],[14.5294,46.6653],[14.5299,46.6647],[14.5305,46.6645],[14.5347,46.6622],[14.5429,46.6562],[14.5288,46.6562],[14.5156,46.6506],[14.506,46.6487],[14.5128,46.6435],[14.5216,46.633],[14.5255,46.6312],[14.5301,46.6211],[14.526,46.6208],[14.5258,46.6142],[14.5258,46.6079],[14.5212,46.6021],[14.5101,46.5959],[14.4973,46.5834],[14.4879,46.564],[14.4798,46.5597],[14.4743,46.5597],[14.463,46.5693],[14.4567,46.5643],[14.4596,46.561],[14.458,46.551],[14.4696,46.5439],[14.4689,46.5406],[14.4551,46.5332],[14.4558,46.5251],[14.45,46.5187],[14.4596,46.5154],[14.4795,46.5129],[14.4871,46.5061],[14.4831,46.5009],[14.4659,46.4946],[14.4684,46.4898],[14.4654,46.4731],[14.4619,46.4706],[14.464,46.4592],[14.4526,46.4565],[14.4379,46.4493],[14.4345,46.4429]]]},"properties":{"code":"208"}},
{"type":"Feature","geometry":{"type":"Polygon","coordinates":[[[14.6522,46.8257],[14.6561,46.8214],[14.6837,46.8124],[14.6911,46.8071],[14.6965,46.7982],[14.7073,46.7955],[14.7142,46.7908],[14.7162,46.7848],[14.7297,46.7772],[14.732,46.7672],[14.7402,46.7622],[14.7524,46.7617],[14.758,46.7554],[14.7597,46.7479],[14.7559,46.7439],[14.7606,46.7405],[14.7539,46.7313],[14.7615,46.7202],[14.7605,46.7172],[14.771,46.7136],[14.7815,46.703],[14.7875,46.7015],[14.7969,46.6931],[14.8024,46.6909],[14.8023,46.6814],[14.8062,46.6758],[14.8316,46.6734],[14.8402,46.674],[14.8486,46.6775],[14.86,46.678],[14.8602,46.6734],[14.8544,46.6677],[14.8685,46.6614],[14.8737,46.6544],[14.8828,46.6486],[14.8887,46.6479],[14.8943,46.6513],[14.9199,46.654],[14.9366,46.6446],[14.9448,46.638],[14.9557,46.6327],[14.967,46.6279],[14.9716,46.623],[14.9746,46.6089],[14.9794,46.6014],[14.9949,46.6138],[14.9947,46.6213],[15.0118,46.6348],[15.0162,46.6408],[15.0301,46.6452],[15.034,46.6489],[15.044,46.6521],[15.0651,46.6521],[15.064,46.6581],[15.0539,46.6617],[15.0492,46.6662],[15.0507,46.6701],[15.0343,46.666],[15.0245,46.6697],[15.025,46.6762],[15.0305,46.678],[15.0344,46.6944],[15.0345,46.7058],[15.0444,46.7147],[15.0427,46.7234],[15.0359,46.7283],[15.0446,46.733],[15.0384,46.7366],[15.0315,46.7457],[15.0336,46.7498],[15.0272,46.7594],[15.0308,46.7689],[15.0267,46.7723],[15.0173,46.7736],[14.9976,46.7788],[14.9967,46.7808],[14.9839,46.7817],[14.9763,46.7848],[14.982,46.8061],[14.9877,46.8094],[14.9904,46.8224],[14.9954,46.8275],[15.0134,46.8332],[15.0196,46.8443],[15.01,46.8545],[15.0084,46.8614],[15.0106,46.872],[15.0082,46.8799],[15.0149,46.8808],[15.0239,46.8995],[15.027,46.9097],[15.0201,46.916],[15.0171,46.9227],[15.0063,46.9301],[14.9987,46.9324],[14.9923,46.9386],[14.9857,46.9532],[14.9797,46.9577],[14.979,46.9636],[14.9725,46.9688],[14.9666,46.9822],[14.9581,46.9889],[14.9493,46.993],[14.9389,46.9929],[14.9039,47.0003],[14.8863,47.0103],[14.8819,47.0162],[14.8732,47.0225],[14.8562,47.0253],[14.8404,47.0384],[14.8445,47.0481],[14.8305,47.0496],[14.8142,47.0408],[14.7828,47.0374],[14.7737,47.0394],[14.7322,47.0267],[14.7269,47.0224],[14.7291,47.016],[14.7228,47.0206],[14.7161,47.0182],[14.704,47.0199],[14.6987,47.0163],[14.69,47.0189],[14.6796,47.0176],[14.6647,47.0183],[14.6501,47.0141],[14.6388,47.0148],[14.6248,47.0121],[14.6153,46.9979],[14.6226,46.9916],[14.6231,46.9882],[14.6347,46.9778],[14.6457,46.9718],[14.6649,46.9675],[14.6784,46.9609],[14.6849,46.9552],[14.6729,46.9429],[14.6747,46.9305],[14.6782,46.9266],[14.6738,46.9151],[14.6602,46.8953],[14.6483,46.8908],[14.6426,46.881],[14.6407,46.872],[14.6424,46.8616],[14.6512,46.8537],[14.6497,46.8316],[14.6522,46.8257]]]},"properties":{"code":"209"}},
{"type":"Feature","geometry":{"type":"Polygon","coordinates":[[[13.9268,46.6472],[13.9359,46.6467],[13.9553,46.6546],[13.9627,46.653],[13.9855,46.6552],[14.0112,46.6654],[14.0324,46.664],[14.0497,46.6647],[14.052,46.6612],[14.0612,46.6661],[14.076,46.6723],[14.0872,46.6768],[14.0946,46.6757],[14.0981,46.6722],[14.1121,46.6748],[14.1192,46.6731],[14.1292,46.6745],[14.1325,46.6798],[14.142,46.687],[14.1568,46.6781],[14.1679,46.6805],[14.175,46.6865],[14.1781,46.6939],[14.183,46.6942],[14.1859,46.7008],[14.1919,46.7002],[14.1971,46.7042],[14.1989,46.6986],[14.2063,46.7006],[14.2177,46.6997],[14.2271,46.6964],[14.2334,46.7002],[14.2385,46.7087],[14.2377,46.7127],[14.251,46.7188],[14.2498,46.7265],[14.2552,46.7297],[14.2624,46.729],[14.2588,46.7379],[14.2513,46.7414],[14.2493,46.7386],[14.2427,46.7416],[14.2267,46.7405],[14.2218,46.738],[14.2121,46.7384],[14.202,46.7363],[14.1999,46.7388],[14.2024,46.7514],[14.1873,46.7481],[14.1825,46.7567],[14.1857,46.7605],[14.1995,46.7638],[14.2051,46.7621],[14.2093,46.7673],[14.2026,46.7719],[14.2082,46.7737],[14.2078,46.7788],[14.1961,46.7847],[14.1883,46.7849],[14.183,46.7819],[14.1832,46.7772],[14.1757,46.7813],[14.171,46.78],[14.1693,46.7845],[14.1596,46.7832],[14.1572,46.7905],[14.1679,46.7984],[14.1734,46.7978],[14.168,46.8016],[14.1678,46.8017],[14.1612,46.799],[14.1596,46.8059],[14.1431,46.8117],[14.1347,46.8043],[14.1088,46.8127],[14.1178,46.8162],[14.1257,46.8283],[14.1298,46.8378],[14.1218,46.8402],[14.1223,46.8428],[14.1373,46.8482],[14.136,46.8523],[14.1163,46.8425],[14.1114,46.836],[14.103,46.8317],[14.105,46.8354],[14.0974,46.8371],[14.0871,46.8447],[14.0779,46.8429],[14.0712,46.8475],[14.0587,46.8471],[14.0495,46.8516],[14.0442,46.8484],[14.0344,46.8472],[14.0208,46.8551],[14.0163,46.8543],[14.013,46.8589],[13.9991,46.8645],[14.0007,46.8788],[13.9966,46.8852],[13.9981,46.897],[13.9929,46.9103],[13.9849,46.9114],[13.9835,46.9175],[13.955,46.9176],[13.9449,46.9224],[13.9478,46.925],[13.9426,46.9328],[13.9467,46.9406],[13.9344,46.9456],[13.9187,46.9398],[13.9112,46.933],[13.8998,46.9337],[13.897,46.9274],[13.8884,46.9252],[13.8819,46.9178],[13.8704,46.9177],[13.866,46.9201],[13.8561,46.9173],[13.8497,46.9095],[13.8349,46.915],[13.8288,46.9132],[13.8154,46.9185],[13.8093,46.9189],[13.7968,46.9147],[13.7941,46.9093],[13.7977,46.9028],[13.7968,46.8936],[13.788,46.8815],[13.7931,46.8774],[13.8162,46.8686],[13.8165,46.8603],[13.8105,46.8547],[13.8145,46.8529],[13.8291,46.8543],[13.8296,46.8511],[13.8379,46.8487],[13.8434,46.8436],[13.8346,46.8379],[13.8432,46.8349],[13.8462,46.8312],[13.8425,46.824],[13.8417,46.8153],[13.8389,46.8121],[13.8441,46.7976],[13.8332,46.7916],[13.8278,46.7827],[13.8293,46.7782],[13.8565,46.7799],[13.8772,46.7601],[13.8828,46.7589],[13.8951,46.7647],[13.9101,46.7653],[13.9235,46.7641],[13.9247,46.7566],[13.938,46.7564],[13.9481,46.7481],[13.9468,46.735],[13.9531,46.7382],[13.9564,46.7345],[13.9547,46.7288],[13.9592,46.7252],[13.9559,46.7189],[13.9608,46.7159],[13.9532,46.7087],[13.9429,46.707],[13.9368,46.7028],[13.9304,46.7041],[13.9203,46.6958],[13.925,46.6884],[13.9376,46.6878],[13.9383,46.683],[13.9553,46.6753],[13.9593,46.675],[13.9532,46.6659],[13.9456,46.6565],[13.945,46.6526],[13.9383,46.6499],[13.9246,46.6492],[13.9268,46.6472]]]},"properties":{"code":"210"}},
{"type":"Feature","geometry":{"type":"Polygon","coordinates":[[[15.5833,48.4362],[15.581,48.4342],[15.5499,48.4361],[15.5372,48.4393],[15.5257,48.4363],[15.5311,48.4298],[15.5354,48.4293],[15.5319,48.4217],[15.5339,48.4195],[15.525,48.4163],[15.5309,48.4106],[15.5449,48.4093],[15.5479,48.4131],[15.5591,48.4087],[15.5569,48.4037],[15.5616,48.3991],[15.5571,48.3942],[15.5594,48.3913],[15.5725,48.3969],[15.5864,48.4009],[15.634,48.4046],[15.6366,48.3972],[15.6352,48.3923],[15.6284,48.3868],[15.6291,48.3818],[15.6388,48.379],[15.6334,48.3726],[15.6398,48.3722],[15.6509,48.376],[15.6671,48.374],[15.6667,48.3685],[15.6805,48.3706],[15.6932,48.3683],[15.6956,48.3712],[15.7039,48.3704],[15.7091,48.3732],[15.7216,48.3732],[15.7286,48.3758],[15.7253,48.3788],[15.7173,48.3846],[15.7,48.3881],[15.6928,48.3859],[15.6843,48.39],[15.6758,48.3909],[15.6705,48.3967],[15.6678,48.4042],[15.6717,48.4096],[15.6578,48.4073],[15.6526,48.4138],[15.6428,48.4156],[15.6404,48.4197],[15.6376,48.4356],[15.6377,48.4432],[15.6458,48.4434],[15.6457,48.4508],[15.6301,48.4494],[15.6196,48.4417],[15.614,48.4435],[15.6147,48.4387],[15.5988,48.4411],[15.5947,48.4432],[15.5837,48.4368],[15.5833,48.4362]]]},"properties":{"code":"301"}},
{"type":"Feature","geometry":{"type":"Polygon","coordinates":[[[15.5946,48.126],[15.6014,48.1232],[15.6178,48.1236],[15.6411,48.1186],[15.642,48.1223],[15.6495,48.1226],[15.6533,48.1267],[15.6489,48.129],[15.6551,48.1332],[15.655,48.1429],[15.6487,48.1437],[15.6546,48.1514],[15.6494,48.1539],[15.6437,48.1568],[15.6417,48.167],[15.6449,48.1685],[15.6456,48.1757],[15.6656,48.1808],[15.6662,48.1897],[15.6634,48.1902],[15.6697,48.1982],[15.6765,48.1995],[15.6926,48.1967],[15.6948,48.205],[15.7017,48.2079],[15.7213,48.2094],[15.7256,48.2162],[15.7318,48.2196],[15.7334,48.2281],[15.7368,48.23],[15.7263,48.2495],[15.7275,48.2542],[15.7336,48.2564],[15.7326,48.2605],[15.7392,48.2622],[15.7362,48.2664],[15.7167,48.2628],[15.7076,48.2683],[15.7039,48.2637],[15.6963,48.2616],[15.6717,48.2626],[15.6718,48.259],[15.663,48.251],[15.6626,48.2425],[15.6511,48.2448],[15.6378,48.248],[15.6271,48.2388],[15.6183,48.2385],[15.6121,48.2358],[15.6135,48.2324],[15.6044,48.2332],[15.5923,48.2294],[15.5858,48.2319],[15.5792,48.223],[15.5829,48.2183],[15.5753,48.2119],[15.5774,48.1986],[15.574,48.1968],[15.5745,48.1903],[15.5617,48.1871],[15.5613,48.1823],[15.556,48.1821],[15.5565,48.1739],[15.5623,48.1696],[15.5589,48.1663],[15.5648,48.1627],[15.5703,48.1637],[15.5698,48.1678],[15.5902,48.166],[15.5928,48.1491],[15.5869,48.1486],[15.5784,48.1441],[15.5805,48.1385],[15.579,48.132],[15.5904,48.1258],[15.5946,48.126]]]},"properties":{"code":"302"}},
{"type":"Feature","geometry":{"type":"Polygon","coordinates":[[[14.6663,47.9389],[14.6856,47.9291],[14.7038,47.9256],[14.709,47.9318],[14.7279,47.935],[14.7292,47.9243],[14.7435,47.9174],[14.7479,47.9094],[14.7536,47.9063],[14.7597,47.9002],[14.7587,47.8968],[14.7668,47.8906],[14.7719,47.883],[14.7695,47.8796],[14.7869,47.8816],[14.8058,47.8938],[14.8085,47.8979],[14.8218,47.899],[14.8196,47.9087],[14.8278,47.9138],[14.8343,47.9097],[14.8333,47.9184],[14.8368,47.9215],[14.8278,47.9258],[14.8254,47.9378],[14.8204,47.9467],[14.8216,47.954],[14.8308,47.9683],[14.8504,47.971],[14.857,47.9691],[14.8633,47.9717],[14.8727,47.9712],[14.8839,47.9767],[14.8981,47.9787],[14.9158,47.9741],[14.9206,47.9742],[14.9256,47.9827],[14.9317,47.9816],[14.9258,47.9876],[14.914,47.99],[14.9178,47.987],[14.9087,47.9847],[14.8991,47.9871],[14.9021,47.9913],[14.8918,47.9924],[14.8831,47.9996],[14.9036,48.0052],[14.9019,48.0111],[14.8962,48.0135],[14.8849,48.0134],[14.8918,48.0099],[14.8726,48.0111],[14.8732,48.0146],[14.8746,48.0171],[14.8598,48.0231],[14.8596,48.0231],[14.8602,48.0129],[14.8472,48.0113],[14.8408,48.0129],[14.8283,48.0039],[14.8193,48.0002],[14.8158,47.9937],[14.7804,47.9883],[14.7734,47.9833],[14.7597,47.9842],[14.7523,47.9848],[14.7426,47.9816],[14.737,47.9865],[14.7363,47.9928],[14.7293,47.9981],[14.7225,47.9964],[14.7128,48.0014],[14.6945,47.994],[14.6943,47.9902],[14.6848,47.9916],[14.6935,47.9849],[14.6889,47.9793],[14.6683,47.9747],[14.6606,47.9719],[14.6601,47.9675],[14.6697,47.9637],[14.6613,47.9541],[14.6642,47.9439],[14.6594,47.9416],[14.6491,47.9421],[14.6663,47.9389]]]},"properties":{"code":"303"}},
{"type":"Feature","geometry":{"type":"Polygon","coordinates":[[[16.2859,47.8115],[16.2818,47.8184],[16.2825,47.8233],[16.2678,47.8292],[16.2677,47.8314],[16.2828,47.8392],[16.2763,47.8531],[16.2722,47.8544],[16.2708,47.8445],[16.2217,47.8472],[16.2236,47.8716],[16.2097,47.8682],[16.2096,47.8682],[16.204,47.8624],[16.208,47.858],[16.2041,47.8493],[16.1984,47.8521],[16.192,47.8447],[16.189,47.8343],[16.1953,47.8327],[16.1964,47.8276],[16.2104,47.8243],[16.2027,47.8224],[16.1973,47.808],[16.1909,47.8072],[16.1877,47.7786],[16.1836,47.7709],[16.1783,47.7739],[16.1547,47.7615],[16.1465,47.7552],[16.1607,47.7427],[16.1748,47.7474],[16.1833,47.7565],[16.1962,47.7501],[16.2071,47.7486],[16.2153,47.7511],[16.2204,47.7682],[16.2251,47.7757],[16.2416,47.7737],[16.2442,47.7812],[16.2453,47.7931],[16.2508,47.7939],[16.2687,47.7911],[16.2688,47.7958],[16.2773,47.8098],[16.2859,47.8115]]]},"properties":{"code":"304"}},
{"type":"Feature","geometry":{"type":"MultiPolygon","coordinates":[[[[14.8598,48.0231],[14.8699,48.0247],[14.8777,48.0224],[14.8901,48.0255],[14.8895,48.0201],[14.9021,48.0208],[14.899,48.0319],[14.9121,48.0297],[14.9114,48.0334],[14.9195,48.0337],[14.9367,48.0372],[14.9374,48.0402],[14.9542,48.0388],[14.9592,48.0416],[14.9737,48.0418],[14.9716,48.0515],[14.9659,48.0556],[14.9657,48.0665],[14.9845,48.0727],[14.994,48.0725],[15.0012,48.0714],[15.0064,48.0769],[15.0103,48.0867],[15.0048,48.093],[15.0148,48.0968],[15.0074,48.0998],[15.0142,48.1067],[15.0116,48.113],[15.0154,48.1171],[15.0043,48.1152],[15.0013,48.1189],[14.996,48.1155],[14.9882,48.116],[14.9807,48.1106],[14.975,48.1205],[14.973,48.1362],[14.9775,48.1391],[14.9736,48.1463],[14.9648,48.1502],[14.9649,48.1553],[14.9704,48.1561],[14.9687,48.1633],[14.9719,48.1685],[14.971,48.1756],[14.9614,48.1803],[14.9591,48.185],[14.9779,48.1842],[14.9811,48.1951],[14.993,48.1955],[14.9742,48.1988],[14.959,48.2048],[14.9446,48.2272],[14.934,48.2316],[14.9154,48.2329],[14.9026,48.2309],[14.8955,48.2279],[14.8889,48.232],[14.8815,48.2326],[14.8714,48.2279],[14.8569,48.2249],[14.8577,48.213],[14.8483,48.2022],[14.8452,48.1957],[14.8306,48.1894],[14.8061,48.1877],[14.7922,48.1834],[14.7775,48.1814],[14.7587,48.1769],[14.7429,48.1749],[14.7393,48.1721],[14.7227,48.1788],[14.7153,48.1787],[14.7055,48.1688],[14.7051,48.1626],[14.6944,48.1577],[14.6845,48.158],[14.673,48.1615],[14.661,48.1673],[14.6614,48.171],[14.6458,48.1739],[14.6345,48.1801],[14.6258,48.1891],[14.611,48.1961],[14.5972,48.2101],[14.5915,48.2181],[14.5833,48.2237],[14.5609,48.231],[14.5331,48.2377],[14.5212,48.2376],[14.4896,48.2219],[14.48,48.1976],[14.4823,48.1888],[14.4794,48.1817],[14.4839,48.1746],[14.4778,48.1608],[14.4708,48.1552],[14.4676,48.148],[14.477,48.1406],[14.4774,48.1331],[14.4693,48.1268],[14.4677,48.1221],[14.4772,48.1206],[14.4941,48.1136],[14.4926,48.1097],[14.479,48.1044],[14.4681,48.0997],[14.4579,48.0887],[14.4596,48.0857],[14.4687,48.0874],[14.4684,48.0832],[14.456,48.0813],[14.4542,48.0792],[14.4594,48.0726],[14.4526,48.0639],[14.4595,48.0623],[14.4561,48.043],[14.47,48.0374],[14.4676,48.0336],[14.473,48.027],[14.4921,48.0109],[14.4929,47.9983],[14.502,47.9942],[14.5213,47.9927],[14.5317,47.99],[14.5395,47.9857],[14.554,47.9819],[14.562,47.9743],[14.5689,47.974],[14.5855,47.9674],[14.5923,47.9593],[14.6005,47.9555],[14.608,47.9492],[14.6225,47.9472],[14.6299,47.9427],[14.6473,47.9435],[14.6491,47.9421],[14.6594,47.9416],[14.6642,47.9439],[14.6613,47.9541],[14.6697,47.9637],[14.6601,47.9675],[14.6606,47.9719],[14.6683,47.9747],[14.6889,47.9793],[14.6935,47.9849],[14.6848,47.9916],[14.6943,47.9902],[14.6945,47.994],[14.7128,48.0014],[14.7225,47.9964],[14.7293,47.9981],[14.7363,47.9928],[14.737,47.9865],[14.7426,47.9816],[14.7523,47.9848],[14.7597,47.9842],[14.7734,47.9833],[14.7804,47.9883],[14.8158,47.9937],[14.8193,48.0002],[14.8283,48.0039],[14.8408,48.0129],[14.8472,48.0113],[14.8602,48.0129],[14.8596,48.0231],[14.8598,48.0231]]],[[[14.7695,47.8796],[14.7582,47.8681],[14.7528,47.8659],[14.7342,47.8632],[14.71,47.8506],[14.7112,47.8461],[14.722,47.8437],[14.7228,47.8322],[14.7102,47.8234],[14.7132,47.8134],[14.7318,47.8041],[14.7315,47.7991],[14.7119,47.7901],[14.7175,47.782],[14.7224,47.768],[14.7359,47.7589],[14.7464,47.7559],[14.7385,47.7487],[14.7361,47.7449],[14.751,47.7361],[14.7612,47.7331],[14.767,47.7263],[14.7868,47.7323],[14.8038,47.7386],[14.8094,47.7371],[14.8183,47.7442],[14.8329,47.7437],[14.8309,47.739],[14.84,47.734],[14.8581,47.7405],[14.8473,47.7477],[14.8528,47.7551],[14.8745,47.7669],[14.8601,47.7705],[14.8517,47.7748],[14.8441,47.7901],[14.8548,47.7947],[14.8676,47.796],[14.8773,47.8013],[14.8927,47.8028],[14.8922,47.8069],[14.8852,47.8078],[14.8865,47.8111],[14.9013,47.8136],[14.9042,47.8202],[14.9075,47.8202],[14.9067,47.8295],[14.9274,47.8333],[14.9408,47.839],[14.9483,47.8396],[14.9484,47.8458],[14.9417,47.8483],[14.94,47.8527],[14.9343,47.8526],[14.9358,47.8563],[14.9323,47.8635],[14.9401,47.8678],[14.9465,47.8769],[14.9597,47.8831],[14.9671,47.891],[14.968,47.9007],[14.9748,47.9054],[14.9928,47.9092],[15.0031,47.9079],[15.01,47.9142],[14.9974,47.9228],[14.9953,47.9314],[14.9883,47.9298],[14.9815,47.9314],[14.9771,47.9272],[14.9721,47.931],[14.9559,47.9298],[14.9521,47.9238],[14.9442,47.928],[14.9433,47.9346],[14.9478,47.9478],[14.953,47.9512],[14.9572,47.959],[14.9477,47.9586],[14.9436,47.961],[14.9496,47.9646],[14.954,47.9722],[14.9448,47.9735],[14.9339,47.9712],[14.9206,47.9742],[14.9158,47.9741],[14.8981,47.9787],[14.8839,47.9767],[14.8727,47.9712],[14.8633,47.9717],[14.857,47.9691],[14.8504,47.971],[14.8308,47.9683],[14.8216,47.954],[14.8204,47.9467],[14.8254,47.9378],[14.8278,47.9258],[14.8368,47.9215],[14.8333,47.9184],[14.8343,47.9097],[14.8278,47.9138],[14.8196,47.9087],[14.8218,47.899],[14.8085,47.8979],[14.8058,47.8938],[14.7869,47.8816],[14.7695,47.8796]]]]},"properties":{"code":"305"}},
{"type":"Feature","geometry":{"type":"Polygon","coordinates":[[[16.5187,47.9436],[16.5396,47.9525],[16.5353,47.9563],[16.5457,47.9728],[16.5571,47.9798],[16.5522,47.9853],[16.5603,47.9936],[16.5436,48.0011],[16.5291,48.0113],[16.5055,48.0249],[16.4948,48.0206],[16.488,48.0093],[16.4782,48.0066],[16.4661,47.997],[16.458,47.9875],[16.4495,47.9878],[16.4379,47.9954],[16.4097,48.0016],[16.4079,48.0059],[16.3917,48.0032],[16.3752,48.0078],[16.3582,48.0186],[16.3519,48.0185],[16.356,48.0227],[16.3268,48.0317],[16.3008,48.0433],[16.296,48.0382],[16.297,48.0341],[16.2853,48.0292],[16.2691,48.0367],[16.2659,48.0343],[16.2505,48.0397],[16.2457,48.0353],[16.2394,48.0373],[16.23,48.032],[16.2272,48.0255],[16.2146,48.0345],[16.2006,48.0393],[16.1914,48.0387],[16.1789,48.044],[16.1608,48.048],[16.1566,48.0584],[16.1599,48.0645],[16.1479,48.0691],[16.1373,48.0783],[16.1249,48.0733],[16.1143,48.0748],[16.1053,48.0619],[16.0954,48.0662],[16.0969,48.0725],[16.0839,48.0722],[16.0811,48.0764],[16.0806,48.0877],[16.0731,48.086],[16.064,48.0902],[16.0559,48.0884],[16.0472,48.0823],[16.0416,48.0982],[16.051,48.107],[16.0395,48.1128],[16.0398,48.1229],[16.0568,48.1291],[16.0583,48.1322],[16.0483,48.1341],[16.0491,48.1381],[16.0372,48.137],[16.0319,48.1413],[16.0168,48.1374],[16.0027,48.1387],[15.9956,48.1457],[15.9842,48.1389],[15.9715,48.1336],[15.9624,48.128],[15.9523,48.119],[15.9326,48.1132],[15.9292,48.1074],[15.9239,48.1058],[15.9126,48.1067],[15.9123,48.1007],[15.9198,48.0965],[15.9201,48.0906],[15.9044,48.0846],[15.9004,48.0811],[15.8898,48.0801],[15.8755,48.076],[15.8796,48.0707],[15.8812,48.054],[15.8916,48.0536],[15.9051,48.0495],[15.9103,48.054],[15.9187,48.0553],[15.9308,48.0476],[15.9372,48.0463],[15.9345,48.043],[15.9345,48.0262],[15.9492,48.0237],[15.9371,48.0178],[15.9321,48.0079],[15.9469,48.0012],[15.948,47.9983],[15.9363,47.9947],[15.9103,47.9929],[15.9021,47.9972],[15.8939,47.9963],[15.8902,47.999],[15.8766,48.0009],[15.8668,47.9964],[15.8663,47.9918],[15.8716,47.9853],[15.8731,47.9786],[15.8662,47.9721],[15.8681,47.9638],[15.8719,47.9601],[15.8743,47.9608],[15.8902,47.9555],[15.8969,47.9517],[15.9125,47.9526],[15.9183,47.956],[15.9273,47.9489],[15.9366,47.9463],[15.9405,47.9485],[15.9505,47.9425],[15.9486,47.9352],[15.9435,47.9332],[15.9482,47.9267],[15.9596,47.9289],[15.9663,47.9346],[15.9788,47.933],[15.9804,47.9367],[15.9982,47.9422],[15.9966,47.9368],[15.9914,47.9382],[15.9926,47.9317],[15.9877,47.928],[15.9979,47.9235],[16.0015,47.9288],[16.0143,47.9303],[16.023,47.9278],[16.0152,47.9231],[16.0165,47.9179],[16.0074,47.9037],[16.0128,47.8972],[16.0119,47.893],[16.0269,47.8929],[16.0481,47.9007],[16.055,47.898],[16.0597,47.8999],[16.0819,47.8997],[16.0884,47.9025],[16.0962,47.9003],[16.0846,47.8976],[16.0918,47.8926],[16.086,47.888],[16.0991,47.883],[16.1102,47.8807],[16.111,47.876],[16.1225,47.8773],[16.1084,47.883],[16.1078,47.8857],[16.1303,47.8868],[16.1488,47.8837],[16.1502,47.8853],[16.1564,47.8913],[16.1745,47.8951],[16.1765,47.8992],[16.1961,47.9061],[16.2026,47.9062],[16.2038,47.9022],[16.2106,47.8982],[16.2188,47.8979],[16.2225,47.9084],[16.2268,47.9092],[16.2218,47.9137],[16.2299,47.9155],[16.2307,47.9194],[16.2372,47.9163],[16.2338,47.9129],[16.2439,47.9112],[16.2502,47.9141],[16.2676,47.9155],[16.2723,47.9123],[16.2813,47.9148],[16.2923,47.9109],[16.3366,47.8985],[16.3587,47.886],[16.3645,47.8922],[16.3783,47.903],[16.3794,47.902],[16.3898,47.8929],[16.383,47.8825],[16.3892,47.8864],[16.3889,47.8816],[16.4003,47.876],[16.4088,47.8809],[16.4081,47.8844],[16.4162,47.8904],[16.4096,47.8924],[16.4185,47.8938],[16.4228,47.9019],[16.4199,47.9065],[16.4245,47.9117],[16.4192,47.9129],[16.4273,47.9162],[16.4369,47.9274],[16.4444,47.9291],[16.4482,47.9337],[16.454,47.9342],[16.4667,47.9399],[16.4704,47.9371],[16.4831,47.9385],[16.485,47.9414],[16.5087,47.9407],[16.5187,47.9436]]]},"properties":{"code":"306"}},
{"type":"Feature","geometry":{"type":"Polygon","coordinates":[[[16.7012,47.9738],[16.701,47.9745],[16.7009,47.9745],[16.6998,47.9774],[16.6994,47.9785],[16.6985,47.9792],[16.6975,47.9799],[16.6962,47.9881],[16.7014,47.9877],[16.7012,48.0099],[16.7124,48.0127],[16.7277,48.0093],[16.7341,48.0096],[16.7451,48.0149],[16.7515,48.0124],[16.7633,48.0147],[16.773,48.0197],[16.7843,48.0226],[16.7955,48.0235],[16.7981,48.0282],[16.8127,48.0281],[16.8152,48.0305],[16.8282,48.0286],[16.838,48.0328],[16.8363,48.0373],[16.8295,48.0402],[16.8354,48.0448],[16.8428,48.0462],[16.843,48.0501],[16.8506,48.0572],[16.8565,48.0548],[16.8602,48.0633],[16.8641,48.0636],[16.8743,48.0722],[16.8823,48.0682],[16.8908,48.0744],[16.8903,48.0746],[16.9168,48.0676],[16.9196,48.0621],[16.9152,48.057],[16.9194,48.0512],[16.9452,48.0469],[16.9489,48.0474],[16.9683,48.0412],[16.9717,48.0359],[16.9686,48.0289],[16.9792,48.0234],[16.9865,48.029],[16.9947,48.0484],[17.0002,48.0567],[17.0094,48.0645],[17.017,48.074],[17.0093,48.0794],[16.9884,48.0889],[16.9778,48.0951],[16.9687,48.0962],[16.9761,48.1059],[16.9849,48.1064],[16.9856,48.112],[16.9986,48.1083],[17.0048,48.0989],[17.0122,48.1041],[17.0202,48.1056],[17.0286,48.1001],[17.0257,48.0984],[17.0025,48.0927],[17.036,48.0843],[17.0414,48.1017],[17.0639,48.1098],[17.062,48.1132],[17.0667,48.1187],[17.0623,48.1232],[17.0688,48.1239],[17.0601,48.1358],[17.0572,48.1437],[17.0335,48.1398],[17.0242,48.1426],[17.0124,48.1535],[16.9929,48.1619],[16.9761,48.1723],[16.9612,48.1688],[16.956,48.1739],[16.9489,48.1763],[16.9366,48.1755],[16.9303,48.1695],[16.9257,48.161],[16.931,48.1572],[16.9191,48.1555],[16.9005,48.1412],[16.8874,48.1453],[16.8818,48.1391],[16.8741,48.1411],[16.8739,48.1469],[16.8555,48.1477],[16.848,48.141],[16.8511,48.1293],[16.8502,48.1245],[16.8246,48.1188],[16.8156,48.1241],[16.7963,48.1211],[16.7889,48.1151],[16.7686,48.1158],[16.7561,48.1197],[16.7503,48.1288],[16.743,48.1305],[16.7329,48.1277],[16.7255,48.1229],[16.6943,48.118],[16.6711,48.1166],[16.669,48.1216],[16.6589,48.1227],[16.6543,48.1178],[16.6538,48.1255],[16.6479,48.1291],[16.626,48.1333],[16.6135,48.1347],[16.5893,48.1447],[16.577,48.1444],[16.576,48.1352],[16.5435,48.1431],[16.5265,48.154],[16.5138,48.1589],[16.4984,48.1562],[16.4934,48.1588],[16.4881,48.1552],[16.4801,48.1565],[16.4619,48.1429],[16.4549,48.1393],[16.4362,48.138],[16.4331,48.1379],[16.4341,48.1254],[16.437,48.1199],[16.4229,48.1231],[16.4205,48.1206],[16.4083,48.1179],[16.4051,48.122],[16.3883,48.1254],[16.3798,48.108],[16.3797,48.108],[16.3754,48.0994],[16.4149,48.0909],[16.4151,48.0886],[16.401,48.0801],[16.4044,48.0744],[16.3997,48.0731],[16.4049,48.0636],[16.4027,48.0532],[16.4169,48.0495],[16.4156,48.0362],[16.4166,48.0293],[16.4141,48.0181],[16.4079,48.0059],[16.4097,48.0016],[16.4379,47.9954],[16.4495,47.9878],[16.458,47.9875],[16.4661,47.997],[16.4782,48.0066],[16.488,48.0093],[16.4948,48.0206],[16.5055,48.0249],[16.5291,48.0113],[16.5436,48.0011],[16.5603,47.9936],[16.5522,47.9853],[16.5571,47.9798],[16.5457,47.9728],[16.5353,47.9563],[16.5396,47.9525],[16.5187,47.9436],[16.5235,47.9346],[16.5517,47.9113],[16.5564,47.9022],[16.5655,47.8995],[16.5727,47.8936],[16.574,47.8863],[16.5834,47.8916],[16.5895,47.9009],[16.6011,47.9056],[16.6248,47.9264],[16.6322,47.9294],[16.6305,47.9394],[16.6328,47.9451],[16.6523,47.9492],[16.6514,47.9552],[16.6593,47.9611],[16.6647,47.9569],[16.6729,47.9604],[16.6809,47.9597],[16.6949,47.9642],[16.6993,47.9696],[16.7016,47.9732],[16.7012,47.9738]]]},"properties":{"code":"307"}},
{"type":"Feature","geometry":{"type":"Polygon","coordinates":[[[16.9761,48.1723],[16.9763,48.1898],[16.9619,48.2154],[16.9594,48.2246],[16.9467,48.2343],[16.9467,48.2417],[16.9521,48.2577],[16.9572,48.2636],[16.9442,48.2708],[16.924,48.2716],[16.9067,48.2898],[16.8999,48.2991],[16.8952,48.3089],[16.8956,48.3139],[16.9087,48.3229],[16.9019,48.3277],[16.8827,48.3356],[16.8723,48.3375],[16.8694,48.3403],[16.8753,48.3458],[16.8734,48.3487],[16.861,48.3493],[16.8526,48.3478],[16.843,48.3517],[16.8433,48.3578],[16.8391,48.3652],[16.8406,48.3727],[16.8334,48.3796],[16.8349,48.3833],[16.8485,48.3821],[16.8505,48.3907],[16.8556,48.395],[16.8502,48.409],[16.8525,48.4127],[16.8636,48.42],[16.8564,48.427],[16.8516,48.4349],[16.8494,48.4473],[16.8531,48.4513],[16.8588,48.4511],[16.8639,48.4557],[16.8593,48.4591],[16.8654,48.4658],[16.8731,48.4669],[16.8801,48.477],[16.8882,48.4756],[16.8954,48.4877],[16.8905,48.4927],[16.8997,48.4981],[16.9068,48.4982],[16.914,48.4943],[16.913,48.51],[16.921,48.5127],[16.9219,48.5203],[16.9423,48.5211],[16.942,48.5295],[16.9494,48.5344],[16.9538,48.5427],[16.9425,48.5535],[16.9447,48.56],[16.94,48.5637],[16.9355,48.572],[16.9391,48.5836],[16.9343,48.602],[16.9397,48.6037],[16.9422,48.6098],[16.9395,48.6179],[16.9281,48.619],[16.9187,48.6229],[16.9284,48.6388],[16.9264,48.6414],[16.9151,48.6449],[16.9044,48.641],[16.9075,48.6369],[16.9065,48.6254],[16.8888,48.627],[16.8592,48.6343],[16.8467,48.6238],[16.8589,48.617],[16.8536,48.6177],[16.853,48.6126],[16.8572,48.6096],[16.8462,48.6074],[16.825,48.6155],[16.8156,48.6154],[16.8015,48.6193],[16.8015,48.6267],[16.7854,48.6291],[16.779,48.6353],[16.7591,48.6256],[16.7339,48.6274],[16.7313,48.6261],[16.7276,48.6155],[16.7343,48.6096],[16.7252,48.6059],[16.7061,48.6159],[16.7101,48.6212],[16.6777,48.6307],[16.6833,48.624],[16.6923,48.6195],[16.6984,48.6121],[16.7015,48.6027],[16.704,48.5876],[16.6917,48.5831],[16.693,48.5812],[16.68,48.5726],[16.6832,48.5631],[16.68,48.5613],[16.6865,48.5548],[16.6949,48.5423],[16.6967,48.535],[16.7016,48.5302],[16.6885,48.5316],[16.6625,48.5206],[16.6543,48.5085],[16.6424,48.5089],[16.6315,48.4957],[16.6315,48.4895],[16.6464,48.4865],[16.6572,48.4805],[16.6428,48.4698],[16.6371,48.465],[16.6282,48.47],[16.6127,48.4746],[16.6065,48.4651],[16.5938,48.4714],[16.5843,48.4694],[16.5729,48.4715],[16.5722,48.4697],[16.557,48.4676],[16.5552,48.4643],[16.5486,48.4662],[16.5444,48.4613],[16.5509,48.4588],[16.5571,48.4418],[16.5565,48.4302],[16.5666,48.4255],[16.578,48.4275],[16.5812,48.4203],[16.5737,48.4138],[16.5818,48.4046],[16.5826,48.3995],[16.5891,48.3928],[16.5969,48.3907],[16.5976,48.3793],[16.6133,48.3776],[16.6125,48.3756],[16.6291,48.364],[16.627,48.3581],[16.6421,48.3551],[16.6358,48.3453],[16.6609,48.3381],[16.6577,48.3331],[16.6496,48.3277],[16.6352,48.3233],[16.617,48.3158],[16.6128,48.321],[16.6033,48.3145],[16.5926,48.319],[16.5656,48.3281],[16.549,48.332],[16.5452,48.3253],[16.5257,48.3285],[16.5133,48.3131],[16.5022,48.2904],[16.5149,48.2855],[16.5067,48.2736],[16.5141,48.271],[16.5128,48.2678],[16.5326,48.2621],[16.5385,48.2642],[16.547,48.263],[16.5425,48.2541],[16.5394,48.2428],[16.5482,48.2427],[16.5527,48.239],[16.5469,48.2234],[16.546,48.2162],[16.5363,48.2004],[16.5418,48.1914],[16.5363,48.1771],[16.5497,48.1767],[16.5467,48.1716],[16.5532,48.162],[16.5579,48.1641],[16.5616,48.1604],[16.573,48.1632],[16.5764,48.1589],[16.5733,48.1551],[16.5774,48.1513],[16.577,48.1444],[16.5893,48.1447],[16.6135,48.1347],[16.626,48.1333],[16.6479,48.1291],[16.6538,48.1255],[16.6543,48.1178],[16.6589,48.1227],[16.669,48.1216],[16.6711,48.1166],[16.6943,48.118],[16.7255,48.1229],[16.7329,48.1277],[16.743,48.1305],[16.7503,48.1288],[16.7561,48.1197],[16.7686,48.1158],[16.7889,48.1151],[16.7963,48.1211],[16.8156,48.1241],[16.8246,48.1188],[16.8502,48.1245],[16.8511,48.1293],[16.848,48.141],[16.8555,48.1477],[16.8739,48.1469],[16.8741,48.1411],[16.8818,48.1391],[16.8874,48.1453],[16.9005,48.1412],[16.9191,48.1555],[16.931,48.1572],[16.9257,48.161],[16.9303,48.1695],[16.9366,48.1755],[16.9489,48.1763],[16.956,48.1739],[16.9612,48.1688],[16.9761,48.1723]]]},"properties":{"code":"308"}},
{"type":"Feature","geometry":{"type":"Polygon","coordinates":[[[14.8589,48.6122],[14.8753,48.62],[14.8864,48.6201],[14.8844,48.6238],[14.9006,48.6233],[14.9094,48.6162],[14.9263,48.6141],[14.9334,48.611],[14.9438,48.6218],[14.9486,48.6305],[14.9661,48.6238],[14.9719,48.6243],[14.9884,48.6345],[14.9979,48.63],[14.9989,48.6263],[15.006,48.6272],[15.0039,48.6329],[15.0106,48.6457],[15.0171,48.6489],[15.0138,48.6523],[15.0057,48.6524],[14.998,48.6575],[14.9978,48.6637],[14.981,48.6692],[14.9767,48.6753],[14.9887,48.6776],[14.9888,48.6857],[14.979,48.6973],[14.9954,48.6951],[14.9954,48.7009],[15.0167,48.7003],[15.0225,48.7042],[15.0336,48.7052],[15.047,48.7019],[15.0533,48.702],[15.0576,48.6963],[15.0676,48.6954],[15.072,48.6978],[15.0732,48.6999],[15.0759,48.7006],[15.093,48.6938],[15.1009,48.6941],[15.1064,48.69],[15.1132,48.6891],[15.1128,48.6964],[15.0997,48.7075],[15.1079,48.7087],[15.1089,48.7122],[15.1245,48.7121],[15.1278,48.7088],[15.1249,48.7041],[15.1295,48.6947],[15.1346,48.6896],[15.1426,48.6904],[15.1438,48.6923],[15.144,48.6927],[15.1441,48.6929],[15.1466,48.6976],[15.1466,48.6977],[15.1465,48.6989],[15.1474,48.6997],[15.1484,48.7031],[15.1483,48.7031],[15.1485,48.705],[15.1486,48.7051],[15.1489,48.7051],[15.1486,48.7052],[15.15,48.7078],[15.1509,48.7112],[15.1491,48.7176],[15.156,48.719],[15.1539,48.725],[15.1446,48.7249],[15.1472,48.7293],[15.1433,48.7322],[15.1456,48.7415],[15.1422,48.7495],[15.1343,48.7517],[15.1172,48.7595],[15.1173,48.7626],[15.1338,48.7722],[15.1268,48.7809],[15.1269,48.7816],[15.1269,48.7818],[15.1272,48.7818],[15.1272,48.7819],[15.1273,48.7822],[15.1291,48.7858],[15.1299,48.7876],[15.1309,48.7877],[15.1309,48.7882],[15.1308,48.7882],[15.1308,48.7885],[15.1308,48.7897],[15.1308,48.7898],[15.1308,48.7899],[15.1308,48.79],[15.1283,48.7928],[15.1377,48.7949],[15.1477,48.8004],[15.154,48.7964],[15.1581,48.8103],[15.1701,48.8125],[15.165,48.8226],[15.1545,48.8261],[15.1572,48.8349],[15.1508,48.8391],[15.1542,48.8567],[15.1637,48.8553],[15.1718,48.8572],[15.1734,48.8619],[15.1685,48.8688],[15.1627,48.8717],[15.1622,48.876],[15.1742,48.8825],[15.1824,48.8789],[15.1878,48.8794],[15.187,48.886],[15.1801,48.8875],[15.1794,48.8916],[15.1843,48.8945],[15.1791,48.8965],[15.1826,48.912],[15.1812,48.919],[15.187,48.9227],[15.1689,48.9329],[15.1651,48.9403],[15.1603,48.9417],[15.1554,48.9461],[15.1617,48.953],[15.1624,48.9573],[15.1696,48.9614],[15.1683,48.9671],[15.1595,48.9721],[15.162,48.9777],[15.1529,48.979],[15.1511,48.9824],[15.1567,48.9842],[15.1563,48.9933],[15.1368,48.9976],[15.1328,49.0007],[15.129,48.9975],[15.1073,48.9988],[15.1026,48.9938],[15.0858,48.9979],[15.0644,48.9997],[15.0646,49.0045],[15.0672,49.006],[15.0654,49.0142],[15.0542,49.0155],[15.048,49.0138],[15.0463,49.0132],[15.0462,49.0132],[15.0397,49.0117],[15.0396,49.0117],[15.0389,49.0119],[15.0384,49.012],[15.0377,49.0126],[15.0342,49.0138],[15.0206,49.0205],[15.0115,49.0143],[15.003,49.0115],[14.9959,49.0151],[14.9904,49.0096],[15.0008,49.0037],[14.9952,48.9902],[14.9845,48.9866],[14.9784,48.9804],[14.9762,48.971],[14.9765,48.9558],[14.9806,48.9439],[14.9865,48.9359],[14.9794,48.9313],[14.99,48.9159],[14.9929,48.904],[14.9916,48.8973],[14.9873,48.8957],[14.9889,48.891],[14.9835,48.8909],[14.9838,48.8747],[14.9729,48.8746],[14.9734,48.8531],[14.9844,48.846],[14.9845,48.8424],[14.9721,48.8423],[14.9683,48.8369],[14.9686,48.8248],[14.9694,48.8241],[14.9696,48.8238],[14.9614,48.8178],[14.9574,48.8107],[14.9605,48.8045],[14.9534,48.795],[14.9534,48.7948],[14.955,48.7932],[14.9555,48.7926],[14.9547,48.7905],[14.9543,48.7903],[14.9537,48.7902],[14.9536,48.79],[14.9535,48.7899],[14.9534,48.7898],[14.9736,48.7833],[14.9801,48.7791],[14.9781,48.7764],[14.9808,48.7754],[14.9756,48.7688],[14.9612,48.7625],[14.9557,48.7581],[14.9482,48.7629],[14.9406,48.7612],[14.9319,48.7665],[14.9163,48.7686],[14.9061,48.767],[14.8993,48.7714],[14.8882,48.7701],[14.8813,48.7801],[14.8674,48.7806],[14.8628,48.7771],[14.8511,48.7773],[14.841,48.7822],[14.8293,48.7805],[14.8255,48.7838],[14.8086,48.7787],[14.8063,48.7717],[14.8122,48.7646],[14.8005,48.747],[14.8081,48.7339],[14.7934,48.729],[14.7856,48.7183],[14.7726,48.7111],[14.7569,48.7091],[14.7569,48.7086],[14.7566,48.7064],[14.7561,48.7045],[14.7408,48.7013],[14.734,48.6964],[14.7261,48.6852],[14.727,48.6786],[14.7193,48.6682],[14.7124,48.6501],[14.7179,48.6496],[14.7191,48.6411],[14.7201,48.6389],[14.7221,48.6385],[14.7141,48.6174],[14.7211,48.6024],[14.7113,48.5965],[14.706,48.591],[14.7078,48.5871],[14.7005,48.5827],[14.691,48.5843],[14.6926,48.5804],[14.7118,48.5787],[14.7213,48.5698],[14.7245,48.5621],[14.7306,48.5619],[14.7382,48.5562],[14.7365,48.5523],[14.7432,48.5522],[14.7433,48.5584],[14.7496,48.5626],[14.763,48.5638],[14.7687,48.5567],[14.7747,48.5555],[14.7828,48.5603],[14.7921,48.5593],[14.8002,48.5557],[14.8111,48.5537],[14.814,48.5623],[14.795,48.5751],[14.7847,48.5791],[14.7911,48.5797],[14.7941,48.5872],[14.7866,48.5892],[14.7912,48.5933],[14.7977,48.5909],[14.7998,48.5952],[14.8053,48.5951],[14.8124,48.6001],[14.8303,48.5941],[14.8351,48.6057],[14.8434,48.6035],[14.8451,48.6075],[14.8542,48.6021],[14.8589,48.6122]]]},"properties":{"code":"309"}},
{"type":"Feature","geometry":{"type":"Polygon","coordinates":[[[15.7838,48.4861],[15.7914,48.4884],[15.8004,48.4863],[15.8055,48.4883],[15.8052,48.4933],[15.8128,48.4972],[15.8169,48.4946],[15.8425,48.4892],[15.8466,48.4855],[15.8533,48.4821],[15.8557,48.4879],[15.8519,48.4885],[15.8567,48.4948],[15.8697,48.4926],[15.8811,48.4956],[15.8991,48.4956],[15.906,48.4942],[15.9064,48.4838],[15.9102,48.4782],[15.9159,48.4808],[15.9297,48.4787],[15.9347,48.4856],[15.9393,48.4843],[15.9622,48.4908],[15.9685,48.4872],[15.9769,48.4896],[15.9869,48.5008],[15.9979,48.4945],[16.0146,48.4971],[16.0242,48.4952],[16.0262,48.4914],[16.037,48.4892],[16.0384,48.4924],[16.046,48.4935],[16.0512,48.4894],[16.0607,48.4948],[16.0717,48.4943],[16.0676,48.4853],[16.0668,48.4739],[16.0779,48.4682],[16.0973,48.4651],[16.1008,48.4736],[16.1052,48.4756],[16.1184,48.4663],[16.1336,48.4631],[16.1379,48.467],[16.1449,48.4674],[16.1552,48.4797],[16.1575,48.4758],[16.1699,48.4722],[16.1798,48.4879],[16.1833,48.4861],[16.1891,48.4932],[16.1843,48.497],[16.1903,48.5091],[16.1889,48.5165],[16.181,48.5206],[16.1827,48.5291],[16.191,48.5345],[16.1882,48.5384],[16.1949,48.542],[16.2154,48.5448],[16.2211,48.5485],[16.2212,48.5627],[16.2307,48.5641],[16.2296,48.5699],[16.2472,48.5678],[16.2508,48.5699],[16.2661,48.5721],[16.2698,48.5646],[16.2828,48.554],[16.2837,48.5599],[16.2893,48.5664],[16.2879,48.5772],[16.2901,48.5808],[16.2884,48.5904],[16.2943,48.5945],[16.3018,48.5946],[16.3043,48.6031],[16.3016,48.6089],[16.2951,48.6059],[16.2684,48.6026],[16.2581,48.6175],[16.2551,48.6336],[16.2593,48.6343],[16.2526,48.6412],[16.2618,48.6435],[16.2576,48.6547],[16.2339,48.6575],[16.2328,48.6525],[16.2015,48.6485],[16.1994,48.6627],[16.2023,48.6718],[16.2133,48.6862],[16.2158,48.6978],[16.2096,48.6981],[16.2103,48.7025],[16.2171,48.7024],[16.2256,48.7058],[16.2229,48.7109],[16.228,48.718],[16.2278,48.7227],[16.222,48.7242],[16.2244,48.7303],[16.2156,48.7358],[16.2224,48.7343],[16.2235,48.7401],[16.2046,48.7429],[16.1894,48.7432],[16.154,48.7488],[16.1499,48.7432],[16.1393,48.7454],[16.1389,48.7427],[16.1186,48.7465],[16.1025,48.7454],[16.0796,48.75],[16.0649,48.7546],[16.0527,48.7611],[16.0449,48.7629],[16.0213,48.772],[15.9944,48.7793],[15.9878,48.7851],[15.965,48.7984],[15.9596,48.7984],[15.9496,48.8052],[15.9519,48.8138],[15.9599,48.8198],[15.9584,48.8231],[15.9455,48.8234],[15.9479,48.8267],[15.9402,48.8271],[15.9403,48.8194],[15.9352,48.8189],[15.9255,48.8231],[15.9268,48.8304],[15.9306,48.8329],[15.9218,48.835],[15.9198,48.8388],[15.907,48.8355],[15.8932,48.8346],[15.8938,48.8431],[15.8973,48.8382],[15.9046,48.841],[15.898,48.8481],[15.893,48.8487],[15.8902,48.8431],[15.884,48.8422],[15.8797,48.8479],[15.8807,48.8556],[15.8736,48.8607],[15.8734,48.8539],[15.8629,48.8527],[15.8579,48.8575],[15.8427,48.8596],[15.8415,48.862],[15.8499,48.8648],[15.8519,48.8684],[15.8387,48.8775],[15.8276,48.871],[15.8164,48.8732],[15.8061,48.8722],[15.7795,48.8749],[15.7721,48.8653],[15.7537,48.8522],[15.7359,48.834],[15.7333,48.8291],[15.757,48.8243],[15.7746,48.8255],[15.8051,48.825],[15.8067,48.8141],[15.8239,48.8119],[15.8187,48.801],[15.8341,48.7964],[15.829,48.792],[15.8399,48.7897],[15.8393,48.7931],[15.8568,48.7896],[15.8671,48.7935],[15.8876,48.7851],[15.8792,48.7811],[15.8779,48.7749],[15.8848,48.7673],[15.873,48.7632],[15.8649,48.7656],[15.8618,48.7485],[15.8534,48.7422],[15.8467,48.7452],[15.8421,48.742],[15.8319,48.7415],[15.8284,48.7374],[15.8221,48.7407],[15.8147,48.7364],[15.8069,48.7281],[15.8224,48.7252],[15.8224,48.7162],[15.807,48.7121],[15.8131,48.7082],[15.8153,48.6927],[15.8328,48.6914],[15.8315,48.6864],[15.8407,48.6889],[15.8527,48.6852],[15.8684,48.6824],[15.8808,48.6818],[15.8808,48.68],[15.9014,48.6769],[15.9256,48.6752],[15.9409,48.6717],[15.9373,48.663],[15.9249,48.6616],[15.9177,48.6558],[15.9112,48.6531],[15.9111,48.6372],[15.9063,48.6217],[15.9086,48.6129],[15.9083,48.5981],[15.8912,48.602],[15.8776,48.6037],[15.8668,48.6028],[15.8406,48.6039],[15.835,48.5997],[15.828,48.6012],[15.8159,48.6004],[15.8153,48.5964],[15.8236,48.5915],[15.8253,48.5874],[15.814,48.5845],[15.8005,48.5865],[15.7803,48.5814],[15.7726,48.5852],[15.7674,48.5793],[15.7591,48.5831],[15.7561,48.5791],[15.7452,48.5729],[15.7416,48.5734],[15.7383,48.5699],[15.7492,48.5648],[15.7463,48.5581],[15.748,48.5527],[15.7622,48.5422],[15.761,48.5383],[15.7529,48.5433],[15.7424,48.543],[15.7335,48.5354],[15.7348,48.5262],[15.7444,48.5244],[15.7523,48.5165],[15.7566,48.5046],[15.7698,48.5012],[15.7727,48.5012],[15.7743,48.5015],[15.7731,48.4961],[15.7791,48.4945],[15.7755,48.4886],[15.7838,48.4861]]]},"properties":{"code":"310"}},
{"type":"Feature","geometry":{"type":"Polygon","coordinates":[[[15.7537,48.8522],[15.7352,48.8555],[15.7135,48.8581],[15.7082,48.8607],[15.6952,48.8561],[15.6864,48.857],[15.6795,48.8644],[15.6715,48.8678],[15.6661,48.8729],[15.6646,48.8747],[15.6569,48.8805],[15.6424,48.8866],[15.6303,48.885],[15.6196,48.8956],[15.5917,48.8965],[15.5871,48.896],[15.5818,48.8937],[15.5832,48.8857],[15.5936,48.8803],[15.6098,48.8783],[15.6096,48.875],[15.5909,48.8773],[15.5899,48.8732],[15.5818,48.8759],[15.5782,48.8676],[15.5891,48.8617],[15.5896,48.8541],[15.5964,48.8576],[15.6013,48.8547],[15.6081,48.843],[15.597,48.8391],[15.5796,48.8389],[15.5742,48.8371],[15.5729,48.8312],[15.5603,48.8263],[15.549,48.8238],[15.5343,48.8267],[15.5357,48.82],[15.5264,48.8224],[15.5143,48.8168],[15.5265,48.8083],[15.5233,48.8017],[15.5136,48.7944],[15.5212,48.7894],[15.5215,48.7862],[15.5005,48.7749],[15.5206,48.7688],[15.5271,48.7648],[15.5252,48.7602],[15.5168,48.7587],[15.5019,48.7642],[15.4986,48.7619],[15.5027,48.7541],[15.4938,48.7534],[15.494,48.7377],[15.4894,48.737],[15.4827,48.7357],[15.4792,48.7265],[15.4636,48.7254],[15.4518,48.7289],[15.4439,48.7188],[15.4364,48.7204],[15.4316,48.709],[15.4299,48.7014],[15.4408,48.6976],[15.4418,48.6966],[15.4421,48.6963],[15.4518,48.6897],[15.4555,48.6834],[15.4558,48.6744],[15.4494,48.6756],[15.4455,48.6713],[15.4287,48.6745],[15.4242,48.6688],[15.447,48.656],[15.4455,48.6504],[15.4589,48.6484],[15.4738,48.6424],[15.4769,48.6506],[15.4821,48.6489],[15.4868,48.6531],[15.5155,48.6448],[15.527,48.6429],[15.5387,48.6431],[15.54,48.6363],[15.5295,48.6336],[15.5279,48.6294],[15.5439,48.6297],[15.549,48.6257],[15.5536,48.6228],[15.5687,48.624],[15.5838,48.6229],[15.5765,48.6111],[15.5952,48.6075],[15.6011,48.6038],[15.6054,48.5985],[15.5972,48.5945],[15.602,48.5786],[15.6072,48.5719],[15.6256,48.5613],[15.6319,48.5646],[15.6308,48.57],[15.6235,48.5721],[15.6292,48.5749],[15.63,48.5777],[15.6622,48.5657],[15.6677,48.5704],[15.6715,48.5698],[15.6953,48.5683],[15.7069,48.5716],[15.7077,48.5819],[15.7194,48.5803],[15.7355,48.5838],[15.7468,48.5822],[15.7416,48.5734],[15.7452,48.5729],[15.7561,48.5791],[15.7591,48.5831],[15.7674,48.5793],[15.7726,48.5852],[15.7803,48.5814],[15.8005,48.5865],[15.814,48.5845],[15.8253,48.5874],[15.8236,48.5915],[15.8153,48.5964],[15.8159,48.6004],[15.828,48.6012],[15.835,48.5997],[15.8406,48.6039],[15.8668,48.6028],[15.8776,48.6037],[15.8912,48.602],[15.9083,48.5981],[15.9086,48.6129],[15.9063,48.6217],[15.9111,48.6372],[15.9112,48.6531],[15.9177,48.6558],[15.9249,48.6616],[15.9373,48.663],[15.9409,48.6717],[15.9256,48.6752],[15.9014,48.6769],[15.8808,48.68],[15.8808,48.6818],[15.8684,48.6824],[15.8527,48.6852],[15.8407,48.6889],[15.8315,48.6864],[15.8328,48.6914],[15.8153,48.6927],[15.8131,48.7082],[15.807,48.7121],[15.8224,48.7162],[15.8224,48.7252],[15.8069,48.7281],[15.8147,48.7364],[15.8221,48.7407],[15.8284,48.7374],[15.8319,48.7415],[15.8421,48.742],[15.8467,48.7452],[15.8534,48.7422],[15.8618,48.7485],[15.8649,48.7656],[15.873,48.7632],[15.8848,48.7673],[15.8779,48.7749],[15.8792,48.7811],[15.8876,48.7851],[15.8671,48.7935],[15.8568,48.7896],[15.8393,48.7931],[15.8399,48.7897],[15.829,48.792],[15.8341,48.7964],[15.8187,48.801],[15.8239,48.8119],[15.8067,48.8141],[15.8051,48.825],[15.7746,48.8255],[15.757,48.8243],[15.7333,48.8291],[15.7359,48.834],[15.7537,48.8522]]]},"properties":{"code":"311"}},
{"type":"Feature","geometry":{"type":"MultiPolygon","coordinates":[[[[16.5257,48.3285],[16.5208,48.3296],[16.482,48.3521],[16.4727,48.3453],[16.4532,48.3548],[16.4501,48.3524],[16.4432,48.3552],[16.4439,48.3655],[16.4356,48.3725],[16.4244,48.3744],[16.4163,48.3793],[16.4165,48.3824],[16.4275,48.4062],[16.4206,48.4089],[16.4269,48.4105],[16.4354,48.4068],[16.4386,48.4098],[16.4449,48.4243],[16.4323,48.4295],[16.4335,48.4328],[16.4455,48.4337],[16.4321,48.4408],[16.4269,48.4416],[16.4212,48.4371],[16.4105,48.4376],[16.4078,48.4493],[16.4128,48.455],[16.4203,48.4561],[16.4204,48.4608],[16.4261,48.4689],[16.4375,48.4694],[16.4329,48.4752],[16.436,48.4878],[16.4309,48.4949],[16.4338,48.4995],[16.4353,48.5035],[16.4274,48.5038],[16.4306,48.5128],[16.41,48.5081],[16.4058,48.5099],[16.3966,48.5135],[16.4014,48.5187],[16.4011,48.5246],[16.406,48.5317],[16.4148,48.5329],[16.4077,48.5368],[16.3938,48.5396],[16.3879,48.539],[16.3651,48.5498],[16.3663,48.5534],[16.3828,48.5615],[16.3893,48.5658],[16.3898,48.5718],[16.395,48.5744],[16.3801,48.5735],[16.3743,48.5794],[16.3657,48.5829],[16.3645,48.5923],[16.358,48.5978],[16.3492,48.5997],[16.3401,48.5974],[16.3431,48.5908],[16.3441,48.5777],[16.3402,48.5765],[16.3355,48.5828],[16.3193,48.5886],[16.3177,48.5934],[16.3083,48.5687],[16.3019,48.5648],[16.2893,48.5664],[16.2837,48.5599],[16.2828,48.554],[16.2698,48.5646],[16.2661,48.5721],[16.2508,48.5699],[16.2472,48.5678],[16.2296,48.5699],[16.2307,48.5641],[16.2212,48.5627],[16.2211,48.5485],[16.2154,48.5448],[16.1949,48.542],[16.1882,48.5384],[16.191,48.5345],[16.1827,48.5291],[16.181,48.5206],[16.1889,48.5165],[16.1903,48.5091],[16.1843,48.497],[16.1891,48.4932],[16.1833,48.4861],[16.1798,48.4879],[16.1699,48.4722],[16.1575,48.4758],[16.1552,48.4797],[16.1449,48.4674],[16.1379,48.467],[16.1336,48.4631],[16.1184,48.4663],[16.1052,48.4756],[16.1008,48.4736],[16.0973,48.4651],[16.0779,48.4682],[16.0668,48.4739],[16.0676,48.4853],[16.0717,48.4943],[16.0607,48.4948],[16.0512,48.4894],[16.046,48.4935],[16.0384,48.4924],[16.037,48.4892],[16.0262,48.4914],[16.0263,48.4835],[16.0302,48.4783],[16.0255,48.4696],[16.0113,48.457],[16.0185,48.4551],[16.0166,48.4402],[16.0196,48.4321],[16.0116,48.4324],[16.0081,48.426],[15.9943,48.4251],[15.9898,48.4144],[15.9902,48.4089],[15.9985,48.4087],[15.9972,48.3963],[15.9951,48.3969],[15.9949,48.3802],[15.9878,48.3801],[15.9877,48.3769],[15.9955,48.3731],[16.0064,48.3729],[16.0065,48.3774],[16.0213,48.3796],[16.0321,48.3742],[16.0387,48.3772],[16.0418,48.3705],[16.0618,48.3717],[16.0551,48.3666],[16.0644,48.3634],[16.0735,48.3569],[16.0873,48.3644],[16.0863,48.3604],[16.0921,48.3591],[16.1095,48.3438],[16.1142,48.3456],[16.13,48.3432],[16.1357,48.3444],[16.1265,48.3502],[16.1322,48.3546],[16.1415,48.3579],[16.1485,48.3571],[16.146,48.3532],[16.1678,48.3577],[16.1655,48.3632],[16.1703,48.3644],[16.1739,48.3665],[16.1813,48.3621],[16.189,48.3669],[16.1997,48.3596],[16.2104,48.3593],[16.2206,48.3526],[16.2289,48.3599],[16.2369,48.3565],[16.2622,48.3542],[16.2737,48.3595],[16.2938,48.3525],[16.2909,48.3492],[16.3261,48.3341],[16.3324,48.3266],[16.3428,48.3202],[16.3464,48.3158],[16.3463,48.3014],[16.3607,48.2834],[16.3632,48.2823],[16.368,48.2811],[16.3673,48.287],[16.378,48.2884],[16.3756,48.296],[16.3798,48.302],[16.3848,48.3039],[16.3806,48.3129],[16.3817,48.3171],[16.3941,48.3193],[16.4029,48.3168],[16.4042,48.3193],[16.4168,48.3225],[16.4248,48.3218],[16.4378,48.3168],[16.4403,48.3035],[16.4404,48.2919],[16.4747,48.2753],[16.4812,48.2734],[16.4835,48.2794],[16.4814,48.2932],[16.4964,48.2925],[16.5022,48.2904],[16.5133,48.3131],[16.5257,48.3285]]],[[[15.9963,48.4322],[15.9867,48.4347],[15.9852,48.4273],[15.9946,48.4262],[15.9963,48.4322]]]]},"properties":{"code":"312"}},
{"type":"Feature","geometry":{"type":"Polygon","coordinates":[[[15.7253,48.3788],[15.7314,48.3842],[15.7299,48.3878],[15.7254,48.3839],[15.7192,48.3873],[15.7209,48.3906],[15.7125,48.393],[15.7278,48.3934],[15.731,48.3987],[15.7378,48.3959],[15.746,48.3978],[15.747,48.4084],[15.7571,48.4126],[15.7634,48.421],[15.7643,48.4371],[15.757,48.4388],[15.762,48.443],[15.7666,48.4412],[15.7701,48.4474],[15.773,48.4611],[15.7778,48.4634],[15.7784,48.4712],[15.7849,48.4738],[15.7822,48.4793],[15.7838,48.4861],[15.7755,48.4886],[15.7791,48.4945],[15.7731,48.4961],[15.7743,48.5015],[15.7727,48.5012],[15.7698,48.5012],[15.7566,48.5046],[15.7523,48.5165],[15.7444,48.5244],[15.7348,48.5262],[15.7335,48.5354],[15.7424,48.543],[15.7529,48.5433],[15.761,48.5383],[15.7622,48.5422],[15.748,48.5527],[15.7463,48.5581],[15.7492,48.5648],[15.7383,48.5699],[15.7416,48.5734],[15.7468,48.5822],[15.7355,48.5838],[15.7194,48.5803],[15.7077,48.5819],[15.7069,48.5716],[15.6953,48.5683],[15.6715,48.5698],[15.6677,48.5704],[15.6622,48.5657],[15.63,48.5777],[15.6292,48.5749],[15.6235,48.5721],[15.6308,48.57],[15.6319,48.5646],[15.6256,48.5613],[15.6072,48.5719],[15.602,48.5786],[15.5972,48.5945],[15.6054,48.5985],[15.6011,48.6038],[15.5952,48.6075],[15.5765,48.6111],[15.5838,48.6229],[15.5687,48.624],[15.5536,48.6228],[15.549,48.6257],[15.5439,48.6297],[15.5279,48.6294],[15.5177,48.6327],[15.5026,48.6216],[15.5025,48.6154],[15.5143,48.6092],[15.5116,48.6052],[15.503,48.6046],[15.4954,48.6034],[15.4933,48.5985],[15.4803,48.6092],[15.4582,48.6171],[15.4514,48.6159],[15.438,48.6172],[15.4304,48.6104],[15.4273,48.6028],[15.4383,48.5923],[15.4235,48.5901],[15.4188,48.5953],[15.4181,48.5879],[15.4111,48.5848],[15.4026,48.5879],[15.3973,48.5928],[15.39,48.5896],[15.3824,48.5801],[15.3778,48.5776],[15.3629,48.5802],[15.3593,48.5844],[15.3635,48.5912],[15.3555,48.5942],[15.3528,48.6045],[15.3529,48.6132],[15.3478,48.611],[15.3218,48.6064],[15.323,48.6001],[15.3173,48.5958],[15.3253,48.5902],[15.3157,48.5862],[15.3077,48.5787],[15.3145,48.5688],[15.3213,48.5666],[15.318,48.5638],[15.3228,48.5603],[15.32,48.5555],[15.3252,48.553],[15.3249,48.5412],[15.3277,48.5375],[15.3197,48.5351],[15.3185,48.5307],[15.3102,48.5262],[15.3074,48.5215],[15.311,48.5123],[15.3225,48.5054],[15.3208,48.4969],[15.2952,48.4935],[15.2809,48.4872],[15.2812,48.4813],[15.2878,48.4661],[15.3053,48.4671],[15.3133,48.4635],[15.3158,48.4563],[15.3206,48.4564],[15.3269,48.4501],[15.3294,48.4415],[15.3378,48.4405],[15.3309,48.4311],[15.3366,48.4255],[15.3544,48.4307],[15.3582,48.4273],[15.354,48.4218],[15.3673,48.4212],[15.3657,48.4095],[15.3775,48.4101],[15.3686,48.4019],[15.3604,48.4004],[15.3591,48.3944],[15.3502,48.3931],[15.3362,48.3962],[15.3386,48.3877],[15.3264,48.3877],[15.3221,48.394],[15.3084,48.3904],[15.3034,48.3858],[15.296,48.3854],[15.2864,48.3767],[15.2765,48.3734],[15.2706,48.3737],[15.2715,48.3688],[15.2858,48.3565],[15.2931,48.3523],[15.3002,48.3531],[15.3093,48.3509],[15.3129,48.3514],[15.3194,48.3473],[15.3285,48.3505],[15.3372,48.3444],[15.3355,48.335],[15.3267,48.3287],[15.3175,48.3279],[15.3144,48.3232],[15.3032,48.3227],[15.3041,48.3181],[15.2951,48.3097],[15.3059,48.3045],[15.2958,48.2973],[15.2973,48.2929],[15.2908,48.2894],[15.2921,48.2839],[15.2877,48.2819],[15.2886,48.2758],[15.2979,48.2788],[15.3015,48.2759],[15.313,48.2756],[15.3073,48.2711],[15.3099,48.2692],[15.3199,48.2738],[15.3255,48.2728],[15.3395,48.2783],[15.3513,48.2809],[15.3574,48.2781],[15.368,48.2795],[15.3825,48.272],[15.3953,48.2795],[15.4031,48.2859],[15.4099,48.3067],[15.4117,48.316],[15.4102,48.3248],[15.4235,48.3229],[15.4416,48.3237],[15.4453,48.318],[15.4407,48.3088],[15.4478,48.3102],[15.4614,48.3183],[15.468,48.3124],[15.4854,48.3218],[15.5033,48.3186],[15.5077,48.3196],[15.5106,48.3221],[15.5069,48.328],[15.5145,48.327],[15.5312,48.3278],[15.5416,48.3346],[15.5492,48.3374],[15.5724,48.3376],[15.5793,48.3428],[15.5879,48.3398],[15.5884,48.3344],[15.6,48.335],[15.6063,48.3323],[15.6146,48.3326],[15.6189,48.3266],[15.6312,48.3264],[15.6314,48.3301],[15.6383,48.3347],[15.6541,48.3373],[15.6693,48.3449],[15.6696,48.3515],[15.6665,48.3578],[15.6704,48.3639],[15.6667,48.3685],[15.6671,48.374],[15.6509,48.376],[15.6398,48.3722],[15.6334,48.3726],[15.6388,48.379],[15.6291,48.3818],[15.6284,48.3868],[15.6352,48.3923],[15.6366,48.3972],[15.634,48.4046],[15.5864,48.4009],[15.5725,48.3969],[15.5594,48.3913],[15.5571,48.3942],[15.5616,48.3991],[15.5569,48.4037],[15.5591,48.4087],[15.5479,48.4131],[15.5449,48.4093],[15.5309,48.4106],[15.525,48.4163],[15.5339,48.4195],[15.5319,48.4217],[15.5354,48.4293],[15.5311,48.4298],[15.5257,48.4363],[15.5372,48.4393],[15.5499,48.4361],[15.581,48.4342],[15.5833,48.4362],[15.5837,48.4368],[15.5947,48.4432],[15.5988,48.4411],[15.6147,48.4387],[15.614,48.4435],[15.6196,48.4417],[15.6301,48.4494],[15.6457,48.4508],[15.6458,48.4434],[15.6377,48.4432],[15.6376,48.4356],[15.6404,48.4197],[15.6428,48.4156],[15.6526,48.4138],[15.6578,48.4073],[15.6717,48.4096],[15.6678,48.4042],[15.6705,48.3967],[15.6758,48.3909],[15.6843,48.39],[15.6928,48.3859],[15.7,48.3881],[15.7173,48.3846],[15.7253,48.3788]]]},"properties":{"code":"313"}},
{"type":"Feature","geometry":{"type":"Polygon","coordinates":[[[15.8755,48.076],[15.8727,48.072],[15.8574,48.0654],[15.8454,48.0621],[15.8342,48.0689],[15.8284,48.0689],[15.8215,48.0728],[15.8192,48.0801],[15.8128,48.0779],[15.7976,48.077],[15.7916,48.0737],[15.7704,48.0712],[15.7636,48.0797],[15.7495,48.0807],[15.7315,48.0774],[15.7233,48.0825],[15.7047,48.0859],[15.701,48.0898],[15.6946,48.087],[15.6832,48.0892],[15.6623,48.0878],[15.6593,48.0838],[15.6488,48.0834],[15.6377,48.0801],[15.6365,48.0751],[15.6252,48.0762],[15.6297,48.0696],[15.6013,48.0676],[15.6,48.0715],[15.5909,48.0741],[15.5834,48.0683],[15.5685,48.071],[15.5515,48.0703],[15.5552,48.0647],[15.5445,48.0645],[15.5383,48.0601],[15.527,48.0564],[15.5236,48.0503],[15.5296,48.0437],[15.5197,48.0376],[15.5198,48.0265],[15.5305,48.0179],[15.5335,48.0082],[15.5104,48.0018],[15.4978,47.9952],[15.4984,47.9804],[15.4923,47.9754],[15.4913,47.9705],[15.4783,47.9676],[15.4671,47.9604],[15.4404,47.96],[15.4325,47.9575],[15.4387,47.9498],[15.4313,47.9487],[15.4273,47.9398],[15.4299,47.9335],[15.4193,47.9288],[15.4164,47.9208],[15.4012,47.9165],[15.3947,47.9167],[15.3904,47.9114],[15.3978,47.9043],[15.3912,47.8998],[15.3718,47.8989],[15.3595,47.891],[15.3475,47.889],[15.336,47.89],[15.3209,47.8847],[15.3132,47.8882],[15.2876,47.8785],[15.2623,47.8813],[15.2616,47.8769],[15.2551,47.8693],[15.2454,47.8691],[15.2395,47.8728],[15.224,47.8709],[15.2142,47.8638],[15.2026,47.8619],[15.1856,47.8546],[15.1739,47.851],[15.1608,47.8491],[15.1644,47.8413],[15.1795,47.8324],[15.18,47.8261],[15.2021,47.8243],[15.2054,47.8197],[15.2284,47.8143],[15.2162,47.8063],[15.2173,47.796],[15.2343,47.7988],[15.2534,47.7928],[15.2628,47.7935],[15.2872,47.7902],[15.2913,47.7992],[15.2955,47.8018],[15.2926,47.8096],[15.2984,47.8206],[15.3081,47.8199],[15.3119,47.8227],[15.3252,47.8214],[15.3332,47.8274],[15.3448,47.8256],[15.3543,47.8266],[15.3611,47.8238],[15.3749,47.8254],[15.3906,47.8167],[15.3918,47.8128],[15.4011,47.8148],[15.4061,47.8128],[15.4031,47.8006],[15.4085,47.7878],[15.4119,47.7844],[15.4233,47.7853],[15.4333,47.7915],[15.44,47.7904],[15.4411,47.7857],[15.4499,47.7728],[15.461,47.7697],[15.4733,47.7713],[15.4845,47.7707],[15.4916,47.7683],[15.5016,47.7689],[15.5162,47.7631],[15.5145,47.7557],[15.5086,47.753],[15.5135,47.7467],[15.5289,47.7459],[15.5517,47.7495],[15.5613,47.7455],[15.5688,47.7492],[15.5855,47.7487],[15.601,47.7516],[15.6117,47.7511],[15.6089,47.7596],[15.6144,47.7605],[15.618,47.768],[15.619,47.7799],[15.6112,47.7829],[15.6008,47.7959],[15.6002,47.7997],[15.6155,47.8036],[15.6184,47.8123],[15.6309,47.8156],[15.6322,47.8259],[15.6235,47.833],[15.6225,47.8377],[15.6156,47.841],[15.6231,47.849],[15.628,47.8491],[15.6291,47.8547],[15.6224,47.8596],[15.625,47.8647],[15.6219,47.8696],[15.625,47.8754],[15.6383,47.8791],[15.6396,47.8842],[15.6498,47.8842],[15.6593,47.8926],[15.6614,47.9009],[15.6667,47.9029],[15.6788,47.8995],[15.6752,47.8904],[15.6782,47.8855],[15.6878,47.8872],[15.6903,47.8951],[15.6992,47.9012],[15.7038,47.9011],[15.7136,47.9069],[15.7125,47.9115],[15.7172,47.9153],[15.7386,47.9193],[15.74,47.9237],[15.7479,47.9257],[15.7505,47.9309],[15.7588,47.9348],[15.7806,47.9322],[15.7863,47.9358],[15.8011,47.9369],[15.8064,47.9354],[15.8167,47.9368],[15.8267,47.944],[15.8582,47.9474],[15.8668,47.9527],[15.8679,47.9591],[15.8719,47.9601],[15.8681,47.9638],[15.8662,47.9721],[15.8731,47.9786],[15.8716,47.9853],[15.8663,47.9918],[15.8668,47.9964],[15.8766,48.0009],[15.8902,47.999],[15.8939,47.9963],[15.9021,47.9972],[15.9103,47.9929],[15.9363,47.9947],[15.948,47.9983],[15.9469,48.0012],[15.9321,48.0079],[15.9371,48.0178],[15.9492,48.0237],[15.9345,48.0262],[15.9345,48.043],[15.9372,48.0463],[15.9308,48.0476],[15.9187,48.0553],[15.9103,48.054],[15.9051,48.0495],[15.8916,48.0536],[15.8812,48.054],[15.8796,48.0707],[15.8755,48.076]]]},"properties":{"code":"314"}},
{"type":"Feature","geometry":{"type":"Polygon","coordinates":[[[15.0154,48.1171],[15.0211,48.1215],[15.0326,48.1216],[15.0355,48.1268],[15.0459,48.1278],[15.0489,48.1307],[15.0595,48.1323],[15.066,48.1372],[15.0755,48.1407],[15.0778,48.1376],[15.0916,48.1385],[15.1022,48.1368],[15.1044,48.1392],[15.1041,48.1393],[15.1055,48.1408],[15.1224,48.1416],[15.1228,48.1369],[15.1321,48.1359],[15.1425,48.1414],[15.1415,48.146],[15.1546,48.138],[15.1627,48.1265],[15.1565,48.1215],[15.164,48.1158],[15.1724,48.1244],[15.176,48.1215],[15.1881,48.1253],[15.1904,48.1296],[15.1964,48.1315],[15.2062,48.1249],[15.2017,48.1237],[15.1908,48.1279],[15.1893,48.1212],[15.1953,48.1171],[15.1898,48.1154],[15.1942,48.1099],[15.2138,48.1138],[15.2129,48.1115],[15.2308,48.0999],[15.2388,48.0974],[15.2543,48.0828],[15.2588,48.0823],[15.2688,48.0751],[15.2761,48.0747],[15.2852,48.075],[15.2797,48.0711],[15.2869,48.069],[15.2873,48.0598],[15.2917,48.0538],[15.2815,48.0508],[15.2712,48.0508],[15.2709,48.0429],[15.267,48.0432],[15.2632,48.0283],[15.2668,48.0277],[15.2653,48.0233],[15.2623,48.0186],[15.2739,48.0146],[15.2761,48.0068],[15.2908,48.0121],[15.2938,48.018],[15.3127,48.0184],[15.3277,48.0201],[15.3426,48.026],[15.3518,48.0229],[15.3575,48.025],[15.3603,48.0329],[15.3715,48.0396],[15.3949,48.0448],[15.3969,48.0523],[15.4115,48.0533],[15.4137,48.0603],[15.4236,48.0595],[15.4301,48.0681],[15.431,48.0739],[15.4419,48.0775],[15.4372,48.0911],[15.4376,48.0912],[15.4445,48.0941],[15.4386,48.1007],[15.454,48.1026],[15.4684,48.1067],[15.4771,48.1114],[15.4904,48.1122],[15.4901,48.1165],[15.5044,48.1175],[15.5033,48.1274],[15.5164,48.1288],[15.5086,48.1307],[15.5085,48.1351],[15.518,48.1355],[15.5176,48.1391],[15.5063,48.1377],[15.4882,48.1399],[15.4745,48.1451],[15.4763,48.141],[15.4654,48.138],[15.4547,48.1425],[15.4601,48.1469],[15.4699,48.1486],[15.4719,48.1531],[15.4584,48.1557],[15.4431,48.1652],[15.4452,48.1789],[15.4401,48.1784],[15.4385,48.185],[15.4402,48.1963],[15.434,48.1996],[15.4224,48.2108],[15.4317,48.2145],[15.4396,48.2259],[15.4553,48.2324],[15.4538,48.2388],[15.4616,48.2453],[15.4569,48.2503],[15.4514,48.2506],[15.4529,48.2549],[15.463,48.2586],[15.4717,48.2573],[15.4834,48.2592],[15.4803,48.2664],[15.499,48.2671],[15.4989,48.2672],[15.5026,48.2729],[15.4985,48.2731],[15.493,48.2817],[15.5007,48.2835],[15.5003,48.2842],[15.5002,48.2842],[15.5018,48.2894],[15.5165,48.2868],[15.5209,48.2842],[15.5246,48.2907],[15.5223,48.2944],[15.5259,48.3021],[15.5235,48.3061],[15.5317,48.3082],[15.5251,48.3104],[15.5101,48.3105],[15.5077,48.3196],[15.5033,48.3186],[15.4854,48.3218],[15.468,48.3124],[15.4614,48.3183],[15.4478,48.3102],[15.4407,48.3088],[15.4453,48.318],[15.4416,48.3237],[15.4235,48.3229],[15.4102,48.3248],[15.4117,48.316],[15.4099,48.3067],[15.4031,48.2859],[15.3953,48.2795],[15.3825,48.272],[15.368,48.2795],[15.3574,48.2781],[15.3513,48.2809],[15.3395,48.2783],[15.3255,48.2728],[15.3199,48.2738],[15.3099,48.2692],[15.3073,48.2711],[15.313,48.2756],[15.3015,48.2759],[15.2979,48.2788],[15.2886,48.2758],[15.2877,48.2819],[15.2921,48.2839],[15.2908,48.2894],[15.2973,48.2929],[15.2958,48.2973],[15.3059,48.3045],[15.2951,48.3097],[15.3041,48.3181],[15.3032,48.3227],[15.3144,48.3232],[15.3175,48.3279],[15.3267,48.3287],[15.3355,48.335],[15.3372,48.3444],[15.3285,48.3505],[15.3194,48.3473],[15.3129,48.3514],[15.3093,48.3509],[15.3002,48.3531],[15.2931,48.3523],[15.2858,48.3565],[15.2715,48.3688],[15.2706,48.3737],[15.263,48.3753],[15.2602,48.3719],[15.2438,48.3757],[15.247,48.3654],[15.2452,48.3621],[15.251,48.3597],[15.2518,48.3547],[15.2392,48.3592],[15.2261,48.3592],[15.2197,48.3626],[15.2023,48.366],[15.1941,48.3607],[15.1903,48.3538],[15.1861,48.3538],[15.1778,48.363],[15.1778,48.3631],[15.1746,48.3628],[15.1746,48.352],[15.1655,48.3487],[15.1641,48.3419],[15.1521,48.3467],[15.1462,48.3447],[15.1461,48.3447],[15.1453,48.3448],[15.1347,48.3407],[15.1401,48.3375],[15.1334,48.3296],[15.1235,48.3292],[15.1163,48.3343],[15.1113,48.3319],[15.1002,48.3384],[15.0942,48.3375],[15.0994,48.344],[15.0977,48.3509],[15.0929,48.3511],[15.0889,48.3463],[15.0839,48.3487],[15.0568,48.352],[15.0554,48.357],[15.0477,48.3578],[15.0418,48.3626],[15.0323,48.3636],[15.0181,48.37],[15.0152,48.3675],[15.0067,48.3699],[15.006,48.3743],[14.9984,48.3747],[14.9902,48.3712],[14.9822,48.3764],[14.9755,48.3689],[14.9681,48.3639],[14.9621,48.3681],[14.9644,48.3785],[14.9597,48.3748],[14.9534,48.3617],[14.9511,48.3457],[14.9527,48.3406],[14.9483,48.3363],[14.9437,48.3236],[14.9503,48.3225],[14.9598,48.3254],[14.9743,48.3222],[14.9784,48.3236],[14.9864,48.3193],[14.985,48.3094],[14.9868,48.3063],[14.9839,48.298],[14.9903,48.2792],[14.9894,48.2701],[14.9883,48.2632],[14.992,48.2559],[14.9798,48.2523],[14.97,48.2457],[14.9703,48.238],[14.9747,48.2348],[14.9631,48.2302],[14.9522,48.2191],[14.9549,48.2155],[14.9621,48.2147],[14.969,48.2084],[14.9648,48.204],[14.9748,48.2011],[14.9742,48.1988],[14.993,48.1955],[14.9811,48.1951],[14.9779,48.1842],[14.9591,48.185],[14.9614,48.1803],[14.971,48.1756],[14.9719,48.1685],[14.9687,48.1633],[14.9704,48.1561],[14.9649,48.1553],[14.9648,48.1502],[14.9736,48.1463],[14.9775,48.1391],[14.973,48.1362],[14.975,48.1205],[14.9807,48.1106],[14.9882,48.116],[14.996,48.1155],[15.0013,48.1189],[15.0043,48.1152],[15.0154,48.1171]]]},"properties":{"code":"315"}},
{"type":"Feature","geometry":{"type":"MultiPolygon","coordinates":[[[[16.9264,48.6414],[16.9204,48.646],[16.9193,48.6518],[16.9234,48.6591],[16.9228,48.6705],[16.9127,48.6738],[16.9101,48.6779],[16.9185,48.6937],[16.9168,48.7001],[16.9113,48.7068],[16.9024,48.7121],[16.9062,48.7147],[16.8855,48.7166],[16.8792,48.723],[16.8694,48.7125],[16.8412,48.7116],[16.8343,48.7165],[16.8273,48.7111],[16.8161,48.7103],[16.8054,48.7122],[16.7997,48.7094],[16.79,48.7138],[16.7785,48.7142],[16.7758,48.7119],[16.7637,48.7186],[16.7597,48.7165],[16.7532,48.7208],[16.7473,48.7321],[16.735,48.7308],[16.7278,48.737],[16.7144,48.7381],[16.7054,48.7352],[16.7011,48.7365],[16.6879,48.729],[16.6826,48.7278],[16.6755,48.7373],[16.6739,48.7429],[16.6809,48.751],[16.6788,48.7628],[16.6747,48.7715],[16.6664,48.7737],[16.6632,48.7813],[16.6512,48.7852],[16.6345,48.7858],[16.6306,48.7804],[16.6099,48.7806],[16.5932,48.7828],[16.5938,48.7866],[16.5824,48.7921],[16.5646,48.794],[16.5552,48.8039],[16.5407,48.8143],[16.5234,48.7998],[16.5186,48.7982],[16.5162,48.8026],[16.4999,48.8012],[16.4783,48.802],[16.4643,48.8098],[16.459,48.8081],[16.4619,48.8046],[16.4487,48.7994],[16.448,48.7912],[16.4352,48.7766],[16.4393,48.7743],[16.435,48.7656],[16.4228,48.762],[16.4136,48.7538],[16.4095,48.7443],[16.3941,48.7364],[16.3923,48.7391],[16.383,48.7329],[16.3664,48.7281],[16.3598,48.7281],[16.3514,48.7336],[16.3572,48.7378],[16.343,48.7456],[16.3362,48.7323],[16.3299,48.7312],[16.3103,48.7338],[16.3053,48.7386],[16.2966,48.7377],[16.2786,48.7415],[16.2683,48.7413],[16.2631,48.737],[16.2487,48.7396],[16.2235,48.7401],[16.2224,48.7343],[16.2156,48.7358],[16.2244,48.7303],[16.222,48.7242],[16.2278,48.7227],[16.228,48.718],[16.2229,48.7109],[16.2256,48.7058],[16.2171,48.7024],[16.2103,48.7025],[16.2096,48.6981],[16.2158,48.6978],[16.2133,48.6862],[16.2023,48.6718],[16.1994,48.6627],[16.2015,48.6485],[16.2328,48.6525],[16.2339,48.6575],[16.2576,48.6547],[16.2618,48.6435],[16.2526,48.6412],[16.2593,48.6343],[16.2551,48.6336],[16.2581,48.6175],[16.2684,48.6026],[16.2951,48.6059],[16.3016,48.6089],[16.3043,48.6031],[16.3018,48.5946],[16.2943,48.5945],[16.2884,48.5904],[16.2901,48.5808],[16.2879,48.5772],[16.2893,48.5664],[16.3019,48.5648],[16.3083,48.5687],[16.3177,48.5934],[16.3193,48.5886],[16.3355,48.5828],[16.3402,48.5765],[16.3441,48.5777],[16.3431,48.5908],[16.3401,48.5974],[16.3492,48.5997],[16.358,48.5978],[16.3645,48.5923],[16.3657,48.5829],[16.3743,48.5794],[16.3801,48.5735],[16.395,48.5744],[16.3898,48.5718],[16.3893,48.5658],[16.3828,48.5615],[16.3663,48.5534],[16.3651,48.5498],[16.3879,48.539],[16.3938,48.5396],[16.4077,48.5368],[16.4148,48.5329],[16.406,48.5317],[16.4011,48.5246],[16.4014,48.5187],[16.3966,48.5135],[16.4058,48.5099],[16.41,48.5081],[16.4306,48.5128],[16.4274,48.5038],[16.4353,48.5035],[16.4338,48.4995],[16.4309,48.4949],[16.436,48.4878],[16.4329,48.4752],[16.4375,48.4694],[16.4261,48.4689],[16.4204,48.4608],[16.4203,48.4561],[16.4128,48.455],[16.4078,48.4493],[16.4105,48.4376],[16.4212,48.4371],[16.4269,48.4416],[16.4321,48.4408],[16.4455,48.4337],[16.4335,48.4328],[16.4323,48.4295],[16.4449,48.4243],[16.4386,48.4098],[16.4354,48.4068],[16.4269,48.4105],[16.4206,48.4089],[16.4275,48.4062],[16.4165,48.3824],[16.4163,48.3793],[16.4244,48.3744],[16.4356,48.3725],[16.4439,48.3655],[16.4432,48.3552],[16.4501,48.3524],[16.4532,48.3548],[16.4727,48.3453],[16.482,48.3521],[16.5208,48.3296],[16.5257,48.3285],[16.5452,48.3253],[16.549,48.332],[16.5656,48.3281],[16.5926,48.319],[16.6033,48.3145],[16.6128,48.321],[16.617,48.3158],[16.6352,48.3233],[16.6496,48.3277],[16.6577,48.3331],[16.6609,48.3381],[16.6358,48.3453],[16.6421,48.3551],[16.627,48.3581],[16.6291,48.364],[16.6125,48.3756],[16.6133,48.3776],[16.5976,48.3793],[16.5969,48.3907],[16.5891,48.3928],[16.5826,48.3995],[16.5818,48.4046],[16.5737,48.4138],[16.5812,48.4203],[16.578,48.4275],[16.5666,48.4255],[16.5565,48.4302],[16.5571,48.4418],[16.5509,48.4588],[16.5444,48.4613],[16.5486,48.4662],[16.5552,48.4643],[16.557,48.4676],[16.5722,48.4697],[16.5729,48.4715],[16.5843,48.4694],[16.5938,48.4714],[16.6065,48.4651],[16.6127,48.4746],[16.6282,48.47],[16.6371,48.465],[16.6428,48.4698],[16.6572,48.4805],[16.6464,48.4865],[16.6315,48.4895],[16.6315,48.4957],[16.6424,48.5089],[16.6543,48.5085],[16.6625,48.5206],[16.6885,48.5316],[16.7016,48.5302],[16.6967,48.535],[16.6949,48.5423],[16.6865,48.5548],[16.68,48.5613],[16.6832,48.5631],[16.68,48.5726],[16.693,48.5812],[16.6917,48.5831],[16.704,48.5876],[16.7015,48.6027],[16.6984,48.6121],[16.6923,48.6195],[16.6833,48.624],[16.6777,48.6307],[16.7101,48.6212],[16.7061,48.6159],[16.7252,48.6059],[16.7343,48.6096],[16.7276,48.6155],[16.7313,48.6261],[16.7339,48.6274],[16.7591,48.6256],[16.779,48.6353],[16.7854,48.6291],[16.8015,48.6267],[16.8015,48.6193],[16.8156,48.6154],[16.825,48.6155],[16.8462,48.6074],[16.8572,48.6096],[16.853,48.6126],[16.8536,48.6177],[16.8589,48.617],[16.8467,48.6238],[16.8592,48.6343],[16.8888,48.627],[16.9065,48.6254],[16.9075,48.6369],[16.9044,48.641],[16.9151,48.6449],[16.9264,48.6414]]],[[[16.9284,48.6388],[16.9284,48.6389],[16.9264,48.6414],[16.9284,48.6388]]]]},"properties":{"code":"316"}},
{"type":"Feature","geometry":{"type":"Polygon","coordinates":[[[16.4079,48.0059],[16.4141,48.0181],[16.4166,48.0293],[16.4156,48.0362],[16.4169,48.0495],[16.4027,48.0532],[16.4049,48.0636],[16.3997,48.0731],[16.4044,48.0744],[16.401,48.0801],[16.4151,48.0886],[16.4149,48.0909],[16.3754,48.0994],[16.3797,48.108],[16.3798,48.108],[16.3883,48.1254],[16.3656,48.1287],[16.3287,48.1371],[16.325,48.1363],[16.3185,48.1246],[16.3139,48.1256],[16.3126,48.1196],[16.2986,48.1253],[16.2978,48.1295],[16.2682,48.1338],[16.2597,48.13],[16.2441,48.1311],[16.2356,48.1299],[16.2189,48.1238],[16.2181,48.1281],[16.2386,48.132],[16.2384,48.1372],[16.2217,48.1361],[16.2105,48.1493],[16.2232,48.1532],[16.2035,48.1555],[16.1982,48.1541],[16.1938,48.1663],[16.1819,48.171],[16.178,48.1695],[16.1645,48.1705],[16.1541,48.169],[16.1561,48.1626],[16.1436,48.1511],[16.1268,48.145],[16.1231,48.1376],[16.113,48.1316],[16.1073,48.1323],[16.0977,48.1409],[16.0927,48.1426],[16.0826,48.138],[16.0794,48.1302],[16.0721,48.1329],[16.0583,48.1322],[16.0568,48.1291],[16.0398,48.1229],[16.0395,48.1128],[16.051,48.107],[16.0416,48.0982],[16.0472,48.0823],[16.0559,48.0884],[16.064,48.0902],[16.0731,48.086],[16.0806,48.0877],[16.0811,48.0764],[16.0839,48.0722],[16.0969,48.0725],[16.0954,48.0662],[16.1053,48.0619],[16.1143,48.0748],[16.1249,48.0733],[16.1373,48.0783],[16.1479,48.0691],[16.1599,48.0645],[16.1566,48.0584],[16.1608,48.048],[16.1789,48.044],[16.1914,48.0387],[16.2006,48.0393],[16.2146,48.0345],[16.2272,48.0255],[16.23,48.032],[16.2394,48.0373],[16.2457,48.0353],[16.2505,48.0397],[16.2659,48.0343],[16.2691,48.0367],[16.2853,48.0292],[16.297,48.0341],[16.296,48.0382],[16.3008,48.0433],[16.3268,48.0317],[16.356,48.0227],[16.3519,48.0185],[16.3582,48.0186],[16.3752,48.0078],[16.3917,48.0032],[16.4079,48.0059]]]},"properties":{"code":"317"}},
{"type":"Feature","geometry":{"type":"Polygon","coordinates":[[[16.1783,47.7739],[16.161,47.7859],[16.1495,47.7877],[16.1286,47.8002],[16.1294,47.8049],[16.1174,47.8038],[16.1025,47.798],[16.0897,47.797],[16.0818,47.8035],[16.066,47.8053],[16.0552,47.8047],[16.0389,47.8128],[16.0374,47.8165],[16.0302,47.8179],[16.0284,47.8139],[16.0183,47.8118],[16.0027,47.8142],[15.9975,47.8164],[15.9791,47.8106],[15.9746,47.8075],[15.9725,47.8155],[15.9657,47.8181],[15.9656,47.8256],[15.9442,47.8196],[15.9341,47.8147],[15.9325,47.8116],[15.9252,47.8146],[15.9181,47.81],[15.9122,47.8158],[15.914,47.8203],[15.9064,47.8271],[15.8843,47.8209],[15.8808,47.8221],[15.8653,47.8209],[15.8567,47.818],[15.8456,47.8095],[15.8521,47.8037],[15.8262,47.7991],[15.8192,47.7989],[15.809,47.7848],[15.7945,47.7858],[15.7962,47.7981],[15.8028,47.8106],[15.7963,47.8186],[15.8014,47.8234],[15.8001,47.8322],[15.7868,47.8364],[15.7804,47.842],[15.7763,47.8377],[15.7658,47.8369],[15.7526,47.8324],[15.7532,47.8417],[15.7464,47.8496],[15.7401,47.862],[15.7258,47.862],[15.7157,47.8637],[15.7081,47.8627],[15.6975,47.858],[15.69,47.8624],[15.6771,47.8667],[15.6742,47.8631],[15.662,47.8597],[15.6518,47.8588],[15.6396,47.8542],[15.6291,47.8547],[15.628,47.8491],[15.6231,47.849],[15.6156,47.841],[15.6225,47.8377],[15.6235,47.833],[15.6322,47.8259],[15.6309,47.8156],[15.6184,47.8123],[15.6155,47.8036],[15.6002,47.7997],[15.6008,47.7959],[15.6112,47.7829],[15.619,47.7799],[15.618,47.768],[15.6144,47.7605],[15.6089,47.7596],[15.6117,47.7511],[15.6156,47.7468],[15.629,47.7243],[15.636,47.7154],[15.6518,47.7176],[15.6621,47.712],[15.6703,47.71],[15.6787,47.699],[15.6915,47.7052],[15.6967,47.7129],[15.7154,47.7126],[15.7192,47.7098],[15.7157,47.7029],[15.715,47.6952],[15.7196,47.6898],[15.7177,47.6846],[15.7219,47.6793],[15.7247,47.6695],[15.7287,47.6642],[15.7285,47.6564],[15.7251,47.6464],[15.7345,47.6456],[15.7441,47.641],[15.7409,47.6333],[15.75,47.6322],[15.7631,47.635],[15.7701,47.6401],[15.7807,47.6426],[15.7818,47.6392],[15.7894,47.6399],[15.7963,47.6364],[15.8068,47.6351],[15.8218,47.638],[15.8301,47.6321],[15.833,47.6224],[15.8446,47.6171],[15.8567,47.6208],[15.8623,47.6138],[15.8564,47.6028],[15.848,47.5968],[15.8489,47.5906],[15.8445,47.5863],[15.847,47.5678],[15.8644,47.5659],[15.8738,47.5733],[15.8879,47.5712],[15.9043,47.5628],[15.9029,47.5548],[15.904,47.5424],[15.9121,47.5358],[15.9139,47.5304],[15.9219,47.53],[15.9363,47.5263],[15.9511,47.5183],[15.9562,47.5171],[15.974,47.5202],[15.9852,47.5171],[16.0016,47.5154],[16.0106,47.5176],[16.0263,47.5127],[16.0328,47.5042],[16.0413,47.5007],[16.0428,47.4966],[16.0463,47.4916],[16.0578,47.4846],[16.0651,47.4863],[16.0652,47.5019],[16.0747,47.503],[16.0784,47.4992],[16.0814,47.506],[16.0905,47.5078],[16.0938,47.5163],[16.0978,47.5241],[16.1095,47.525],[16.1114,47.5222],[16.1153,47.5144],[16.1153,47.5143],[16.1109,47.5106],[16.1139,47.5068],[16.1212,47.5113],[16.1213,47.5113],[16.1186,47.5059],[16.1141,47.4991],[16.1159,47.4895],[16.1212,47.4878],[16.1185,47.483],[16.1203,47.4779],[16.1151,47.4743],[16.1245,47.4734],[16.1267,47.4683],[16.133,47.4695],[16.138,47.4614],[16.1556,47.4649],[16.1596,47.4671],[16.1596,47.4672],[16.1603,47.4779],[16.1668,47.482],[16.163,47.4895],[16.1691,47.4913],[16.1593,47.4979],[16.1638,47.5029],[16.163,47.5068],[16.1568,47.5095],[16.1576,47.5202],[16.1613,47.5231],[16.1565,47.527],[16.1521,47.5406],[16.1441,47.5485],[16.1425,47.5566],[16.1467,47.5555],[16.1657,47.5562],[16.166,47.5455],[16.1696,47.5349],[16.1779,47.5321],[16.174,47.5385],[16.1775,47.5506],[16.1816,47.548],[16.1773,47.5427],[16.1864,47.5452],[16.1881,47.5371],[16.2007,47.5345],[16.2101,47.538],[16.1989,47.548],[16.1849,47.5583],[16.1901,47.5731],[16.1942,47.5764],[16.1915,47.5887],[16.1833,47.5923],[16.1776,47.5975],[16.1744,47.6092],[16.1821,47.6189],[16.1898,47.6213],[16.2027,47.6365],[16.201,47.6466],[16.2053,47.6509],[16.206,47.666],[16.2015,47.6765],[16.2194,47.7037],[16.2175,47.7086],[16.2073,47.7092],[16.2124,47.7124],[16.2066,47.7153],[16.2085,47.7188],[16.202,47.7217],[16.191,47.7217],[16.1862,47.7245],[16.1814,47.7213],[16.1672,47.7183],[16.1567,47.7216],[16.1636,47.724],[16.1781,47.7224],[16.1841,47.7299],[16.2052,47.7342],[16.1962,47.7501],[16.1833,47.7565],[16.1748,47.7474],[16.1607,47.7427],[16.1465,47.7552],[16.1547,47.7615],[16.1783,47.7739]]]},"properties":{"code":"318"}},
{"type":"Feature","geometry":{"type":"Polygon","coordinates":[[[15.6667,48.3685],[15.6704,48.3639],[15.6665,48.3578],[15.6696,48.3515],[15.6693,48.3449],[15.6541,48.3373],[15.6383,48.3347],[15.6314,48.3301],[15.6312,48.3264],[15.6189,48.3266],[15.6146,48.3326],[15.6063,48.3323],[15.6,48.335],[15.5884,48.3344],[15.5879,48.3398],[15.5793,48.3428],[15.5724,48.3376],[15.5492,48.3374],[15.5416,48.3346],[15.5312,48.3278],[15.5145,48.327],[15.5069,48.328],[15.5106,48.3221],[15.5077,48.3196],[15.5101,48.3105],[15.5251,48.3104],[15.5317,48.3082],[15.5235,48.3061],[15.5259,48.3021],[15.5223,48.2944],[15.5246,48.2907],[15.5209,48.2842],[15.5165,48.2868],[15.5018,48.2894],[15.5002,48.2842],[15.5003,48.2842],[15.5007,48.2835],[15.493,48.2817],[15.4985,48.2731],[15.5026,48.2729],[15.4989,48.2672],[15.499,48.2671],[15.4803,48.2664],[15.4834,48.2592],[15.4717,48.2573],[15.463,48.2586],[15.4529,48.2549],[15.4514,48.2506],[15.4569,48.2503],[15.4616,48.2453],[15.4538,48.2388],[15.4553,48.2324],[15.4396,48.2259],[15.4317,48.2145],[15.4224,48.2108],[15.434,48.1996],[15.4402,48.1963],[15.4385,48.185],[15.4401,48.1784],[15.4452,48.1789],[15.4431,48.1652],[15.4584,48.1557],[15.4719,48.1531],[15.4699,48.1486],[15.4601,48.1469],[15.4547,48.1425],[15.4654,48.138],[15.4763,48.141],[15.4745,48.1451],[15.4882,48.1399],[15.5063,48.1377],[15.5176,48.1391],[15.518,48.1355],[15.5085,48.1351],[15.5086,48.1307],[15.5164,48.1288],[15.5033,48.1274],[15.5044,48.1175],[15.4901,48.1165],[15.4904,48.1122],[15.4771,48.1114],[15.4684,48.1067],[15.454,48.1026],[15.4386,48.1007],[15.4445,48.0941],[15.4376,48.0912],[15.4372,48.0911],[15.4419,48.0775],[15.431,48.0739],[15.4301,48.0681],[15.4236,48.0595],[15.4137,48.0603],[15.4115,48.0533],[15.3969,48.0523],[15.3949,48.0448],[15.3715,48.0396],[15.3603,48.0329],[15.3575,48.025],[15.3518,48.0229],[15.3426,48.026],[15.3277,48.0201],[15.3127,48.0184],[15.2938,48.018],[15.2908,48.0121],[15.2761,48.0068],[15.2703,48.0044],[15.2635,47.9977],[15.2741,47.9859],[15.2749,47.9723],[15.2811,47.9708],[15.2846,47.9655],[15.2823,47.959],[15.2742,47.9583],[15.2747,47.9535],[15.2834,47.9495],[15.2868,47.9464],[15.292,47.943],[15.2951,47.9364],[15.3041,47.9404],[15.3224,47.9357],[15.3285,47.9275],[15.3318,47.9162],[15.3286,47.9115],[15.3369,47.9075],[15.3325,47.9021],[15.3264,47.9008],[15.3277,47.8959],[15.336,47.89],[15.3475,47.889],[15.3595,47.891],[15.3718,47.8989],[15.3912,47.8998],[15.3978,47.9043],[15.3904,47.9114],[15.3947,47.9167],[15.4012,47.9165],[15.4164,47.9208],[15.4193,47.9288],[15.4299,47.9335],[15.4273,47.9398],[15.4313,47.9487],[15.4387,47.9498],[15.4325,47.9575],[15.4404,47.96],[15.4671,47.9604],[15.4783,47.9676],[15.4913,47.9705],[15.4923,47.9754],[15.4984,47.9804],[15.4978,47.9952],[15.5104,48.0018],[15.5335,48.0082],[15.5305,48.0179],[15.5198,48.0265],[15.5197,48.0376],[15.5296,48.0437],[15.5236,48.0503],[15.527,48.0564],[15.5383,48.0601],[15.5445,48.0645],[15.5552,48.0647],[15.5515,48.0703],[15.5685,48.071],[15.5834,48.0683],[15.5909,48.0741],[15.6,48.0715],[15.6013,48.0676],[15.6297,48.0696],[15.6252,48.0762],[15.6365,48.0751],[15.6377,48.0801],[15.6488,48.0834],[15.6593,48.0838],[15.6623,48.0878],[15.6832,48.0892],[15.6946,48.087],[15.701,48.0898],[15.7047,48.0859],[15.7233,48.0825],[15.7315,48.0774],[15.7495,48.0807],[15.7636,48.0797],[15.7704,48.0712],[15.7916,48.0737],[15.7976,48.077],[15.8128,48.0779],[15.8192,48.0801],[15.8215,48.0728],[15.8284,48.0689],[15.8342,48.0689],[15.8454,48.0621],[15.8574,48.0654],[15.8727,48.072],[15.8755,48.076],[15.8898,48.0801],[15.9004,48.0811],[15.9044,48.0846],[15.9201,48.0906],[15.9198,48.0965],[15.9123,48.1007],[15.9126,48.1067],[15.9239,48.1058],[15.9292,48.1074],[15.9326,48.1132],[15.9523,48.119],[15.9624,48.128],[15.9715,48.1336],[15.9842,48.1389],[15.9956,48.1457],[16.0027,48.1387],[16.0168,48.1374],[16.0319,48.1413],[16.0372,48.137],[16.0491,48.1381],[16.0483,48.1341],[16.0583,48.1322],[16.0721,48.1329],[16.0794,48.1302],[16.0826,48.138],[16.0927,48.1426],[16.0977,48.1409],[16.1073,48.1323],[16.113,48.1316],[16.1231,48.1376],[16.1268,48.145],[16.1436,48.1511],[16.1561,48.1626],[16.1541,48.169],[16.1645,48.1705],[16.178,48.1695],[16.1819,48.171],[16.1998,48.1862],[16.2074,48.2023],[16.2019,48.2048],[16.2096,48.2096],[16.1979,48.2142],[16.1961,48.2234],[16.1852,48.2232],[16.1983,48.2304],[16.1936,48.2334],[16.1935,48.2432],[16.1962,48.2498],[16.2056,48.2562],[16.2081,48.2641],[16.2015,48.2678],[16.1875,48.2717],[16.1777,48.2768],[16.1775,48.2837],[16.1622,48.2788],[16.1656,48.2729],[16.1598,48.2653],[16.1487,48.2674],[16.1432,48.2764],[16.1355,48.2728],[16.1341,48.2689],[16.1402,48.2677],[16.1428,48.2613],[16.1361,48.2575],[16.1354,48.2578],[16.1269,48.2585],[16.1183,48.2598],[16.1102,48.2516],[16.1169,48.2481],[16.121,48.2421],[16.1063,48.2435],[16.1038,48.2426],[16.1013,48.2431],[16.0973,48.2434],[16.091,48.2427],[16.0944,48.25],[16.0854,48.2559],[16.081,48.2527],[16.0864,48.2483],[16.0862,48.2467],[16.0846,48.2436],[16.0764,48.2421],[16.072,48.2466],[16.0652,48.2481],[16.0648,48.2401],[16.0706,48.2382],[16.0625,48.2339],[16.0558,48.2361],[16.0455,48.2248],[16.0402,48.2242],[16.0407,48.2187],[16.0267,48.2205],[16.0235,48.2222],[16.0117,48.223],[16.012,48.2168],[16.0206,48.2139],[16.0388,48.2133],[16.0427,48.207],[16.0336,48.2073],[16.0339,48.2014],[16.0232,48.1998],[16.0135,48.195],[16.0061,48.1977],[16.0007,48.2083],[15.9875,48.2186],[15.9882,48.2219],[15.9788,48.2226],[15.9743,48.2263],[15.976,48.2319],[15.9725,48.2388],[15.9603,48.24],[15.9473,48.2391],[15.9634,48.2485],[15.9551,48.2545],[15.9622,48.2538],[15.9513,48.2633],[15.9435,48.2611],[15.9381,48.2553],[15.9284,48.2608],[15.9127,48.2647],[15.8966,48.2622],[15.8862,48.2582],[15.8887,48.2515],[15.8944,48.2502],[15.8922,48.2441],[15.8854,48.2422],[15.8853,48.2316],[15.871,48.2333],[15.8633,48.2297],[15.8418,48.2304],[15.846,48.2368],[15.8413,48.2386],[15.8468,48.2415],[15.8416,48.2515],[15.8294,48.2491],[15.8282,48.2514],[15.8193,48.2502],[15.8251,48.2605],[15.8321,48.2612],[15.8354,48.2653],[15.8331,48.2693],[15.8373,48.2746],[15.8454,48.2772],[15.8383,48.2859],[15.8309,48.2892],[15.8261,48.2869],[15.8101,48.2854],[15.8034,48.2878],[15.809,48.292],[15.8152,48.2878],[15.8252,48.2988],[15.8197,48.3058],[15.816,48.3013],[15.7916,48.3008],[15.7894,48.3088],[15.7961,48.3092],[15.7971,48.3126],[15.7834,48.3112],[15.7834,48.3144],[15.7604,48.3128],[15.7689,48.315],[15.7661,48.3185],[15.7676,48.3251],[15.7827,48.3362],[15.7876,48.336],[15.7965,48.331],[15.8134,48.3313],[15.8241,48.3356],[15.824,48.3475],[15.8064,48.3491],[15.8138,48.3583],[15.8209,48.3583],[15.8277,48.3551],[15.8338,48.3563],[15.8354,48.3615],[15.8395,48.3602],[15.8418,48.3686],[15.8347,48.3705],[15.8244,48.3647],[15.8156,48.3651],[15.8118,48.362],[15.8076,48.3555],[15.7984,48.3558],[15.7989,48.3642],[15.7936,48.369],[15.7825,48.367],[15.7725,48.3773],[15.7751,48.379],[15.7654,48.3854],[15.7557,48.3882],[15.7485,48.3832],[15.7314,48.3842],[15.7253,48.3788],[15.7286,48.3758],[15.7216,48.3732],[15.7091,48.3732],[15.7039,48.3704],[15.6956,48.3712],[15.6932,48.3683],[15.6805,48.3706],[15.6667,48.3685]],[[15.5946,48.126],[15.5904,48.1258],[15.579,48.132],[15.5805,48.1385],[15.5784,48.1441],[15.5869,48.1486],[15.5928,48.1491],[15.5902,48.166],[15.5698,48.1678],[15.5703,48.1637],[15.5648,48.1627],[15.5589,48.1663],[15.5623,48.1696],[15.5565,48.1739],[15.556,48.1821],[15.5613,48.1823],[15.5617,48.1871],[15.5745,48.1903],[15.574,48.1968],[15.5774,48.1986],[15.5753,48.2119],[15.5829,48.2183],[15.5792,48.223],[15.5858,48.2319],[15.5923,48.2294],[15.6044,48.2332],[15.6135,48.2324],[15.6121,48.2358],[15.6183,48.2385],[15.6271,48.2388],[15.6378,48.248],[15.6511,48.2448],[15.6626,48.2425],[15.663,48.251],[15.6718,48.259],[15.6717,48.2626],[15.6963,48.2616],[15.7039,48.2637],[15.7076,48.2683],[15.7167,48.2628],[15.7362,48.2664],[15.7392,48.2622],[15.7326,48.2605],[15.7336,48.2564],[15.7275,48.2542],[15.7263,48.2495],[15.7368,48.23],[15.7334,48.2281],[15.7318,48.2196],[15.7256,48.2162],[15.7213,48.2094],[15.7017,48.2079],[15.6948,48.205],[15.6926,48.1967],[15.6765,48.1995],[15.6697,48.1982],[15.6634,48.1902],[15.6662,48.1897],[15.6656,48.1808],[15.6456,48.1757],[15.6449,48.1685],[15.6417,48.167],[15.6437,48.1568],[15.6494,48.1539],[15.6546,48.1514],[15.6487,48.1437],[15.655,48.1429],[15.6551,48.1332],[15.6489,48.129],[15.6533,48.1267],[15.6495,48.1226],[15.642,48.1223],[15.6411,48.1186],[15.6178,48.1236],[15.6014,48.1232],[15.5946,48.126]]]},"properties":{"code":"319"}},
{"type":"Feature","geometry":{"type":"Polygon","coordinates":[[[14.9206,47.9742],[14.9339,47.9712],[14.9448,47.9735],[14.954,47.9722],[14.9496,47.9646],[14.9436,47.961],[14.9477,47.9586],[14.9572,47.959],[14.953,47.9512],[14.9478,47.9478],[14.9433,47.9346],[14.9442,47.928],[14.9521,47.9238],[14.9559,47.9298],[14.9721,47.931],[14.9771,47.9272],[14.9815,47.9314],[14.9883,47.9298],[14.9953,47.9314],[14.9974,47.9228],[15.01,47.9142],[15.0031,47.9079],[14.9928,47.9092],[14.9748,47.9054],[14.968,47.9007],[14.9671,47.891],[14.9597,47.8831],[14.9465,47.8769],[14.9401,47.8678],[14.9323,47.8635],[14.9358,47.8563],[14.9343,47.8526],[14.94,47.8527],[14.9417,47.8483],[14.9484,47.8458],[14.9483,47.8396],[14.9408,47.839],[14.9274,47.8333],[14.9067,47.8295],[14.9075,47.8202],[14.9042,47.8202],[14.9013,47.8136],[14.8865,47.8111],[14.8852,47.8078],[14.8922,47.8069],[14.8927,47.8028],[14.8773,47.8013],[14.8676,47.796],[14.8548,47.7947],[14.8441,47.7901],[14.8517,47.7748],[14.8601,47.7705],[14.8745,47.7669],[14.8528,47.7551],[14.8473,47.7477],[14.8581,47.7405],[14.8606,47.7413],[14.8765,47.7263],[14.8766,47.716],[14.8835,47.7135],[14.9128,47.709],[14.9151,47.7108],[14.9278,47.7106],[14.9314,47.7173],[14.943,47.7242],[14.952,47.7329],[14.9676,47.7372],[14.9728,47.7436],[14.9864,47.7401],[15.0214,47.7479],[15.0283,47.7523],[15.0347,47.7527],[15.0559,47.7409],[15.0789,47.7428],[15.0892,47.7415],[15.126,47.7461],[15.1316,47.7478],[15.1301,47.753],[15.1388,47.7612],[15.1456,47.7572],[15.159,47.7584],[15.1685,47.7537],[15.1748,47.7558],[15.1939,47.7558],[15.1994,47.7534],[15.2104,47.7631],[15.2081,47.7706],[15.2023,47.7705],[15.2008,47.775],[15.2065,47.7777],[15.2081,47.7878],[15.2151,47.7916],[15.2173,47.796],[15.2162,47.8063],[15.2284,47.8143],[15.2054,47.8197],[15.2021,47.8243],[15.18,47.8261],[15.1795,47.8324],[15.1644,47.8413],[15.1608,47.8491],[15.1739,47.851],[15.1856,47.8546],[15.2026,47.8619],[15.2142,47.8638],[15.224,47.8709],[15.2395,47.8728],[15.2454,47.8691],[15.2551,47.8693],[15.2616,47.8769],[15.2623,47.8813],[15.2876,47.8785],[15.3132,47.8882],[15.3209,47.8847],[15.336,47.89],[15.3277,47.8959],[15.3264,47.9008],[15.3325,47.9021],[15.3369,47.9075],[15.3286,47.9115],[15.3318,47.9162],[15.3285,47.9275],[15.3224,47.9357],[15.3041,47.9404],[15.2951,47.9364],[15.292,47.943],[15.2868,47.9464],[15.2834,47.9495],[15.2747,47.9535],[15.2742,47.9583],[15.2823,47.959],[15.2846,47.9655],[15.2811,47.9708],[15.2749,47.9723],[15.2741,47.9859],[15.2635,47.9977],[15.2703,48.0044],[15.2761,48.0068],[15.2739,48.0146],[15.2623,48.0186],[15.2653,48.0233],[15.2668,48.0277],[15.2632,48.0283],[15.267,48.0432],[15.2709,48.0429],[15.2712,48.0508],[15.2815,48.0508],[15.2917,48.0538],[15.2873,48.0598],[15.2869,48.069],[15.2797,48.0711],[15.2852,48.075],[15.2761,48.0747],[15.2688,48.0751],[15.2588,48.0823],[15.2543,48.0828],[15.2388,48.0974],[15.2308,48.0999],[15.2129,48.1115],[15.2138,48.1138],[15.1942,48.1099],[15.1898,48.1154],[15.1953,48.1171],[15.1893,48.1212],[15.1908,48.1279],[15.2017,48.1237],[15.2062,48.1249],[15.1964,48.1315],[15.1904,48.1296],[15.1881,48.1253],[15.176,48.1215],[15.1724,48.1244],[15.164,48.1158],[15.1565,48.1215],[15.1627,48.1265],[15.1546,48.138],[15.1415,48.146],[15.1425,48.1414],[15.1321,48.1359],[15.1228,48.1369],[15.1224,48.1416],[15.1055,48.1408],[15.1041,48.1393],[15.1044,48.1392],[15.1022,48.1368],[15.0916,48.1385],[15.0778,48.1376],[15.0755,48.1407],[15.066,48.1372],[15.0595,48.1323],[15.0489,48.1307],[15.0459,48.1278],[15.0355,48.1268],[15.0326,48.1216],[15.0211,48.1215],[15.0154,48.1171],[15.0116,48.113],[15.0142,48.1067],[15.0074,48.0998],[15.0148,48.0968],[15.0048,48.093],[15.0103,48.0867],[15.0064,48.0769],[15.0012,48.0714],[14.994,48.0725],[14.9845,48.0727],[14.9657,48.0665],[14.9659,48.0556],[14.9716,48.0515],[14.9737,48.0418],[14.9592,48.0416],[14.9542,48.0388],[14.9374,48.0402],[14.9367,48.0372],[14.9195,48.0337],[14.9114,48.0334],[14.9121,48.0297],[14.899,48.0319],[14.9021,48.0208],[14.8895,48.0201],[14.8901,48.0255],[14.8777,48.0224],[14.8699,48.0247],[14.8598,48.0231],[14.8746,48.0171],[14.8732,48.0146],[14.8726,48.0111],[14.8918,48.0099],[14.8849,48.0134],[14.8962,48.0135],[14.9019,48.0111],[14.9036,48.0052],[14.8831,47.9996],[14.8918,47.9924],[14.9021,47.9913],[14.8991,47.9871],[14.9087,47.9847],[14.9178,47.987],[14.914,47.99],[14.9258,47.9876],[14.9317,47.9816],[14.9256,47.9827],[14.9206,47.9742]]]},"properties":{"code":"320"}},
{"type":"Feature","geometry":{"type":"Polygon","coordinates":[[[15.7838,48.4861],[15.7822,48.4793],[15.7849,48.4738],[15.7784,48.4712],[15.7778,48.4634],[15.773,48.4611],[15.7701,48.4474],[15.7666,48.4412],[15.762,48.443],[15.757,48.4388],[15.7643,48.4371],[15.7634,48.421],[15.7571,48.4126],[15.747,48.4084],[15.746,48.3978],[15.7378,48.3959],[15.731,48.3987],[15.7278,48.3934],[15.7125,48.393],[15.7209,48.3906],[15.7192,48.3873],[15.7254,48.3839],[15.7299,48.3878],[15.7314,48.3842],[15.7485,48.3832],[15.7557,48.3882],[15.7654,48.3854],[15.7751,48.379],[15.7725,48.3773],[15.7825,48.367],[15.7936,48.369],[15.7989,48.3642],[15.7984,48.3558],[15.8076,48.3555],[15.8118,48.362],[15.8156,48.3651],[15.8244,48.3647],[15.8347,48.3705],[15.8418,48.3686],[15.8395,48.3602],[15.8354,48.3615],[15.8338,48.3563],[15.8277,48.3551],[15.8209,48.3583],[15.8138,48.3583],[15.8064,48.3491],[15.824,48.3475],[15.8241,48.3356],[15.8134,48.3313],[15.7965,48.331],[15.7876,48.336],[15.7827,48.3362],[15.7676,48.3251],[15.7661,48.3185],[15.7689,48.315],[15.7604,48.3128],[15.7834,48.3144],[15.7834,48.3112],[15.7971,48.3126],[15.7961,48.3092],[15.7894,48.3088],[15.7916,48.3008],[15.816,48.3013],[15.8197,48.3058],[15.8252,48.2988],[15.8152,48.2878],[15.809,48.292],[15.8034,48.2878],[15.8101,48.2854],[15.8261,48.2869],[15.8309,48.2892],[15.8383,48.2859],[15.8454,48.2772],[15.8373,48.2746],[15.8331,48.2693],[15.8354,48.2653],[15.8321,48.2612],[15.8251,48.2605],[15.8193,48.2502],[15.8282,48.2514],[15.8294,48.2491],[15.8416,48.2515],[15.8468,48.2415],[15.8413,48.2386],[15.846,48.2368],[15.8418,48.2304],[15.8633,48.2297],[15.871,48.2333],[15.8853,48.2316],[15.8854,48.2422],[15.8922,48.2441],[15.8944,48.2502],[15.8887,48.2515],[15.8862,48.2582],[15.8966,48.2622],[15.9127,48.2647],[15.9284,48.2608],[15.9381,48.2553],[15.9435,48.2611],[15.9513,48.2633],[15.9622,48.2538],[15.9551,48.2545],[15.9634,48.2485],[15.9473,48.2391],[15.9603,48.24],[15.9725,48.2388],[15.976,48.2319],[15.9743,48.2263],[15.9788,48.2226],[15.9882,48.2219],[15.9875,48.2186],[16.0007,48.2083],[16.0061,48.1977],[16.0135,48.195],[16.0232,48.1998],[16.0339,48.2014],[16.0336,48.2073],[16.0427,48.207],[16.0388,48.2133],[16.0206,48.2139],[16.012,48.2168],[16.0117,48.223],[16.0235,48.2222],[16.0267,48.2205],[16.0407,48.2187],[16.0402,48.2242],[16.0455,48.2248],[16.0558,48.2361],[16.0625,48.2339],[16.0706,48.2382],[16.0648,48.2401],[16.0652,48.2481],[16.072,48.2466],[16.0764,48.2421],[16.0846,48.2436],[16.0862,48.2467],[16.0864,48.2483],[16.081,48.2527],[16.0854,48.2559],[16.0944,48.25],[16.091,48.2427],[16.0973,48.2434],[16.1013,48.2431],[16.1038,48.2426],[16.1063,48.2435],[16.121,48.2421],[16.1169,48.2481],[16.1102,48.2516],[16.1183,48.2598],[16.1269,48.2585],[16.1354,48.2578],[16.1361,48.2575],[16.1428,48.2613],[16.1402,48.2677],[16.1341,48.2689],[16.1355,48.2728],[16.1432,48.2764],[16.1487,48.2674],[16.1598,48.2653],[16.1656,48.2729],[16.1622,48.2788],[16.1775,48.2837],[16.1777,48.2768],[16.1875,48.2717],[16.2015,48.2678],[16.2081,48.2641],[16.2213,48.2582],[16.2338,48.2503],[16.241,48.2481],[16.2375,48.2434],[16.2415,48.2383],[16.2566,48.2399],[16.261,48.2455],[16.2703,48.2519],[16.2687,48.2549],[16.2856,48.2583],[16.2941,48.2645],[16.2868,48.2664],[16.2885,48.2702],[16.3003,48.2733],[16.3059,48.2717],[16.3146,48.274],[16.3207,48.2782],[16.3278,48.2771],[16.3322,48.2809],[16.3452,48.2856],[16.3412,48.289],[16.3481,48.2905],[16.356,48.2833],[16.3632,48.2823],[16.3607,48.2834],[16.3463,48.3014],[16.3464,48.3158],[16.3428,48.3202],[16.3324,48.3266],[16.3261,48.3341],[16.2909,48.3492],[16.2938,48.3525],[16.2737,48.3595],[16.2622,48.3542],[16.2369,48.3565],[16.2289,48.3599],[16.2206,48.3526],[16.2104,48.3593],[16.1997,48.3596],[16.189,48.3669],[16.1813,48.3621],[16.1739,48.3665],[16.1703,48.3644],[16.1655,48.3632],[16.1678,48.3577],[16.146,48.3532],[16.1485,48.3571],[16.1415,48.3579],[16.1322,48.3546],[16.1265,48.3502],[16.1357,48.3444],[16.13,48.3432],[16.1142,48.3456],[16.1095,48.3438],[16.0921,48.3591],[16.0863,48.3604],[16.0873,48.3644],[16.0735,48.3569],[16.0644,48.3634],[16.0551,48.3666],[16.0618,48.3717],[16.0418,48.3705],[16.0387,48.3772],[16.0321,48.3742],[16.0213,48.3796],[16.0065,48.3774],[16.0064,48.3729],[15.9955,48.3731],[15.9877,48.3769],[15.9878,48.3801],[15.9949,48.3802],[15.9951,48.3969],[15.9972,48.3963],[15.9985,48.4087],[15.9902,48.4089],[15.9898,48.4144],[15.9943,48.4251],[16.0081,48.426],[16.0116,48.4324],[16.0196,48.4321],[16.0166,48.4402],[16.0185,48.4551],[16.0113,48.457],[16.0255,48.4696],[16.0302,48.4783],[16.0263,48.4835],[16.0262,48.4914],[16.0242,48.4952],[16.0146,48.4971],[15.9979,48.4945],[15.9869,48.5008],[15.9769,48.4896],[15.9685,48.4872],[15.9622,48.4908],[15.9393,48.4843],[15.9347,48.4856],[15.9297,48.4787],[15.9159,48.4808],[15.9102,48.4782],[15.9064,48.4838],[15.906,48.4942],[15.8991,48.4956],[15.8811,48.4956],[15.8697,48.4926],[15.8567,48.4948],[15.8519,48.4885],[15.8557,48.4879],[15.8533,48.4821],[15.8466,48.4855],[15.8425,48.4892],[15.8169,48.4946],[15.8128,48.4972],[15.8052,48.4933],[15.8055,48.4883],[15.8004,48.4863],[15.7914,48.4884],[15.7838,48.4861]],[[15.9963,48.4322],[15.9946,48.4262],[15.9852,48.4273],[15.9867,48.4347],[15.9963,48.4322]]]},"properties":{"code":"321"}},
{"type":"Feature","geometry":{"type":"Polygon","coordinates":[[[15.1489,48.7051],[15.1647,48.7004],[15.1738,48.7035],[15.1746,48.7116],[15.1634,48.7195],[15.1645,48.721],[15.161,48.7233],[15.1636,48.7279],[15.164,48.7383],[15.1766,48.7365],[15.1867,48.7303],[15.1965,48.7287],[15.2094,48.7324],[15.2094,48.7326],[15.2098,48.7334],[15.2103,48.7364],[15.221,48.7365],[15.2189,48.7409],[15.2328,48.744],[15.2369,48.75],[15.253,48.7508],[15.2653,48.7486],[15.2623,48.7544],[15.2736,48.7623],[15.2794,48.7611],[15.2859,48.7506],[15.2988,48.7449],[15.3082,48.7487],[15.3111,48.7534],[15.3186,48.7555],[15.3246,48.7627],[15.3283,48.7673],[15.3367,48.7749],[15.3445,48.7756],[15.3579,48.7732],[15.3606,48.7663],[15.3671,48.7669],[15.3771,48.7628],[15.3875,48.7747],[15.4022,48.7775],[15.4127,48.7739],[15.4095,48.7708],[15.4234,48.7641],[15.4287,48.7572],[15.4142,48.7598],[15.4174,48.7466],[15.4276,48.7427],[15.4441,48.7413],[15.4471,48.7355],[15.4285,48.7301],[15.4223,48.7309],[15.4216,48.7222],[15.4364,48.7204],[15.4439,48.7188],[15.4518,48.7289],[15.4636,48.7254],[15.4792,48.7265],[15.4827,48.7357],[15.4894,48.737],[15.494,48.7377],[15.4938,48.7534],[15.5027,48.7541],[15.4986,48.7619],[15.5019,48.7642],[15.5168,48.7587],[15.5252,48.7602],[15.5271,48.7648],[15.5206,48.7688],[15.5005,48.7749],[15.5215,48.7862],[15.5212,48.7894],[15.5136,48.7944],[15.5233,48.8017],[15.5265,48.8083],[15.5143,48.8168],[15.5264,48.8224],[15.5357,48.82],[15.5343,48.8267],[15.549,48.8238],[15.5603,48.8263],[15.5729,48.8312],[15.5742,48.8371],[15.5796,48.8389],[15.597,48.8391],[15.6081,48.843],[15.6013,48.8547],[15.5964,48.8576],[15.5896,48.8541],[15.5891,48.8617],[15.5782,48.8676],[15.5818,48.8759],[15.5899,48.8732],[15.5909,48.8773],[15.6096,48.875],[15.6098,48.8783],[15.5936,48.8803],[15.5832,48.8857],[15.5818,48.8937],[15.5871,48.896],[15.5781,48.8958],[15.5602,48.9041],[15.5283,48.9117],[15.5147,48.9137],[15.5061,48.9194],[15.5023,48.9356],[15.4968,48.9391],[15.477,48.9445],[15.4684,48.9518],[15.4559,48.9453],[15.4505,48.9498],[15.434,48.95],[15.4247,48.9516],[15.4122,48.9566],[15.4024,48.9638],[15.391,48.967],[15.389,48.9725],[15.3663,48.9815],[15.348,48.9848],[15.336,48.9832],[15.3322,48.9848],[15.3217,48.9761],[15.3121,48.9807],[15.3057,48.9779],[15.291,48.9843],[15.2937,48.989],[15.2895,48.9927],[15.2778,48.9946],[15.2758,48.9858],[15.2818,48.9807],[15.2719,48.9664],[15.2671,48.9672],[15.2691,48.9583],[15.2649,48.9578],[15.2616,48.9536],[15.2407,48.9594],[15.2381,48.9576],[15.238,48.9576],[15.2286,48.959],[15.2241,48.9599],[15.2,48.9522],[15.1893,48.943],[15.1771,48.9476],[15.1661,48.9438],[15.1603,48.9417],[15.1651,48.9403],[15.1689,48.9329],[15.187,48.9227],[15.1812,48.919],[15.1826,48.912],[15.1791,48.8965],[15.1843,48.8945],[15.1794,48.8916],[15.1801,48.8875],[15.187,48.886],[15.1878,48.8794],[15.1824,48.8789],[15.1742,48.8825],[15.1622,48.876],[15.1627,48.8717],[15.1685,48.8688],[15.1734,48.8619],[15.1718,48.8572],[15.1637,48.8553],[15.1542,48.8567],[15.1508,48.8391],[15.1572,48.8349],[15.1545,48.8261],[15.165,48.8226],[15.1701,48.8125],[15.1581,48.8103],[15.154,48.7964],[15.1477,48.8004],[15.1377,48.7949],[15.1283,48.7928],[15.1308,48.79],[15.1308,48.7899],[15.1308,48.7898],[15.1308,48.7897],[15.1308,48.7885],[15.1308,48.7882],[15.1309,48.7882],[15.1309,48.7877],[15.1299,48.7876],[15.1291,48.7858],[15.1273,48.7822],[15.1272,48.7819],[15.1272,48.7818],[15.1269,48.7818],[15.1269,48.7816],[15.1268,48.7809],[15.1338,48.7722],[15.1173,48.7626],[15.1172,48.7595],[15.1343,48.7517],[15.1422,48.7495],[15.1456,48.7415],[15.1433,48.7322],[15.1472,48.7293],[15.1446,48.7249],[15.1539,48.725],[15.156,48.719],[15.1491,48.7176],[15.1509,48.7112],[15.15,48.7078],[15.1486,48.7052],[15.1489,48.7051]]]},"properties":{"code":"322"}},
{"type":"Feature","geometry":{"type":"MultiPolygon","coordinates":[[[[16.3889,47.8816],[16.3892,47.8864],[16.383,47.8825],[16.3898,47.8929],[16.3794,47.902],[16.3783,47.903],[16.3645,47.8922],[16.3587,47.886],[16.3366,47.8985],[16.2923,47.9109],[16.2813,47.9148],[16.2723,47.9123],[16.2676,47.9155],[16.2502,47.9141],[16.2439,47.9112],[16.2338,47.9129],[16.2372,47.9163],[16.2307,47.9194],[16.2299,47.9155],[16.2218,47.9137],[16.2268,47.9092],[16.2225,47.9084],[16.2188,47.8979],[16.2106,47.8982],[16.2038,47.9022],[16.2026,47.9062],[16.1961,47.9061],[16.1765,47.8992],[16.1745,47.8951],[16.1564,47.8913],[16.1502,47.8853],[16.1488,47.8837],[16.1303,47.8868],[16.1078,47.8857],[16.1084,47.883],[16.1225,47.8773],[16.111,47.876],[16.1102,47.8807],[16.0991,47.883],[16.086,47.888],[16.0918,47.8926],[16.0846,47.8976],[16.0962,47.9003],[16.0884,47.9025],[16.0819,47.8997],[16.0597,47.8999],[16.055,47.898],[16.0481,47.9007],[16.0269,47.8929],[16.0119,47.893],[16.0128,47.8972],[16.0074,47.9037],[16.0165,47.9179],[16.0152,47.9231],[16.023,47.9278],[16.0143,47.9303],[16.0015,47.9288],[15.9979,47.9235],[15.9877,47.928],[15.9926,47.9317],[15.9914,47.9382],[15.9966,47.9368],[15.9982,47.9422],[15.9804,47.9367],[15.9788,47.933],[15.9663,47.9346],[15.9596,47.9289],[15.9482,47.9267],[15.9435,47.9332],[15.9486,47.9352],[15.9505,47.9425],[15.9405,47.9485],[15.9366,47.9463],[15.9273,47.9489],[15.9183,47.956],[15.9125,47.9526],[15.8969,47.9517],[15.8902,47.9555],[15.8743,47.9608],[15.8719,47.9601],[15.8679,47.9591],[15.8668,47.9527],[15.8582,47.9474],[15.8267,47.944],[15.8167,47.9368],[15.8064,47.9354],[15.8011,47.9369],[15.7863,47.9358],[15.7806,47.9322],[15.7588,47.9348],[15.7505,47.9309],[15.7479,47.9257],[15.74,47.9237],[15.7386,47.9193],[15.7172,47.9153],[15.7125,47.9115],[15.7136,47.9069],[15.7038,47.9011],[15.6992,47.9012],[15.6903,47.8951],[15.6878,47.8872],[15.6782,47.8855],[15.6752,47.8904],[15.6788,47.8995],[15.6667,47.9029],[15.6614,47.9009],[15.6593,47.8926],[15.6498,47.8842],[15.6396,47.8842],[15.6383,47.8791],[15.625,47.8754],[15.6219,47.8696],[15.625,47.8647],[15.6224,47.8596],[15.6291,47.8547],[15.6396,47.8542],[15.6518,47.8588],[15.662,47.8597],[15.6742,47.8631],[15.6771,47.8667],[15.69,47.8624],[15.6975,47.858],[15.7081,47.8627],[15.7157,47.8637],[15.7258,47.862],[15.7401,47.862],[15.7464,47.8496],[15.7532,47.8417],[15.7526,47.8324],[15.7658,47.8369],[15.7763,47.8377],[15.7804,47.842],[15.7868,47.8364],[15.8001,47.8322],[15.8014,47.8234],[15.7963,47.8186],[15.8028,47.8106],[15.7962,47.7981],[15.7945,47.7858],[15.809,47.7848],[15.8192,47.7989],[15.8262,47.7991],[15.8521,47.8037],[15.8456,47.8095],[15.8567,47.818],[15.8653,47.8209],[15.8808,47.8221],[15.8843,47.8209],[15.9064,47.8271],[15.914,47.8203],[15.9122,47.8158],[15.9181,47.81],[15.9252,47.8146],[15.9325,47.8116],[15.9341,47.8147],[15.9442,47.8196],[15.9656,47.8256],[15.9657,47.8181],[15.9725,47.8155],[15.9746,47.8075],[15.9791,47.8106],[15.9975,47.8164],[16.0027,47.8142],[16.0183,47.8118],[16.0284,47.8139],[16.0302,47.8179],[16.0374,47.8165],[16.0389,47.8128],[16.0552,47.8047],[16.066,47.8053],[16.0818,47.8035],[16.0897,47.797],[16.1025,47.798],[16.1174,47.8038],[16.1294,47.8049],[16.1286,47.8002],[16.1495,47.7877],[16.161,47.7859],[16.1783,47.7739],[16.1836,47.7709],[16.1877,47.7786],[16.1909,47.8072],[16.1973,47.808],[16.2027,47.8224],[16.2104,47.8243],[16.1964,47.8276],[16.1953,47.8327],[16.189,47.8343],[16.192,47.8447],[16.1984,47.8521],[16.2041,47.8493],[16.208,47.858],[16.204,47.8624],[16.2096,47.8682],[16.2097,47.8682],[16.2236,47.8716],[16.2217,47.8472],[16.2708,47.8445],[16.2722,47.8544],[16.2763,47.8531],[16.2828,47.8392],[16.2677,47.8314],[16.2678,47.8292],[16.2825,47.8233],[16.2818,47.8184],[16.2859,47.8115],[16.309,47.8073],[16.3147,47.8048],[16.3088,47.8022],[16.3109,47.7969],[16.3075,47.7908],[16.3156,47.7846],[16.3233,47.7882],[16.3259,47.7937],[16.3348,47.802],[16.3435,47.8014],[16.3487,47.8058],[16.3488,47.8168],[16.3623,47.8233],[16.3772,47.8273],[16.3719,47.8311],[16.379,47.8373],[16.3879,47.8425],[16.3837,47.8476],[16.3488,47.8667],[16.3547,47.8661],[16.3821,47.8751],[16.3889,47.8816]]],[[[16.2687,47.7911],[16.2508,47.7939],[16.2453,47.7931],[16.2442,47.7812],[16.2416,47.7737],[16.2251,47.7757],[16.2204,47.7682],[16.2153,47.7511],[16.2071,47.7486],[16.1962,47.7501],[16.2052,47.7342],[16.1841,47.7299],[16.1781,47.7224],[16.1636,47.724],[16.1567,47.7216],[16.1672,47.7183],[16.1814,47.7213],[16.1862,47.7245],[16.191,47.7217],[16.202,47.7217],[16.2085,47.7188],[16.2066,47.7153],[16.2124,47.7124],[16.2073,47.7092],[16.2175,47.7086],[16.2194,47.7037],[16.2015,47.6765],[16.206,47.666],[16.2053,47.6509],[16.201,47.6466],[16.2027,47.6365],[16.1898,47.6213],[16.1821,47.6189],[16.1744,47.6092],[16.1776,47.5975],[16.1833,47.5923],[16.1915,47.5887],[16.1942,47.5764],[16.1901,47.5731],[16.1849,47.5583],[16.1989,47.548],[16.2101,47.538],[16.2007,47.5345],[16.1881,47.5371],[16.1864,47.5452],[16.1773,47.5427],[16.1816,47.548],[16.1775,47.5506],[16.174,47.5385],[16.1779,47.5321],[16.1696,47.5349],[16.166,47.5455],[16.1657,47.5562],[16.1467,47.5555],[16.1425,47.5566],[16.1441,47.5485],[16.1521,47.5406],[16.1565,47.527],[16.1613,47.5231],[16.1576,47.5202],[16.1568,47.5095],[16.163,47.5068],[16.1638,47.5029],[16.1593,47.4979],[16.1691,47.4913],[16.163,47.4895],[16.1668,47.482],[16.1603,47.4779],[16.1596,47.4672],[16.1596,47.4671],[16.1556,47.4649],[16.138,47.4614],[16.1333,47.4595],[16.1319,47.4538],[16.1376,47.4504],[16.144,47.438],[16.1718,47.4224],[16.1781,47.4239],[16.1996,47.4223],[16.2231,47.4271],[16.2315,47.433],[16.2422,47.4375],[16.2432,47.4423],[16.2481,47.4434],[16.2566,47.4514],[16.2643,47.4525],[16.2726,47.4568],[16.2811,47.4551],[16.2902,47.464],[16.3029,47.4674],[16.3054,47.4746],[16.2991,47.4777],[16.3097,47.48],[16.3158,47.486],[16.312,47.489],[16.3278,47.4979],[16.326,47.5006],[16.3324,47.5042],[16.3396,47.5162],[16.339,47.5241],[16.3305,47.5285],[16.3227,47.5388],[16.3092,47.5464],[16.313,47.5566],[16.3132,47.5654],[16.3301,47.5823],[16.331,47.5889],[16.3289,47.5978],[16.3341,47.6015],[16.3446,47.6028],[16.3536,47.6112],[16.348,47.6162],[16.3557,47.6207],[16.3685,47.621],[16.3723,47.6273],[16.3692,47.6321],[16.3693,47.6323],[16.3688,47.6331],[16.3725,47.6424],[16.3725,47.6425],[16.3626,47.6535],[16.3592,47.6639],[16.3518,47.672],[16.3567,47.6795],[16.3504,47.6807],[16.3336,47.6785],[16.3235,47.6835],[16.3087,47.6873],[16.3102,47.6948],[16.3046,47.6973],[16.3025,47.707],[16.2925,47.7184],[16.2911,47.7294],[16.2959,47.7388],[16.295,47.7453],[16.2992,47.7481],[16.2999,47.7594],[16.2938,47.7683],[16.3001,47.7759],[16.3034,47.7853],[16.2753,47.793],[16.2687,47.7911]]]]},"properties":{"code":"323"}},
{"type":"Feature","geometry":{"type":"Polygon","coordinates":[[[14.8111,48.5537],[14.8126,48.5527],[14.8136,48.5494],[14.8164,48.5486],[14.827,48.5479],[14.8367,48.545],[14.843,48.5396],[14.8431,48.5394],[14.8488,48.5341],[14.8484,48.5339],[14.8482,48.5338],[14.8461,48.5319],[14.8508,48.5295],[14.8509,48.5295],[14.853,48.5293],[14.8555,48.5286],[14.856,48.5287],[14.882,48.5268],[14.8895,48.5232],[14.8963,48.5231],[14.9125,48.5139],[14.9122,48.5074],[14.9207,48.5058],[14.9183,48.4987],[14.9181,48.4989],[14.9167,48.4995],[14.9148,48.5001],[14.9016,48.502],[14.8983,48.5007],[14.8973,48.5004],[14.891,48.4978],[14.891,48.4943],[14.8893,48.4888],[14.8795,48.4816],[14.8665,48.48],[14.8772,48.4683],[14.8737,48.4589],[14.8831,48.4529],[14.8832,48.4529],[14.8922,48.451],[14.8985,48.4505],[14.9127,48.4336],[14.9118,48.4301],[14.9219,48.4281],[14.9282,48.4238],[14.9311,48.4236],[14.9388,48.4232],[14.9414,48.4162],[14.9493,48.4136],[14.9475,48.4077],[14.9302,48.398],[14.9187,48.3939],[14.9166,48.3889],[14.9233,48.3882],[14.9325,48.3942],[14.9456,48.3936],[14.9513,48.3902],[14.9645,48.3879],[14.9644,48.3785],[14.9621,48.3681],[14.9681,48.3639],[14.9755,48.3689],[14.9822,48.3764],[14.9902,48.3712],[14.9984,48.3747],[15.006,48.3743],[15.0067,48.3699],[15.0152,48.3675],[15.0181,48.37],[15.0323,48.3636],[15.0418,48.3626],[15.0477,48.3578],[15.0554,48.357],[15.0568,48.352],[15.0839,48.3487],[15.0889,48.3463],[15.0929,48.3511],[15.0977,48.3509],[15.0994,48.344],[15.0942,48.3375],[15.1002,48.3384],[15.1113,48.3319],[15.1163,48.3343],[15.1235,48.3292],[15.1334,48.3296],[15.1401,48.3375],[15.1347,48.3407],[15.1453,48.3448],[15.1461,48.3447],[15.1462,48.3447],[15.1521,48.3467],[15.1641,48.3419],[15.1655,48.3487],[15.1746,48.352],[15.1746,48.3628],[15.1778,48.3631],[15.1778,48.363],[15.1861,48.3538],[15.1903,48.3538],[15.1941,48.3607],[15.2023,48.366],[15.2197,48.3626],[15.2261,48.3592],[15.2392,48.3592],[15.2518,48.3547],[15.251,48.3597],[15.2452,48.3621],[15.247,48.3654],[15.2438,48.3757],[15.2602,48.3719],[15.263,48.3753],[15.2706,48.3737],[15.2765,48.3734],[15.2864,48.3767],[15.296,48.3854],[15.3034,48.3858],[15.3084,48.3904],[15.3221,48.394],[15.3264,48.3877],[15.3386,48.3877],[15.3362,48.3962],[15.3502,48.3931],[15.3591,48.3944],[15.3604,48.4004],[15.3686,48.4019],[15.3775,48.4101],[15.3657,48.4095],[15.3673,48.4212],[15.354,48.4218],[15.3582,48.4273],[15.3544,48.4307],[15.3366,48.4255],[15.3309,48.4311],[15.3378,48.4405],[15.3294,48.4415],[15.3269,48.4501],[15.3206,48.4564],[15.3158,48.4563],[15.3133,48.4635],[15.3053,48.4671],[15.2878,48.4661],[15.2812,48.4813],[15.2809,48.4872],[15.2952,48.4935],[15.3208,48.4969],[15.3225,48.5054],[15.311,48.5123],[15.3074,48.5215],[15.3102,48.5262],[15.3185,48.5307],[15.3197,48.5351],[15.3277,48.5375],[15.3249,48.5412],[15.3252,48.553],[15.32,48.5555],[15.3228,48.5603],[15.318,48.5638],[15.3213,48.5666],[15.3145,48.5688],[15.3077,48.5787],[15.3157,48.5862],[15.3253,48.5902],[15.3173,48.5958],[15.323,48.6001],[15.3218,48.6064],[15.3478,48.611],[15.3529,48.6132],[15.3528,48.6045],[15.3555,48.5942],[15.3635,48.5912],[15.3593,48.5844],[15.3629,48.5802],[15.3778,48.5776],[15.3824,48.5801],[15.39,48.5896],[15.3973,48.5928],[15.4026,48.5879],[15.4111,48.5848],[15.4181,48.5879],[15.4188,48.5953],[15.4235,48.5901],[15.4383,48.5923],[15.4273,48.6028],[15.4304,48.6104],[15.438,48.6172],[15.4514,48.6159],[15.4582,48.6171],[15.4803,48.6092],[15.4933,48.5985],[15.4954,48.6034],[15.503,48.6046],[15.5116,48.6052],[15.5143,48.6092],[15.5025,48.6154],[15.5026,48.6216],[15.5177,48.6327],[15.5279,48.6294],[15.5295,48.6336],[15.54,48.6363],[15.5387,48.6431],[15.527,48.6429],[15.5155,48.6448],[15.4868,48.6531],[15.4821,48.6489],[15.4769,48.6506],[15.4738,48.6424],[15.4589,48.6484],[15.4455,48.6504],[15.447,48.656],[15.4242,48.6688],[15.4287,48.6745],[15.4455,48.6713],[15.4494,48.6756],[15.4558,48.6744],[15.4555,48.6834],[15.4518,48.6897],[15.4421,48.6963],[15.4418,48.6966],[15.4408,48.6976],[15.4299,48.7014],[15.4316,48.709],[15.4364,48.7204],[15.4216,48.7222],[15.4223,48.7309],[15.4285,48.7301],[15.4471,48.7355],[15.4441,48.7413],[15.4276,48.7427],[15.4174,48.7466],[15.4142,48.7598],[15.4287,48.7572],[15.4234,48.7641],[15.4095,48.7708],[15.4127,48.7739],[15.4022,48.7775],[15.3875,48.7747],[15.3771,48.7628],[15.3671,48.7669],[15.3606,48.7663],[15.3579,48.7732],[15.3445,48.7756],[15.3367,48.7749],[15.3283,48.7673],[15.3246,48.7627],[15.3186,48.7555],[15.3111,48.7534],[15.3082,48.7487],[15.2988,48.7449],[15.2859,48.7506],[15.2794,48.7611],[15.2736,48.7623],[15.2623,48.7544],[15.2653,48.7486],[15.253,48.7508],[15.2369,48.75],[15.2328,48.744],[15.2189,48.7409],[15.221,48.7365],[15.2103,48.7364],[15.2098,48.7334],[15.2094,48.7326],[15.2094,48.7324],[15.1965,48.7287],[15.1867,48.7303],[15.1766,48.7365],[15.164,48.7383],[15.1636,48.7279],[15.161,48.7233],[15.1645,48.721],[15.1634,48.7195],[15.1746,48.7116],[15.1738,48.7035],[15.1647,48.7004],[15.1489,48.7051],[15.1486,48.7051],[15.1485,48.705],[15.1483,48.7031],[15.1484,48.7031],[15.1474,48.6997],[15.1465,48.6989],[15.1466,48.6977],[15.1466,48.6976],[15.1441,48.6929],[15.144,48.6927],[15.1438,48.6923],[15.1426,48.6904],[15.1346,48.6896],[15.1295,48.6947],[15.1249,48.7041],[15.1278,48.7088],[15.1245,48.7121],[15.1089,48.7122],[15.1079,48.7087],[15.0997,48.7075],[15.1128,48.6964],[15.1132,48.6891],[15.1064,48.69],[15.1009,48.6941],[15.093,48.6938],[15.0759,48.7006],[15.0732,48.6999],[15.072,48.6978],[15.0676,48.6954],[15.0576,48.6963],[15.0533,48.702],[15.047,48.7019],[15.0336,48.7052],[15.0225,48.7042],[15.0167,48.7003],[14.9954,48.7009],[14.9954,48.6951],[14.979,48.6973],[14.9888,48.6857],[14.9887,48.6776],[14.9767,48.6753],[14.981,48.6692],[14.9978,48.6637],[14.998,48.6575],[15.0057,48.6524],[15.0138,48.6523],[15.0171,48.6489],[15.0106,48.6457],[15.0039,48.6329],[15.006,48.6272],[14.9989,48.6263],[14.9979,48.63],[14.9884,48.6345],[14.9719,48.6243],[14.9661,48.6238],[14.9486,48.6305],[14.9438,48.6218],[14.9334,48.611],[14.9263,48.6141],[14.9094,48.6162],[14.9006,48.6233],[14.8844,48.6238],[14.8864,48.6201],[14.8753,48.62],[14.8589,48.6122],[14.8542,48.6021],[14.8451,48.6075],[14.8434,48.6035],[14.8351,48.6057],[14.8303,48.5941],[14.8124,48.6001],[14.8053,48.5951],[14.7998,48.5952],[14.7977,48.5909],[14.7912,48.5933],[14.7866,48.5892],[14.7941,48.5872],[14.7911,48.5797],[14.7847,48.5791],[14.795,48.5751],[14.814,48.5623],[14.8111,48.5537]]]},"properties":{"code":"325"}},
{"type":"Feature","geometry":{"type":"Polygon","coordinates":[[[14.2628,48.2467],[14.2684,48.2458],[14.2791,48.2385],[14.2816,48.2342],[14.2895,48.2344],[14.292,48.2309],[14.3043,48.2318],[14.3148,48.2211],[14.312,48.2188],[14.32,48.2134],[14.3246,48.2114],[14.337,48.2173],[14.3408,48.221],[14.3374,48.2243],[14.3422,48.2285],[14.3556,48.2276],[14.372,48.2359],[14.3869,48.2306],[14.3901,48.2348],[14.3906,48.239],[14.4012,48.2461],[14.4089,48.2484],[14.3985,48.2529],[14.4037,48.2571],[14.3953,48.2601],[14.3832,48.2682],[14.3676,48.2714],[14.3525,48.277],[14.3443,48.2838],[14.3399,48.2965],[14.3338,48.3089],[14.3147,48.3217],[14.316,48.3246],[14.3349,48.3221],[14.3412,48.3254],[14.354,48.324],[14.3541,48.324],[14.3607,48.3247],[14.3574,48.3285],[14.348,48.3278],[14.3399,48.3309],[14.3367,48.3357],[14.3486,48.3403],[14.3487,48.343],[14.3346,48.3446],[14.3313,48.3512],[14.3252,48.3536],[14.3174,48.3529],[14.3155,48.3562],[14.3075,48.3546],[14.3037,48.358],[14.2954,48.3546],[14.292,48.3661],[14.2951,48.3706],[14.2957,48.3785],[14.2909,48.3768],[14.2901,48.3619],[14.2818,48.3601],[14.2827,48.356],[14.2767,48.3473],[14.2744,48.3482],[14.2647,48.3411],[14.2566,48.3407],[14.2581,48.3341],[14.2558,48.3221],[14.2559,48.322],[14.2585,48.3142],[14.2588,48.3101],[14.2482,48.3098],[14.2457,48.3073],[14.2587,48.3048],[14.2594,48.3028],[14.2595,48.3028],[14.2602,48.3014],[14.2602,48.3013],[14.2637,48.2939],[14.2682,48.2907],[14.2617,48.288],[14.2813,48.2804],[14.2753,48.2763],[14.2769,48.261],[14.2711,48.2592],[14.2793,48.2529],[14.2628,48.2467]]]},"properties":{"code":"401"}},
{"type":"Feature","geometry":{"type":"Polygon","coordinates":[[[14.4579,48.0887],[14.4456,48.0783],[14.4417,48.0806],[14.4273,48.077],[14.4183,48.0723],[14.4076,48.0756],[14.4032,48.0705],[14.3976,48.0701],[14.3952,48.0656],[14.3788,48.0568],[14.3769,48.0439],[14.3787,48.0423],[14.3806,48.0354],[14.3934,48.0358],[14.3975,48.0323],[14.4066,48.0312],[14.4165,48.0236],[14.4199,48.0276],[14.4299,48.0293],[14.434,48.0345],[14.4495,48.0377],[14.4492,48.0451],[14.4561,48.043],[14.4595,48.0623],[14.4526,48.0639],[14.4594,48.0726],[14.4542,48.0792],[14.456,48.0813],[14.4684,48.0832],[14.4687,48.0874],[14.4596,48.0857],[14.4579,48.0887]]]},"properties":{"code":"402"}},
{"type":"Feature","geometry":{"type":"Polygon","coordinates":[[[13.9721,48.1552],[13.9671,48.1518],[13.9733,48.1473],[13.9656,48.143],[13.971,48.1388],[13.9694,48.131],[13.966,48.1284],[13.9713,48.1258],[13.9771,48.136],[13.9897,48.1384],[14.0149,48.1468],[14.0268,48.1535],[14.041,48.157],[14.0553,48.1577],[14.0752,48.1651],[14.0853,48.1713],[14.0895,48.1715],[14.0886,48.1778],[14.0844,48.1763],[14.0773,48.1817],[14.0797,48.1861],[14.0702,48.1942],[14.0685,48.1998],[14.0516,48.1963],[14.0476,48.2085],[14.0338,48.2113],[14.0302,48.208],[14.0302,48.2079],[14.029,48.2074],[14.0286,48.2074],[14.0286,48.2073],[14.0194,48.2085],[14.0163,48.2025],[13.9964,48.2054],[13.9924,48.1974],[13.9941,48.194],[13.9866,48.188],[13.9751,48.1873],[13.9728,48.1898],[13.9635,48.1828],[13.9719,48.1784],[13.9676,48.1759],[13.9691,48.1718],[13.9668,48.1701],[13.9731,48.1641],[13.9789,48.1621],[13.9721,48.1552]]]},"properties":{"code":"403"}},
{"type":"Feature","geometry":{"type":"Polygon","coordinates":[[[12.8602,47.9966],[12.8765,47.9966],[12.8922,47.991],[12.898,48.0057],[12.9021,48.0064],[12.9051,48.0146],[12.9123,48.023],[12.9208,48.0232],[12.9345,48.0348],[12.9489,48.0369],[12.9616,48.0327],[12.9712,48.0243],[12.9737,48.0236],[12.9866,48.0276],[12.9896,48.028],[12.9978,48.0291],[13.0081,48.0314],[13.0096,48.0356],[13.0155,48.0371],[13.021,48.0326],[13.029,48.0325],[13.0422,48.0415],[13.0472,48.04],[13.0486,48.0347],[13.0441,48.0281],[13.0577,48.03],[13.0557,48.0256],[13.0633,48.0191],[13.0635,48.0158],[13.0731,48.0158],[13.0778,48.0111],[13.0734,48.0069],[13.0789,48.0047],[13.0848,48.0054],[13.094,47.9958],[13.1021,47.998],[13.1134,47.9938],[13.1243,47.9962],[13.1216,47.9907],[13.1313,47.9883],[13.1472,47.9952],[13.1512,47.9923],[13.1401,47.9849],[13.1419,47.978],[13.1536,47.9718],[13.1611,47.9751],[13.1841,47.973],[13.1987,47.9742],[13.2027,47.9779],[13.2213,47.9826],[13.2255,47.9882],[13.2331,47.9876],[13.2427,47.992],[13.2483,47.9898],[13.2569,47.9912],[13.2751,47.9978],[13.2824,47.997],[13.281,48.005],[13.2878,48.0096],[13.3,48.0105],[13.304,48.0079],[13.3119,48.0101],[13.307,48.0127],[13.3068,48.0195],[13.3159,48.0197],[13.3219,48.0258],[13.3204,48.0299],[13.3042,48.0248],[13.2982,48.0249],[13.2992,48.0323],[13.3091,48.0434],[13.3158,48.0453],[13.3216,48.0506],[13.3301,48.0693],[13.3344,48.0821],[13.3241,48.0868],[13.3139,48.0938],[13.3238,48.0965],[13.3223,48.1032],[13.325,48.1111],[13.3303,48.1181],[13.3303,48.1283],[13.3351,48.1412],[13.3281,48.1422],[13.331,48.1454],[13.3314,48.1563],[13.3346,48.1581],[13.3356,48.1668],[13.3322,48.1773],[13.3233,48.1843],[13.3444,48.1907],[13.3422,48.1937],[13.3503,48.1958],[13.3598,48.2042],[13.3426,48.2128],[13.3362,48.218],[13.3451,48.2223],[13.3433,48.2273],[13.3467,48.2304],[13.34,48.233],[13.3328,48.2303],[13.3229,48.2391],[13.3193,48.2398],[13.3149,48.2327],[13.3054,48.2316],[13.3078,48.2373],[13.2985,48.2411],[13.2972,48.2473],[13.291,48.2445],[13.2821,48.2537],[13.275,48.2534],[13.2673,48.2588],[13.2541,48.2547],[13.2557,48.2584],[13.249,48.2583],[13.2512,48.2663],[13.2566,48.2738],[13.2442,48.2723],[13.2418,48.2747],[13.2249,48.2702],[13.2121,48.2627],[13.2017,48.2694],[13.1996,48.2757],[13.2011,48.2845],[13.1955,48.2955],[13.1779,48.2946],[13.1641,48.2907],[13.1367,48.2807],[13.1184,48.2773],[13.0937,48.2783],[13.0763,48.2759],[13.0639,48.2691],[13.0518,48.2645],[13.0227,48.2582],[13.01,48.2502],[13.0022,48.2401],[12.9759,48.222],[12.9635,48.2126],[12.9555,48.209],[12.9419,48.2065],[12.9177,48.2065],[12.9039,48.2044],[12.8737,48.2025],[12.8645,48.1966],[12.8615,48.1869],[12.8519,48.1769],[12.8482,48.168],[12.8356,48.165],[12.8333,48.1565],[12.8263,48.1525],[12.8115,48.1515],[12.7998,48.1471],[12.7972,48.1382],[12.7882,48.1248],[12.7813,48.1234],[12.7736,48.1277],[12.7639,48.1288],[12.7581,48.1261],[12.7576,48.1174],[12.7492,48.1085],[12.7524,48.0889],[12.758,48.0769],[12.7702,48.0661],[12.834,48.0281],[12.8494,48.017],[12.8573,48.0076],[12.8602,47.9966]]]},"properties":{"code":"404"}},
{"type":"Feature","geometry":{"type":"Polygon","coordinates":[[[13.9913,48.2372],[13.9985,48.2405],[14.0171,48.2413],[14.0243,48.249],[14.0397,48.2453],[14.0514,48.2448],[14.0584,48.2513],[14.0686,48.248],[14.0826,48.2491],[14.0865,48.2543],[14.093,48.2555],[14.0951,48.2598],[14.1014,48.2586],[14.1044,48.2624],[14.1109,48.2618],[14.1208,48.2645],[14.1375,48.2668],[14.1414,48.27],[14.1446,48.2757],[14.1518,48.2763],[14.1642,48.2775],[14.1528,48.2826],[14.1551,48.2902],[14.1531,48.2955],[14.14,48.2941],[14.143,48.3006],[14.1379,48.3018],[14.143,48.3055],[14.1447,48.3152],[14.1455,48.32],[14.1275,48.3109],[14.1112,48.3097],[14.0947,48.3152],[14.0718,48.318],[14.0556,48.3245],[14.0371,48.33],[14.0227,48.3417],[14.0223,48.3536],[14.0303,48.3732],[14.0251,48.384],[14.0027,48.408],[13.9981,48.416],[13.9862,48.4216],[13.9791,48.4212],[13.9683,48.4165],[13.9568,48.4177],[13.9482,48.4049],[13.9395,48.4039],[13.9269,48.4171],[13.9259,48.43],[13.9203,48.437],[13.919,48.4489],[13.9051,48.4547],[13.8911,48.4464],[13.8749,48.4453],[13.8635,48.4503],[13.8541,48.4482],[13.854,48.4425],[13.8604,48.4374],[13.8725,48.4331],[13.8737,48.4272],[13.8693,48.4259],[13.8776,48.4148],[13.8948,48.4044],[13.9038,48.4023],[13.9044,48.402],[13.9181,48.3972],[13.9232,48.3933],[13.9104,48.3843],[13.9054,48.3736],[13.8956,48.3703],[13.8917,48.3583],[13.8959,48.3579],[13.8998,48.3562],[13.8911,48.3501],[13.899,48.3478],[13.9004,48.3429],[13.9079,48.344],[13.9105,48.3397],[13.9105,48.3375],[13.9061,48.3349],[13.9067,48.3347],[13.9073,48.3342],[13.9085,48.3327],[13.8975,48.3276],[13.9047,48.3211],[13.8987,48.3192],[13.8898,48.3209],[13.8854,48.314],[13.8777,48.3119],[13.8742,48.3159],[13.8649,48.3098],[13.8644,48.3031],[13.8551,48.3044],[13.8534,48.2947],[13.8512,48.2922],[13.8629,48.2914],[13.8688,48.2877],[13.8832,48.2935],[13.8936,48.2944],[13.8979,48.2971],[13.9102,48.2947],[13.9074,48.284],[13.8924,48.2795],[13.883,48.2785],[13.8864,48.2739],[13.8851,48.2664],[13.8895,48.2646],[13.8959,48.2519],[13.9049,48.2525],[13.926,48.25],[13.9332,48.2466],[13.9424,48.2504],[13.9572,48.2481],[13.9648,48.2429],[13.9679,48.2459],[13.9689,48.2379],[13.9875,48.2344],[13.9913,48.2372]]]},"properties":{"code":"405"}},
{"type":"Feature","geometry":{"type":"Polygon","coordinates":[[[14.691,48.5843],[14.6711,48.5815],[14.6635,48.582],[14.6577,48.5981],[14.6524,48.6053],[14.6489,48.6078],[14.6456,48.61],[14.6309,48.6032],[14.6227,48.609],[14.6178,48.6218],[14.6111,48.6278],[14.6031,48.6281],[14.5902,48.6174],[14.5811,48.6169],[14.5752,48.6122],[14.5643,48.6085],[14.5621,48.6033],[14.5518,48.6073],[14.5464,48.6146],[14.5264,48.6147],[14.5164,48.6198],[14.5052,48.6172],[14.4948,48.623],[14.4959,48.6278],[14.4754,48.6407],[14.4754,48.6434],[14.469,48.6467],[14.4591,48.6433],[14.4438,48.6434],[14.4443,48.6398],[14.4527,48.6317],[14.4544,48.6246],[14.4541,48.6246],[14.454,48.6246],[14.4539,48.6247],[14.4534,48.6248],[14.4534,48.6247],[14.4532,48.6247],[14.4526,48.6247],[14.4473,48.6198],[14.4483,48.613],[14.4399,48.5999],[14.4378,48.5991],[14.4359,48.5984],[14.435,48.5968],[14.435,48.5963],[14.4351,48.5963],[14.4339,48.5933],[14.4304,48.5885],[14.4248,48.5883],[14.4165,48.5921],[14.4164,48.5921],[14.4141,48.5924],[14.4138,48.5924],[14.4121,48.5926],[14.4041,48.5933],[14.3858,48.5919],[14.3868,48.587],[14.3889,48.5824],[14.3937,48.5775],[14.3948,48.5737],[14.4027,48.5713],[14.4032,48.564],[14.4025,48.5622],[14.4022,48.5605],[14.4058,48.5542],[14.4065,48.5504],[14.4168,48.5491],[14.4237,48.5415],[14.4363,48.5422],[14.437,48.534],[14.4239,48.5359],[14.4161,48.5435],[14.4113,48.5407],[14.4029,48.5425],[14.3963,48.5389],[14.3962,48.5341],[14.3901,48.5296],[14.3874,48.538],[14.3847,48.5336],[14.3734,48.5348],[14.371,48.5311],[14.3792,48.523],[14.3748,48.52],[14.3796,48.5151],[14.3722,48.5158],[14.3714,48.5088],[14.3825,48.501],[14.3762,48.4986],[14.3783,48.4926],[14.3843,48.4912],[14.4004,48.4804],[14.3999,48.4761],[14.407,48.4717],[14.4007,48.4694],[14.3995,48.4632],[14.409,48.4494],[14.4144,48.447],[14.4093,48.4343],[14.4125,48.4319],[14.4263,48.4296],[14.4309,48.4244],[14.4329,48.4142],[14.4359,48.412],[14.4505,48.41],[14.4545,48.4025],[14.4664,48.3956],[14.4634,48.3919],[14.4669,48.3861],[14.4663,48.3803],[14.4529,48.3787],[14.4526,48.3747],[14.4437,48.3725],[14.446,48.366],[14.4376,48.3681],[14.4321,48.365],[14.4382,48.3612],[14.4405,48.356],[14.4617,48.3513],[14.4595,48.3484],[14.4671,48.3386],[14.4686,48.3374],[14.4744,48.3341],[14.4779,48.3282],[14.4865,48.3296],[14.4942,48.3271],[14.5025,48.3193],[14.5153,48.3195],[14.517,48.3151],[14.5239,48.3192],[14.5292,48.3175],[14.5414,48.3249],[14.5574,48.3244],[14.5581,48.321],[14.5736,48.3177],[14.5714,48.305],[14.5806,48.2974],[14.5889,48.2986],[14.5958,48.3046],[14.6139,48.3024],[14.6169,48.3074],[14.611,48.3128],[14.6248,48.3149],[14.6304,48.3131],[14.6286,48.3164],[14.6323,48.3251],[14.633,48.3368],[14.6427,48.3393],[14.6508,48.329],[14.6576,48.3305],[14.6538,48.3253],[14.6641,48.3199],[14.6679,48.3201],[14.6761,48.3097],[14.6852,48.3152],[14.6932,48.3252],[14.7117,48.3379],[14.7195,48.3376],[14.7367,48.3311],[14.7389,48.3365],[14.7456,48.3387],[14.7458,48.3383],[14.7459,48.3383],[14.764,48.3334],[14.7626,48.3391],[14.7651,48.3422],[14.7759,48.3439],[14.7803,48.3414],[14.791,48.3374],[14.7947,48.3433],[14.7952,48.3439],[14.7953,48.3443],[14.7975,48.3488],[14.8106,48.3531],[14.8156,48.3626],[14.8155,48.3646],[14.8154,48.3646],[14.8235,48.3651],[14.8306,48.3632],[14.8378,48.3685],[14.8373,48.3717],[14.837,48.3741],[14.8371,48.3742],[14.8367,48.3752],[14.8366,48.3754],[14.8367,48.3755],[14.846,48.3754],[14.8462,48.3753],[14.8463,48.3753],[14.8477,48.3746],[14.8479,48.3739],[14.848,48.3739],[14.8481,48.3737],[14.8472,48.3722],[14.8475,48.3717],[14.8479,48.3713],[14.8503,48.3722],[14.8556,48.374],[14.8622,48.3794],[14.8724,48.3848],[14.8789,48.3889],[14.8754,48.3937],[14.8826,48.3947],[14.8879,48.3954],[14.8892,48.4003],[14.8906,48.4025],[14.9099,48.4046],[14.9156,48.4032],[14.9184,48.4092],[14.9193,48.4133],[14.9304,48.411],[14.935,48.4169],[14.9282,48.4238],[14.9219,48.4281],[14.9118,48.4301],[14.9127,48.4336],[14.8985,48.4505],[14.8922,48.451],[14.8832,48.4529],[14.8831,48.4529],[14.8737,48.4589],[14.8772,48.4683],[14.8665,48.48],[14.8795,48.4816],[14.8893,48.4888],[14.891,48.4943],[14.891,48.4978],[14.8973,48.5004],[14.8983,48.5007],[14.9016,48.502],[14.9148,48.5001],[14.9167,48.4995],[14.9181,48.4989],[14.9183,48.4987],[14.9207,48.5058],[14.9122,48.5074],[14.9125,48.5139],[14.8963,48.5231],[14.8895,48.5232],[14.882,48.5268],[14.856,48.5287],[14.8555,48.5286],[14.853,48.5293],[14.8509,48.5295],[14.8508,48.5295],[14.8461,48.5319],[14.8482,48.5338],[14.8484,48.5339],[14.8488,48.5341],[14.8431,48.5394],[14.843,48.5396],[14.8367,48.545],[14.827,48.5479],[14.8164,48.5486],[14.8136,48.5494],[14.8126,48.5527],[14.8111,48.5537],[14.8002,48.5557],[14.7921,48.5593],[14.7828,48.5603],[14.7747,48.5555],[14.7687,48.5567],[14.763,48.5638],[14.7496,48.5626],[14.7433,48.5584],[14.7432,48.5522],[14.7365,48.5523],[14.7382,48.5562],[14.7306,48.5619],[14.7245,48.5621],[14.7213,48.5698],[14.7118,48.5787],[14.6926,48.5804],[14.691,48.5843]]]},"properties":{"code":"406"}},
{"type":"Feature","geometry":{"type":"Polygon","coordinates":[[[13.5857,47.4748],[13.589,47.473],[13.5962,47.4756],[13.61,47.4751],[13.6234,47.4705],[13.6264,47.4675],[13.6396,47.4665],[13.6677,47.4627],[13.7056,47.4639],[13.7126,47.4612],[13.7226,47.4621],[13.7173,47.4737],[13.7195,47.4804],[13.7288,47.4903],[13.7491,47.5016],[13.7607,47.5203],[13.752,47.5263],[13.747,47.5437],[13.757,47.5448],[13.7559,47.5527],[13.7407,47.5688],[13.7355,47.577],[13.7132,47.5753],[13.7129,47.5796],[13.7024,47.5815],[13.6947,47.5793],[13.6917,47.5887],[13.6994,47.5986],[13.6941,47.6231],[13.6962,47.6323],[13.7046,47.6453],[13.7076,47.6554],[13.7067,47.6648],[13.7126,47.6676],[13.7259,47.6725],[13.737,47.6741],[13.7339,47.6839],[13.7496,47.6874],[13.7555,47.7001],[13.7671,47.706],[13.7774,47.7145],[13.7786,47.7185],[13.793,47.7124],[13.7999,47.714],[13.8234,47.7158],[13.8402,47.7187],[13.8509,47.7144],[13.8623,47.726],[13.8682,47.7235],[13.8777,47.7258],[13.8959,47.7175],[13.9034,47.7176],[13.9068,47.7112],[13.92,47.7051],[13.9352,47.7097],[13.9517,47.7097],[13.9691,47.7036],[13.9832,47.6973],[13.9953,47.6998],[14.0017,47.703],[14.0106,47.7009],[14.0177,47.7029],[14.0252,47.7106],[14.0407,47.7134],[14.0462,47.7108],[14.0633,47.717],[14.0602,47.7285],[14.0551,47.7358],[14.0413,47.7446],[14.037,47.7536],[14.0281,47.7601],[14.0276,47.7642],[14.035,47.7729],[14.0219,47.777],[14.0115,47.7765],[14.004,47.7868],[14.0064,47.7943],[13.9995,47.8004],[14.0026,47.8032],[14.0113,47.8018],[14.0304,47.8045],[14.0405,47.8123],[14.0443,47.8112],[14.0507,47.8185],[14.06,47.8223],[14.0715,47.8246],[14.0806,47.8243],[14.0953,47.8291],[14.0919,47.8355],[14.0978,47.845],[14.0861,47.8475],[14.0856,47.8566],[14.0726,47.8624],[14.0646,47.8642],[14.0371,47.8735],[14.024,47.8734],[14.0159,47.87],[14.0088,47.8758],[13.9919,47.8792],[13.9833,47.8958],[13.9876,47.8962],[13.9851,47.9043],[13.9769,47.9133],[13.9816,47.9249],[13.9921,47.9259],[13.9904,47.9308],[13.994,47.9442],[13.9879,47.9459],[13.9803,47.9561],[13.9904,47.9649],[13.9789,47.9718],[13.9643,47.9719],[13.9513,47.9777],[13.959,47.9781],[13.9609,47.986],[13.9718,47.988],[13.9745,47.9969],[13.9796,47.9915],[13.9878,47.9943],[13.9873,48.0026],[13.9772,48.0098],[13.9769,48.0141],[13.9636,48.0179],[13.9653,48.0242],[13.9597,48.0224],[13.9584,48.026],[13.9481,48.0316],[13.9309,48.0259],[13.9224,48.0279],[13.9063,48.0276],[13.9077,48.0204],[13.8892,48.0227],[13.8821,48.0143],[13.8739,48.0253],[13.8659,48.0311],[13.8735,48.0342],[13.8688,48.0407],[13.862,48.0416],[13.8543,48.0489],[13.852,48.0464],[13.8497,48.0544],[13.838,48.053],[13.8434,48.0504],[13.8358,48.0466],[13.8325,48.0421],[13.8214,48.0384],[13.8194,48.0285],[13.8066,48.0237],[13.795,48.0115],[13.7947,47.9962],[13.781,47.9997],[13.7751,48.0041],[13.7689,47.9975],[13.7684,47.9853],[13.7619,47.9834],[13.7453,47.9832],[13.7398,47.9807],[13.7419,47.9673],[13.7454,47.96],[13.7381,47.9454],[13.743,47.9426],[13.7359,47.941],[13.7257,47.9346],[13.7145,47.9321],[13.7043,47.9261],[13.6997,47.9207],[13.7008,47.9165],[13.6923,47.9152],[13.6946,47.9079],[13.6718,47.9106],[13.6626,47.9011],[13.6652,47.8967],[13.6546,47.8907],[13.6625,47.8816],[13.663,47.8779],[13.6526,47.8689],[13.6323,47.868],[13.6274,47.8534],[13.6177,47.8526],[13.62,47.8433],[13.618,47.8389],[13.6069,47.8301],[13.6088,47.8238],[13.615,47.8253],[13.6242,47.8231],[13.6412,47.815],[13.6278,47.8103],[13.6158,47.7918],[13.6082,47.7868],[13.6057,47.7732],[13.5958,47.7678],[13.5925,47.7692],[13.5772,47.7613],[13.5616,47.7642],[13.5555,47.7705],[13.5556,47.7752],[13.5459,47.7778],[13.5354,47.7761],[13.5152,47.772],[13.5006,47.7761],[13.4866,47.7821],[13.478,47.7823],[13.4653,47.7861],[13.4578,47.7779],[13.4463,47.772],[13.4432,47.7619],[13.4451,47.7594],[13.4379,47.7466],[13.4363,47.7385],[13.4766,47.7242],[13.4861,47.7221],[13.4999,47.7226],[13.5039,47.7189],[13.5216,47.7186],[13.5509,47.7141],[13.5464,47.703],[13.5356,47.6953],[13.5335,47.6838],[13.517,47.6755],[13.5116,47.6774],[13.5,47.669],[13.5004,47.6589],[13.4841,47.6415],[13.486,47.6339],[13.4899,47.6303],[13.5054,47.629],[13.5129,47.6325],[13.5233,47.6183],[13.5063,47.6008],[13.5071,47.5874],[13.5053,47.582],[13.4908,47.577],[13.4783,47.5681],[13.4848,47.5528],[13.4787,47.5471],[13.4762,47.5324],[13.4814,47.5228],[13.487,47.5196],[13.4901,47.5133],[13.502,47.5117],[13.5134,47.503],[13.5162,47.4965],[13.5203,47.4943],[13.5343,47.4949],[13.5401,47.4911],[13.5477,47.4901],[13.5616,47.4835],[13.5682,47.4825],[13.5857,47.4748]]]},"properties":{"code":"407"}},
{"type":"Feature","geometry":{"type":"Polygon","coordinates":[[[13.8693,48.4259],[13.8654,48.4258],[13.856,48.4167],[13.8518,48.4152],[13.8398,48.418],[13.8252,48.4171],[13.8217,48.4199],[13.8281,48.4282],[13.8123,48.4237],[13.8033,48.4193],[13.7907,48.4243],[13.779,48.4317],[13.7753,48.4381],[13.7624,48.4349],[13.7532,48.4414],[13.7491,48.4454],[13.7433,48.4487],[13.7316,48.449],[13.7104,48.4397],[13.7088,48.4369],[13.6966,48.4349],[13.6982,48.4277],[13.6956,48.4257],[13.6957,48.4255],[13.6984,48.4178],[13.6852,48.4067],[13.6957,48.4015],[13.701,48.3939],[13.7007,48.3894],[13.7115,48.3814],[13.729,48.3652],[13.7195,48.3597],[13.7153,48.3516],[13.7215,48.3377],[13.7178,48.3336],[13.7121,48.3322],[13.7202,48.3279],[13.716,48.3221],[13.7197,48.3189],[13.7166,48.3151],[13.7039,48.3134],[13.6995,48.3105],[13.6901,48.3089],[13.6898,48.304],[13.6893,48.3042],[13.6716,48.3046],[13.6714,48.3022],[13.6646,48.2942],[13.6593,48.2838],[13.654,48.285],[13.6526,48.275],[13.6475,48.2711],[13.6485,48.2671],[13.653,48.2626],[13.6517,48.2586],[13.6568,48.2549],[13.6516,48.2503],[13.6361,48.2518],[13.6145,48.2477],[13.61,48.2453],[13.604,48.2519],[13.5982,48.2511],[13.5909,48.2538],[13.5834,48.2485],[13.5747,48.2494],[13.567,48.2477],[13.5708,48.2432],[13.5705,48.2335],[13.5761,48.2294],[13.5803,48.2305],[13.5843,48.2257],[13.5848,48.2131],[13.596,48.2133],[13.6029,48.211],[13.6044,48.2023],[13.6104,48.2016],[13.6246,48.1959],[13.617,48.1931],[13.6178,48.1843],[13.6124,48.1823],[13.6111,48.1772],[13.6133,48.1648],[13.6058,48.1566],[13.6075,48.1411],[13.6029,48.1386],[13.6062,48.1326],[13.6239,48.1332],[13.6323,48.1299],[13.6481,48.1334],[13.6555,48.1278],[13.678,48.1287],[13.6802,48.1325],[13.6851,48.1222],[13.6945,48.121],[13.7074,48.1251],[13.7145,48.1253],[13.7331,48.1136],[13.7409,48.1116],[13.7485,48.1104],[13.7474,48.1144],[13.754,48.118],[13.7585,48.1235],[13.7691,48.1267],[13.7729,48.127],[13.774,48.1341],[13.7794,48.1361],[13.7735,48.1442],[13.7843,48.1446],[13.7809,48.148],[13.792,48.1495],[13.7865,48.1534],[13.7953,48.1526],[13.7935,48.1497],[13.8042,48.1465],[13.8,48.1507],[13.8153,48.1583],[13.822,48.1677],[13.8201,48.1744],[13.8229,48.1763],[13.8303,48.1715],[13.8331,48.1664],[13.8583,48.1646],[13.8683,48.1616],[13.8733,48.164],[13.8694,48.168],[13.8717,48.1725],[13.8791,48.1745],[13.8854,48.1749],[13.8835,48.1795],[13.8656,48.1851],[13.8525,48.1933],[13.8543,48.1954],[13.8418,48.1975],[13.8461,48.1991],[13.8431,48.2054],[13.863,48.2052],[13.87,48.2089],[13.8893,48.207],[13.8972,48.2133],[13.9094,48.2146],[13.9092,48.2184],[13.9154,48.221],[13.9301,48.2139],[13.9436,48.211],[13.9512,48.2114],[13.9538,48.2185],[13.9611,48.2146],[13.9625,48.2181],[13.963,48.2183],[13.9696,48.2188],[13.9713,48.2224],[13.9822,48.221],[13.9934,48.2174],[13.9943,48.2221],[14,48.2273],[13.9955,48.2351],[13.9913,48.2372],[13.9875,48.2344],[13.9689,48.2379],[13.9679,48.2459],[13.9648,48.2429],[13.9572,48.2481],[13.9424,48.2504],[13.9332,48.2466],[13.926,48.25],[13.9049,48.2525],[13.8959,48.2519],[13.8895,48.2646],[13.8851,48.2664],[13.8864,48.2739],[13.883,48.2785],[13.8924,48.2795],[13.9074,48.284],[13.9102,48.2947],[13.8979,48.2971],[13.8936,48.2944],[13.8832,48.2935],[13.8688,48.2877],[13.8629,48.2914],[13.8512,48.2922],[13.8534,48.2947],[13.8551,48.3044],[13.8644,48.3031],[13.8649,48.3098],[13.8742,48.3159],[13.8777,48.3119],[13.8854,48.314],[13.8898,48.3209],[13.8987,48.3192],[13.9047,48.3211],[13.8975,48.3276],[13.9085,48.3327],[13.9073,48.3342],[13.9067,48.3347],[13.9061,48.3349],[13.9105,48.3375],[13.9105,48.3397],[13.9079,48.344],[13.9004,48.3429],[13.899,48.3478],[13.8911,48.3501],[13.8998,48.3562],[13.8959,48.3579],[13.8917,48.3583],[13.8956,48.3703],[13.9054,48.3736],[13.9104,48.3843],[13.9232,48.3933],[13.9181,48.3972],[13.9044,48.402],[13.9038,48.4023],[13.8948,48.4044],[13.8776,48.4148],[13.8693,48.4259]]]},"properties":{"code":"408"}},
{"type":"Feature","geometry":{"type":"Polygon","coordinates":[[[14.0106,47.7009],[14.0198,47.6908],[14.0369,47.6792],[14.0478,47.6744],[14.0554,47.6679],[14.0463,47.6264],[14.0544,47.6252],[14.0508,47.6172],[14.0601,47.618],[14.0647,47.6159],[14.08,47.6193],[14.0931,47.6195],[14.0955,47.6232],[14.1106,47.6273],[14.1227,47.6276],[14.1327,47.6298],[14.1362,47.6338],[14.1456,47.637],[14.16,47.6366],[14.1688,47.6399],[14.1758,47.6377],[14.1823,47.6391],[14.1869,47.6443],[14.1913,47.6444],[14.2061,47.6525],[14.2185,47.6502],[14.2326,47.6506],[14.2231,47.6421],[14.2346,47.6279],[14.2502,47.6192],[14.2553,47.6128],[14.2644,47.6105],[14.282,47.6145],[14.2965,47.6079],[14.3028,47.6096],[14.3126,47.6064],[14.3264,47.6076],[14.3345,47.6184],[14.3613,47.6291],[14.3702,47.629],[14.3809,47.634],[14.3889,47.6346],[14.395,47.6378],[14.3926,47.6484],[14.3975,47.6527],[14.4209,47.6566],[14.4234,47.6529],[14.4367,47.6526],[14.4473,47.6567],[14.4493,47.6638],[14.466,47.6695],[14.4713,47.6693],[14.4743,47.6749],[14.4886,47.682],[14.4886,47.6821],[14.4916,47.6939],[14.4826,47.6995],[14.4816,47.7032],[14.4655,47.7071],[14.466,47.7133],[14.4625,47.7184],[14.4812,47.7211],[14.4808,47.7292],[14.4866,47.7324],[14.4896,47.7379],[14.4859,47.7431],[14.4897,47.7474],[14.4787,47.7525],[14.4799,47.7567],[14.4694,47.7655],[14.4684,47.7705],[14.4576,47.7767],[14.4499,47.7777],[14.4396,47.7823],[14.439,47.7872],[14.4433,47.7926],[14.44,47.7953],[14.4219,47.7909],[14.4191,47.7987],[14.4142,47.7991],[14.4075,47.8049],[14.4058,47.8172],[14.3923,47.8228],[14.3953,47.8311],[14.4012,47.8358],[14.3977,47.8415],[14.4047,47.8473],[14.4068,47.8526],[14.4022,47.8583],[14.413,47.8724],[14.4129,47.8801],[14.3946,47.8827],[14.3925,47.8873],[14.3802,47.8867],[14.3771,47.8936],[14.369,47.8926],[14.3605,47.9051],[14.3342,47.9034],[14.3293,47.9059],[14.3208,47.9039],[14.2958,47.9072],[14.2921,47.9087],[14.2954,47.9168],[14.2922,47.9207],[14.3069,47.9255],[14.309,47.9296],[14.2982,47.9354],[14.2938,47.942],[14.3035,47.9476],[14.3029,47.9542],[14.3072,47.9582],[14.3072,47.9642],[14.3173,47.9642],[14.3123,47.9668],[14.3044,47.981],[14.2939,47.9868],[14.2994,47.9962],[14.2946,48.0032],[14.2789,47.9959],[14.2771,47.9832],[14.2661,47.9742],[14.2545,47.9694],[14.2518,47.9718],[14.2419,47.9709],[14.2407,47.9741],[14.2315,47.9749],[14.2195,47.9701],[14.2121,47.9733],[14.2087,47.9708],[14.2039,47.977],[14.1993,47.9744],[14.1905,47.985],[14.195,47.989],[14.1878,47.9893],[14.1867,47.9958],[14.1772,48.0004],[14.1655,48.0005],[14.1702,48.0083],[14.1752,48.0137],[14.1692,48.0187],[14.1593,48.0183],[14.1588,48.0261],[14.1716,48.0227],[14.1733,48.0341],[14.1813,48.0371],[14.1781,48.0413],[14.1918,48.0488],[14.1918,48.0536],[14.1819,48.0523],[14.1702,48.0479],[14.1693,48.0446],[14.1524,48.0498],[14.15,48.0573],[14.1771,48.0629],[14.1887,48.0715],[14.188,48.0737],[14.18,48.0731],[14.1698,48.0691],[14.1601,48.0718],[14.1641,48.0733],[14.1487,48.0879],[14.1485,48.0936],[14.1541,48.0917],[14.1556,48.1011],[14.145,48.0989],[14.1401,48.0954],[14.1354,48.0985],[14.1325,48.0976],[14.1243,48.0889],[14.1259,48.0939],[14.1157,48.0923],[14.1121,48.0832],[14.1043,48.0766],[14.0965,48.0794],[14.0877,48.072],[14.0916,48.0658],[14.088,48.0565],[14.0727,48.0507],[14.0668,48.0536],[14.0617,48.0521],[14.0595,48.0548],[14.047,48.0551],[14.0353,48.047],[14.0364,48.0368],[14.0317,48.0285],[14.0328,48.0215],[14.0232,48.0132],[14.0167,48.0149],[14.0115,48.009],[14.0036,48.0074],[14.0015,48.0039],[13.9873,48.0026],[13.9878,47.9943],[13.9796,47.9915],[13.9745,47.9969],[13.9718,47.988],[13.9609,47.986],[13.959,47.9781],[13.9513,47.9777],[13.9643,47.9719],[13.9789,47.9718],[13.9904,47.9649],[13.9803,47.9561],[13.9879,47.9459],[13.994,47.9442],[13.9904,47.9308],[13.9921,47.9259],[13.9816,47.9249],[13.9769,47.9133],[13.9851,47.9043],[13.9876,47.8962],[13.9833,47.8958],[13.9919,47.8792],[14.0088,47.8758],[14.0159,47.87],[14.024,47.8734],[14.0371,47.8735],[14.0646,47.8642],[14.0726,47.8624],[14.0856,47.8566],[14.0861,47.8475],[14.0978,47.845],[14.0919,47.8355],[14.0953,47.8291],[14.0806,47.8243],[14.0715,47.8246],[14.06,47.8223],[14.0507,47.8185],[14.0443,47.8112],[14.0405,47.8123],[14.0304,47.8045],[14.0113,47.8018],[14.0026,47.8032],[13.9995,47.8004],[14.0064,47.7943],[14.004,47.7868],[14.0115,47.7765],[14.0219,47.777],[14.035,47.7729],[14.0276,47.7642],[14.0281,47.7601],[14.037,47.7536],[14.0413,47.7446],[14.0551,47.7358],[14.0602,47.7285],[14.0633,47.717],[14.0462,47.7108],[14.0407,47.7134],[14.0252,47.7106],[14.0177,47.7029],[14.0106,47.7009]]]},"properties":{"code":"409"}},
{"type":"Feature","geometry":{"type":"Polygon","coordinates":[[[14.5212,48.2376],[14.5044,48.2434],[14.4885,48.2437],[14.4792,48.24],[14.4612,48.2365],[14.4477,48.2393],[14.4405,48.2444],[14.4364,48.2393],[14.4148,48.243],[14.4089,48.2484],[14.4012,48.2461],[14.3906,48.239],[14.3901,48.2348],[14.3869,48.2306],[14.372,48.2359],[14.3556,48.2276],[14.3422,48.2285],[14.3374,48.2243],[14.3408,48.221],[14.337,48.2173],[14.3246,48.2114],[14.32,48.2134],[14.312,48.2188],[14.3148,48.2211],[14.3043,48.2318],[14.292,48.2309],[14.2895,48.2344],[14.2816,48.2342],[14.2791,48.2385],[14.2684,48.2458],[14.2628,48.2467],[14.2793,48.2529],[14.2711,48.2592],[14.2769,48.261],[14.2753,48.2763],[14.2813,48.2804],[14.2617,48.288],[14.2682,48.2907],[14.2637,48.2939],[14.2602,48.3013],[14.2602,48.3014],[14.2595,48.3028],[14.2594,48.3028],[14.2587,48.3048],[14.2457,48.3073],[14.2482,48.3098],[14.2334,48.3077],[14.2176,48.3115],[14.1987,48.3238],[14.1927,48.33],[14.1835,48.3318],[14.1704,48.3273],[14.1666,48.319],[14.1592,48.3156],[14.1447,48.3152],[14.143,48.3055],[14.1379,48.3018],[14.143,48.3006],[14.14,48.2941],[14.1531,48.2955],[14.1551,48.2902],[14.1528,48.2826],[14.1642,48.2775],[14.1518,48.2763],[14.1446,48.2757],[14.1414,48.27],[14.1375,48.2668],[14.1208,48.2645],[14.1109,48.2618],[14.1044,48.2624],[14.1014,48.2586],[14.0951,48.2598],[14.093,48.2555],[14.1018,48.2486],[14.1085,48.2463],[14.095,48.2425],[14.0913,48.2358],[14.0975,48.2302],[14.1068,48.2259],[14.1132,48.2267],[14.1127,48.2198],[14.1333,48.2191],[14.1541,48.2202],[14.1536,48.2132],[14.1571,48.2034],[14.1507,48.1962],[14.1558,48.1832],[14.1627,48.1829],[14.1706,48.1751],[14.1701,48.1687],[14.1648,48.1708],[14.1621,48.1649],[14.1487,48.1563],[14.1478,48.1505],[14.1416,48.1512],[14.1407,48.1488],[14.1302,48.148],[14.1242,48.1319],[14.121,48.1321],[14.1173,48.1241],[14.1265,48.1197],[14.1482,48.1159],[14.1604,48.1125],[14.1442,48.1048],[14.1441,48.1048],[14.1442,48.1046],[14.1381,48.1006],[14.137,48.1003],[14.1369,48.1003],[14.1358,48.0992],[14.1354,48.0985],[14.1401,48.0954],[14.145,48.0989],[14.1556,48.1011],[14.1541,48.0917],[14.1485,48.0936],[14.1487,48.0879],[14.1641,48.0733],[14.1601,48.0718],[14.1698,48.0691],[14.18,48.0731],[14.188,48.0737],[14.1962,48.0739],[14.1994,48.0816],[14.2088,48.0813],[14.2081,48.0758],[14.2177,48.0812],[14.225,48.0813],[14.2302,48.0869],[14.2306,48.0878],[14.2403,48.0864],[14.2442,48.0889],[14.2525,48.0957],[14.249,48.1047],[14.2592,48.1061],[14.2585,48.1034],[14.2707,48.1058],[14.2709,48.1028],[14.2827,48.1027],[14.2816,48.1102],[14.2917,48.1153],[14.3036,48.111],[14.3056,48.1122],[14.3207,48.1081],[14.3235,48.1157],[14.328,48.1139],[14.337,48.1221],[14.3369,48.1258],[14.3448,48.1255],[14.3528,48.1319],[14.3629,48.1352],[14.3741,48.1274],[14.3793,48.1282],[14.387,48.1358],[14.3934,48.1353],[14.4002,48.1254],[14.4063,48.1269],[14.4144,48.1243],[14.4234,48.125],[14.4223,48.1199],[14.4155,48.1218],[14.4151,48.1146],[14.4257,48.1083],[14.4482,48.1123],[14.4569,48.1084],[14.4662,48.1087],[14.4714,48.1035],[14.479,48.1044],[14.4926,48.1097],[14.4941,48.1136],[14.4772,48.1206],[14.4677,48.1221],[14.4693,48.1268],[14.4774,48.1331],[14.477,48.1406],[14.4676,48.148],[14.4708,48.1552],[14.4778,48.1608],[14.4839,48.1746],[14.4794,48.1817],[14.4823,48.1888],[14.48,48.1976],[14.4896,48.2219],[14.5212,48.2376]]]},"properties":{"code":"410"}},
{"type":"Feature","geometry":{"type":"Polygon","coordinates":[[[14.9742,48.1988],[14.9748,48.2011],[14.9648,48.204],[14.969,48.2084],[14.9621,48.2147],[14.9549,48.2155],[14.9522,48.2191],[14.9631,48.2302],[14.9747,48.2348],[14.9703,48.238],[14.97,48.2457],[14.9798,48.2523],[14.992,48.2559],[14.9883,48.2632],[14.9894,48.2701],[14.9903,48.2792],[14.9839,48.298],[14.9868,48.3063],[14.985,48.3094],[14.9864,48.3193],[14.9784,48.3236],[14.9743,48.3222],[14.9598,48.3254],[14.9503,48.3225],[14.9437,48.3236],[14.9483,48.3363],[14.9527,48.3406],[14.9511,48.3457],[14.9534,48.3617],[14.9597,48.3748],[14.9644,48.3785],[14.9645,48.3879],[14.9513,48.3902],[14.9456,48.3936],[14.9325,48.3942],[14.9233,48.3882],[14.9166,48.3889],[14.9187,48.3939],[14.9302,48.398],[14.9475,48.4077],[14.9493,48.4136],[14.9414,48.4162],[14.9388,48.4232],[14.9311,48.4236],[14.9282,48.4238],[14.935,48.4169],[14.9304,48.411],[14.9193,48.4133],[14.9184,48.4092],[14.9156,48.4032],[14.9099,48.4046],[14.8906,48.4025],[14.8892,48.4003],[14.8879,48.3954],[14.8826,48.3947],[14.8754,48.3937],[14.8789,48.3889],[14.8724,48.3848],[14.8622,48.3794],[14.8556,48.374],[14.8503,48.3722],[14.8479,48.3713],[14.8475,48.3717],[14.8472,48.3722],[14.8481,48.3737],[14.848,48.3739],[14.8479,48.3739],[14.8477,48.3746],[14.8463,48.3753],[14.8462,48.3753],[14.846,48.3754],[14.8367,48.3755],[14.8366,48.3754],[14.8367,48.3752],[14.8371,48.3742],[14.837,48.3741],[14.8373,48.3717],[14.8378,48.3685],[14.8306,48.3632],[14.8235,48.3651],[14.8154,48.3646],[14.8155,48.3646],[14.8156,48.3626],[14.8106,48.3531],[14.7975,48.3488],[14.7953,48.3443],[14.7952,48.3439],[14.7947,48.3433],[14.791,48.3374],[14.7803,48.3414],[14.7759,48.3439],[14.7651,48.3422],[14.7626,48.3391],[14.764,48.3334],[14.7459,48.3383],[14.7458,48.3383],[14.7456,48.3387],[14.7389,48.3365],[14.7367,48.3311],[14.7195,48.3376],[14.7117,48.3379],[14.6932,48.3252],[14.6852,48.3152],[14.6761,48.3097],[14.6679,48.3201],[14.6641,48.3199],[14.6538,48.3253],[14.6576,48.3305],[14.6508,48.329],[14.6427,48.3393],[14.633,48.3368],[14.6323,48.3251],[14.6286,48.3164],[14.6304,48.3131],[14.6248,48.3149],[14.611,48.3128],[14.6169,48.3074],[14.6139,48.3024],[14.5958,48.3046],[14.5889,48.2986],[14.5806,48.2974],[14.5714,48.305],[14.5736,48.3177],[14.5581,48.321],[14.5574,48.3244],[14.5414,48.3249],[14.5292,48.3175],[14.5239,48.3192],[14.517,48.3151],[14.5153,48.3195],[14.5025,48.3193],[14.4942,48.3271],[14.4865,48.3296],[14.4779,48.3282],[14.4734,48.33],[14.4645,48.3258],[14.4689,48.3234],[14.4627,48.3178],[14.4613,48.3124],[14.4728,48.3097],[14.4775,48.3129],[14.4844,48.3117],[14.4787,48.306],[14.4813,48.3026],[14.4667,48.2992],[14.4541,48.2982],[14.4452,48.2955],[14.4294,48.303],[14.415,48.3029],[14.4172,48.2964],[14.4078,48.2919],[14.4098,48.2872],[14.4087,48.2774],[14.404,48.2765],[14.4075,48.2698],[14.4041,48.2662],[14.4037,48.2571],[14.3985,48.2529],[14.4089,48.2484],[14.4148,48.243],[14.4364,48.2393],[14.4405,48.2444],[14.4477,48.2393],[14.4612,48.2365],[14.4792,48.24],[14.4885,48.2437],[14.5044,48.2434],[14.5212,48.2376],[14.5331,48.2377],[14.5609,48.231],[14.5833,48.2237],[14.5915,48.2181],[14.5972,48.2101],[14.611,48.1961],[14.6258,48.1891],[14.6345,48.1801],[14.6458,48.1739],[14.6614,48.171],[14.661,48.1673],[14.673,48.1615],[14.6845,48.158],[14.6944,48.1577],[14.7051,48.1626],[14.7055,48.1688],[14.7153,48.1787],[14.7227,48.1788],[14.7393,48.1721],[14.7429,48.1749],[14.7587,48.1769],[14.7775,48.1814],[14.7922,48.1834],[14.8061,48.1877],[14.8306,48.1894],[14.8452,48.1957],[14.8483,48.2022],[14.8577,48.213],[14.8569,48.2249],[14.8714,48.2279],[14.8815,48.2326],[14.8889,48.232],[14.8955,48.2279],[14.9026,48.2309],[14.9154,48.2329],[14.934,48.2316],[14.9446,48.2272],[14.959,48.2048],[14.9742,48.1988]]]},"properties":{"code":"411"}},
{"type":"Feature","geometry":{"type":"Polygon","coordinates":[[[13.3301,48.0693],[13.3455,48.0695],[13.3499,48.0521],[13.359,48.0514],[13.3651,48.0541],[13.3822,48.057],[13.3879,48.054],[13.3933,48.0655],[13.3912,48.0706],[13.3935,48.0757],[13.4054,48.0849],[13.4146,48.0836],[13.4229,48.0855],[13.4226,48.0915],[13.4344,48.0964],[13.4367,48.1005],[13.4451,48.1017],[13.4518,48.1062],[13.4712,48.1057],[13.4827,48.1091],[13.4987,48.1073],[13.5154,48.1156],[13.5218,48.1138],[13.5321,48.1183],[13.5386,48.1167],[13.5516,48.1196],[13.5525,48.1164],[13.5614,48.1139],[13.5744,48.1179],[13.5868,48.1179],[13.5901,48.1232],[13.6037,48.124],[13.6071,48.1266],[13.6062,48.1326],[13.6029,48.1386],[13.6075,48.1411],[13.6058,48.1566],[13.6133,48.1648],[13.6111,48.1772],[13.6124,48.1823],[13.6178,48.1843],[13.617,48.1931],[13.6246,48.1959],[13.6104,48.2016],[13.6044,48.2023],[13.6029,48.211],[13.596,48.2133],[13.5848,48.2131],[13.5843,48.2257],[13.5803,48.2305],[13.5761,48.2294],[13.5705,48.2335],[13.5708,48.2432],[13.567,48.2477],[13.5747,48.2494],[13.5834,48.2485],[13.5909,48.2538],[13.6037,48.2628],[13.6161,48.2639],[13.619,48.2712],[13.6248,48.2777],[13.6276,48.2905],[13.6234,48.294],[13.6234,48.2986],[13.6044,48.2989],[13.5999,48.2948],[13.596,48.3002],[13.5838,48.3015],[13.5817,48.3009],[13.5765,48.3025],[13.5783,48.3074],[13.5634,48.3098],[13.5634,48.31],[13.5635,48.3111],[13.5603,48.3191],[13.5635,48.3217],[13.5596,48.335],[13.5524,48.3286],[13.5493,48.3312],[13.5401,48.3287],[13.5318,48.3309],[13.5317,48.3309],[13.5318,48.3317],[13.5303,48.3273],[13.5188,48.3272],[13.5187,48.3272],[13.5141,48.3285],[13.5069,48.3308],[13.5007,48.3346],[13.4921,48.329],[13.4739,48.3304],[13.474,48.3346],[13.449,48.3361],[13.4426,48.3402],[13.4352,48.3341],[13.4342,48.3433],[13.4299,48.3422],[13.4294,48.3417],[13.4293,48.3401],[13.421,48.3396],[13.4255,48.3512],[13.4169,48.3562],[13.4085,48.3571],[13.4088,48.3647],[13.4078,48.3722],[13.3709,48.355],[13.3615,48.3488],[13.3516,48.3392],[13.3294,48.3232],[13.3232,48.3199],[13.2617,48.2952],[13.2478,48.2929],[13.1955,48.2955],[13.2011,48.2845],[13.1996,48.2757],[13.2017,48.2694],[13.2121,48.2627],[13.2249,48.2702],[13.2418,48.2747],[13.2442,48.2723],[13.2566,48.2738],[13.2512,48.2663],[13.249,48.2583],[13.2557,48.2584],[13.2541,48.2547],[13.2673,48.2588],[13.275,48.2534],[13.2821,48.2537],[13.291,48.2445],[13.2972,48.2473],[13.2985,48.2411],[13.3078,48.2373],[13.3054,48.2316],[13.3149,48.2327],[13.3193,48.2398],[13.3229,48.2391],[13.3328,48.2303],[13.34,48.233],[13.3467,48.2304],[13.3433,48.2273],[13.3451,48.2223],[13.3362,48.218],[13.3426,48.2128],[13.3598,48.2042],[13.3503,48.1958],[13.3422,48.1937],[13.3444,48.1907],[13.3233,48.1843],[13.3322,48.1773],[13.3356,48.1668],[13.3346,48.1581],[13.3314,48.1563],[13.331,48.1454],[13.3281,48.1422],[13.3351,48.1412],[13.3303,48.1283],[13.3303,48.1181],[13.325,48.1111],[13.3223,48.1032],[13.3238,48.0965],[13.3139,48.0938],[13.3241,48.0868],[13.3344,48.0821],[13.3301,48.0693]]]},"properties":{"code":"412"}},
{"type":"Feature","geometry":{"type":"Polygon","coordinates":[[[14.0303,48.3732],[14.0492,48.3794],[14.0469,48.3859],[14.0555,48.3887],[14.0506,48.3993],[14.0562,48.402],[14.0679,48.3975],[14.0783,48.3991],[14.0793,48.3998],[14.0816,48.4024],[14.0762,48.413],[14.0855,48.4165],[14.0932,48.4232],[14.0934,48.4272],[14.102,48.4355],[14.1044,48.4446],[14.1179,48.4412],[14.1217,48.4471],[14.1291,48.4365],[14.1361,48.4325],[14.1415,48.4263],[14.148,48.4288],[14.1517,48.4366],[14.157,48.438],[14.159,48.4491],[14.1623,48.4527],[14.1726,48.4537],[14.1797,48.4575],[14.1779,48.4601],[14.1768,48.4668],[14.1782,48.4676],[14.1756,48.4736],[14.1754,48.4746],[14.175,48.4763],[14.1744,48.4768],[14.1713,48.4819],[14.172,48.4827],[14.174,48.4878],[14.17,48.4938],[14.1746,48.4994],[14.1784,48.5037],[14.1875,48.4929],[14.1978,48.4942],[14.2034,48.5049],[14.1905,48.5161],[14.1978,48.5289],[14.1898,48.5313],[14.1902,48.5356],[14.1808,48.5303],[14.1691,48.5343],[14.1688,48.5366],[14.178,48.5393],[14.1714,48.5405],[14.1739,48.5498],[14.1704,48.5493],[14.1707,48.5481],[14.1705,48.548],[14.1705,48.5476],[14.1707,48.5468],[14.1612,48.5432],[14.159,48.5463],[14.1639,48.5538],[14.1571,48.5612],[14.1571,48.5673],[14.1629,48.5736],[14.1591,48.5766],[14.1678,48.578],[14.169,48.585],[14.1636,48.5892],[14.1635,48.5892],[14.1545,48.5959],[14.139,48.5949],[14.1308,48.5974],[14.1305,48.5975],[14.1159,48.5892],[14.106,48.5895],[14.0956,48.5922],[14.0981,48.5984],[14.0979,48.5987],[14.0977,48.599],[14.0723,48.5999],[14.0665,48.5955],[14.0697,48.6063],[14.0542,48.6043],[14.0516,48.6095],[14.0422,48.6128],[14.0409,48.6174],[14.0453,48.6188],[14.0469,48.6279],[14.0468,48.6279],[14.0468,48.628],[14.0426,48.629],[14.03,48.6267],[14.023,48.6307],[14.0189,48.6363],[14.0114,48.639],[14.0227,48.6454],[14.0243,48.6526],[14.0435,48.6543],[14.0439,48.6544],[14.0536,48.653],[14.0544,48.6539],[14.0583,48.6619],[14.059,48.663],[14.0598,48.6695],[14.06,48.6733],[14.0557,48.6756],[14.0389,48.6761],[14.0247,48.6833],[14.0254,48.6891],[14.0167,48.6915],[14.0182,48.6962],[14.0134,48.6984],[14.0032,48.7086],[13.9617,48.7136],[13.9558,48.7147],[13.9539,48.7206],[13.9392,48.7232],[13.9209,48.737],[13.9197,48.7408],[13.9046,48.7498],[13.8955,48.7571],[13.8892,48.7585],[13.8761,48.7666],[13.8684,48.7696],[13.8552,48.7714],[13.8485,48.7698],[13.8396,48.7716],[13.8365,48.7631],[13.821,48.7536],[13.8213,48.7522],[13.8219,48.7499],[13.8203,48.7418],[13.8194,48.7325],[13.8105,48.729],[13.8011,48.7166],[13.7955,48.7157],[13.8031,48.7081],[13.8103,48.7091],[13.8111,48.7041],[13.8211,48.6991],[13.8374,48.7006],[13.8351,48.6964],[13.835,48.6955],[13.8348,48.6952],[13.831,48.6921],[13.83,48.6923],[13.8256,48.6925],[13.825,48.6928],[13.8225,48.6942],[13.814,48.6923],[13.8143,48.6877],[13.8144,48.6872],[13.8142,48.6866],[13.8143,48.6862],[13.8143,48.6859],[13.8138,48.6848],[13.8137,48.6848],[13.8141,48.6826],[13.8166,48.6813],[13.8166,48.6812],[13.817,48.68],[13.817,48.6799],[13.8172,48.6796],[13.8166,48.6791],[13.8174,48.6776],[13.8174,48.6775],[13.8178,48.6768],[13.8179,48.6766],[13.8179,48.6765],[13.8182,48.6762],[13.8182,48.6757],[13.8186,48.6756],[13.8187,48.6755],[13.8187,48.6754],[13.8189,48.6752],[13.819,48.6752],[13.8191,48.6752],[13.8195,48.6726],[13.8195,48.6725],[13.8195,48.6724],[13.8197,48.671],[13.8197,48.6707],[13.8198,48.6707],[13.8198,48.6706],[13.8197,48.6701],[13.8193,48.669],[13.8181,48.6676],[13.8176,48.6665],[13.8148,48.6529],[13.8148,48.6528],[13.8146,48.6518],[13.8146,48.6517],[13.8145,48.6514],[13.8145,48.6513],[13.8144,48.6512],[13.8142,48.6498],[13.8145,48.6493],[13.8145,48.6491],[13.8155,48.6485],[13.8158,48.6481],[13.8159,48.6481],[13.8161,48.648],[13.8205,48.6439],[13.8205,48.6438],[13.8234,48.6426],[13.8237,48.6425],[13.8239,48.6421],[13.8239,48.6419],[13.8239,48.6418],[13.824,48.6416],[13.8238,48.6414],[13.8229,48.6406],[13.8226,48.6404],[13.8219,48.6395],[13.8218,48.6394],[13.8218,48.6393],[13.8221,48.6377],[13.8223,48.6375],[13.8224,48.6375],[13.8252,48.6364],[13.8255,48.6332],[13.8254,48.6327],[13.8255,48.6322],[13.8255,48.6307],[13.827,48.6278],[13.8259,48.627],[13.8257,48.6267],[13.825,48.6198],[13.8252,48.6193],[13.8249,48.6192],[13.8257,48.6184],[13.8255,48.6181],[13.8231,48.6167],[13.8144,48.6119],[13.8143,48.6093],[13.8126,48.6088],[13.8105,48.607],[13.8104,48.607],[13.8087,48.5999],[13.8018,48.5963],[13.8018,48.5958],[13.8011,48.5957],[13.8015,48.5944],[13.8067,48.5905],[13.8048,48.5814],[13.8003,48.5732],[13.7904,48.5719],[13.7809,48.5645],[13.7684,48.5535],[13.7603,48.5654],[13.755,48.5642],[13.7476,48.5524],[13.748,48.5523],[13.7484,48.5524],[13.7484,48.5523],[13.7548,48.5513],[13.7547,48.5511],[13.7546,48.5511],[13.7539,48.5508],[13.7536,48.5507],[13.7533,48.5505],[13.7454,48.5455],[13.7442,48.5446],[13.744,48.5443],[13.744,48.5436],[13.7441,48.5434],[13.744,48.5434],[13.744,48.5433],[13.7441,48.5427],[13.7441,48.5426],[13.7484,48.5396],[13.7476,48.5295],[13.7348,48.526],[13.7336,48.5254],[13.7331,48.5248],[13.7322,48.5164],[13.7271,48.513],[13.7355,48.5059],[13.7473,48.4902],[13.7722,48.4763],[13.7791,48.4687],[13.8058,48.463],[13.8207,48.4541],[13.8258,48.4489],[13.8545,48.4302],[13.8654,48.4258],[13.8693,48.4259],[13.8737,48.4272],[13.8725,48.4331],[13.8604,48.4374],[13.854,48.4425],[13.8541,48.4482],[13.8635,48.4503],[13.8749,48.4453],[13.8911,48.4464],[13.9051,48.4547],[13.919,48.4489],[13.9203,48.437],[13.9259,48.43],[13.9269,48.4171],[13.9395,48.4039],[13.9482,48.4049],[13.9568,48.4177],[13.9683,48.4165],[13.9791,48.4212],[13.9862,48.4216],[13.9981,48.416],[14.0027,48.408],[14.0251,48.384],[14.0303,48.3732]]]},"properties":{"code":"413"}},
{"type":"Feature","geometry":{"type":"Polygon","coordinates":[[[13.8654,48.4258],[13.8545,48.4302],[13.8258,48.4489],[13.8207,48.4541],[13.8058,48.463],[13.7791,48.4687],[13.7722,48.4763],[13.7473,48.4902],[13.7355,48.5059],[13.7271,48.513],[13.7057,48.5176],[13.6982,48.5231],[13.6851,48.5287],[13.6701,48.532],[13.6603,48.5374],[13.6553,48.5477],[13.642,48.5524],[13.6286,48.5533],[13.6131,48.5605],[13.6063,48.5666],[13.5988,48.5697],[13.5914,48.5693],[13.5836,48.5607],[13.5792,48.5594],[13.567,48.562],[13.5428,48.5752],[13.5299,48.586],[13.5162,48.5908],[13.5101,48.591],[13.5049,48.5875],[13.5017,48.5809],[13.507,48.5777],[13.504,48.5725],[13.4914,48.569],[13.4918,48.5644],[13.4849,48.5615],[13.4786,48.5644],[13.4745,48.5624],[13.4751,48.556],[13.4636,48.554],[13.45,48.5639],[13.4392,48.5588],[13.4368,48.5541],[13.4425,48.5439],[13.4495,48.539],[13.4506,48.5348],[13.4449,48.528],[13.4467,48.5231],[13.4573,48.5137],[13.4577,48.5103],[13.4477,48.4959],[13.447,48.4917],[13.4362,48.4719],[13.4273,48.4578],[13.4281,48.4514],[13.4394,48.4376],[13.4389,48.4299],[13.4231,48.407],[13.4193,48.3965],[13.4184,48.3864],[13.4142,48.3779],[13.4078,48.3722],[13.4088,48.3647],[13.4085,48.3571],[13.4169,48.3562],[13.4255,48.3512],[13.421,48.3396],[13.4293,48.3401],[13.4294,48.3417],[13.4299,48.3422],[13.4342,48.3433],[13.4352,48.3341],[13.4426,48.3402],[13.449,48.3361],[13.474,48.3346],[13.4739,48.3304],[13.4921,48.329],[13.5007,48.3346],[13.5069,48.3308],[13.5141,48.3285],[13.5187,48.3272],[13.5188,48.3272],[13.5303,48.3273],[13.5318,48.3317],[13.5317,48.3309],[13.5318,48.3309],[13.5401,48.3287],[13.5493,48.3312],[13.5524,48.3286],[13.5596,48.335],[13.5635,48.3217],[13.5603,48.3191],[13.5635,48.3111],[13.5634,48.31],[13.5634,48.3098],[13.5783,48.3074],[13.5765,48.3025],[13.5817,48.3009],[13.5838,48.3015],[13.596,48.3002],[13.5999,48.2948],[13.6044,48.2989],[13.6234,48.2986],[13.6234,48.294],[13.6276,48.2905],[13.6248,48.2777],[13.619,48.2712],[13.6161,48.2639],[13.6037,48.2628],[13.5909,48.2538],[13.5982,48.2511],[13.604,48.2519],[13.61,48.2453],[13.6145,48.2477],[13.6361,48.2518],[13.6516,48.2503],[13.6568,48.2549],[13.6517,48.2586],[13.653,48.2626],[13.6485,48.2671],[13.6475,48.2711],[13.6526,48.275],[13.654,48.285],[13.6593,48.2838],[13.6646,48.2942],[13.6714,48.3022],[13.6716,48.3046],[13.6893,48.3042],[13.6898,48.304],[13.6901,48.3089],[13.6995,48.3105],[13.7039,48.3134],[13.7166,48.3151],[13.7197,48.3189],[13.716,48.3221],[13.7202,48.3279],[13.7121,48.3322],[13.7178,48.3336],[13.7215,48.3377],[13.7153,48.3516],[13.7195,48.3597],[13.729,48.3652],[13.7115,48.3814],[13.7007,48.3894],[13.701,48.3939],[13.6957,48.4015],[13.6852,48.4067],[13.6984,48.4178],[13.6957,48.4255],[13.6956,48.4257],[13.6982,48.4277],[13.6966,48.4349],[13.7088,48.4369],[13.7104,48.4397],[13.7316,48.449],[13.7433,48.4487],[13.7491,48.4454],[13.7532,48.4414],[13.7624,48.4349],[13.7753,48.4381],[13.779,48.4317],[13.7907,48.4243],[13.8033,48.4193],[13.8123,48.4237],[13.8281,48.4282],[13.8217,48.4199],[13.8252,48.4171],[13.8398,48.418],[13.8518,48.4152],[13.856,48.4167],[13.8654,48.4258]]]},"properties":{"code":"414"}},
{"type":"Feature","geometry":{"type":"Polygon","coordinates":[[[14.6491,47.9421],[14.6473,47.9435],[14.6299,47.9427],[14.6225,47.9472],[14.608,47.9492],[14.6005,47.9555],[14.5923,47.9593],[14.5855,47.9674],[14.5689,47.974],[14.562,47.9743],[14.554,47.9819],[14.5395,47.9857],[14.5317,47.99],[14.5213,47.9927],[14.502,47.9942],[14.4929,47.9983],[14.4921,48.0109],[14.473,48.027],[14.4676,48.0336],[14.47,48.0374],[14.4561,48.043],[14.4492,48.0451],[14.4495,48.0377],[14.434,48.0345],[14.4299,48.0293],[14.4199,48.0276],[14.4165,48.0236],[14.4066,48.0312],[14.3975,48.0323],[14.3934,48.0358],[14.3806,48.0354],[14.3787,48.0423],[14.3769,48.0439],[14.3788,48.0568],[14.3952,48.0656],[14.3976,48.0701],[14.4032,48.0705],[14.4076,48.0756],[14.4183,48.0723],[14.4273,48.077],[14.4417,48.0806],[14.4456,48.0783],[14.4579,48.0887],[14.4681,48.0997],[14.479,48.1044],[14.4714,48.1035],[14.4662,48.1087],[14.4569,48.1084],[14.4482,48.1123],[14.4257,48.1083],[14.4151,48.1146],[14.4155,48.1218],[14.4223,48.1199],[14.4234,48.125],[14.4144,48.1243],[14.4063,48.1269],[14.4002,48.1254],[14.3934,48.1353],[14.387,48.1358],[14.3793,48.1282],[14.3741,48.1274],[14.3629,48.1352],[14.3528,48.1319],[14.3448,48.1255],[14.3369,48.1258],[14.337,48.1221],[14.328,48.1139],[14.3235,48.1157],[14.3207,48.1081],[14.3056,48.1122],[14.3036,48.111],[14.2917,48.1153],[14.2816,48.1102],[14.2827,48.1027],[14.2709,48.1028],[14.2707,48.1058],[14.2585,48.1034],[14.2592,48.1061],[14.249,48.1047],[14.2525,48.0957],[14.2442,48.0889],[14.2403,48.0864],[14.2306,48.0878],[14.2302,48.0869],[14.225,48.0813],[14.2177,48.0812],[14.2081,48.0758],[14.2088,48.0813],[14.1994,48.0816],[14.1962,48.0739],[14.188,48.0737],[14.1887,48.0715],[14.1771,48.0629],[14.15,48.0573],[14.1524,48.0498],[14.1693,48.0446],[14.1702,48.0479],[14.1819,48.0523],[14.1918,48.0536],[14.1918,48.0488],[14.1781,48.0413],[14.1813,48.0371],[14.1733,48.0341],[14.1716,48.0227],[14.1588,48.0261],[14.1593,48.0183],[14.1692,48.0187],[14.1752,48.0137],[14.1702,48.0083],[14.1655,48.0005],[14.1772,48.0004],[14.1867,47.9958],[14.1878,47.9893],[14.195,47.989],[14.1905,47.985],[14.1993,47.9744],[14.2039,47.977],[14.2087,47.9708],[14.2121,47.9733],[14.2195,47.9701],[14.2315,47.9749],[14.2407,47.9741],[14.2419,47.9709],[14.2518,47.9718],[14.2545,47.9694],[14.2661,47.9742],[14.2771,47.9832],[14.2789,47.9959],[14.2946,48.0032],[14.2994,47.9962],[14.2939,47.9868],[14.3044,47.981],[14.3123,47.9668],[14.3173,47.9642],[14.3072,47.9642],[14.3072,47.9582],[14.3029,47.9542],[14.3035,47.9476],[14.2938,47.942],[14.2982,47.9354],[14.309,47.9296],[14.3069,47.9255],[14.2922,47.9207],[14.2954,47.9168],[14.2921,47.9087],[14.2958,47.9072],[14.3208,47.9039],[14.3293,47.9059],[14.3342,47.9034],[14.3605,47.9051],[14.369,47.8926],[14.3771,47.8936],[14.3802,47.8867],[14.3925,47.8873],[14.3946,47.8827],[14.4129,47.8801],[14.413,47.8724],[14.4022,47.8583],[14.4068,47.8526],[14.4047,47.8473],[14.3977,47.8415],[14.4012,47.8358],[14.3953,47.8311],[14.3923,47.8228],[14.4058,47.8172],[14.4075,47.8049],[14.4142,47.7991],[14.4191,47.7987],[14.4219,47.7909],[14.44,47.7953],[14.4433,47.7926],[14.439,47.7872],[14.4396,47.7823],[14.4499,47.7777],[14.4576,47.7767],[14.4684,47.7705],[14.4694,47.7655],[14.4799,47.7567],[14.4787,47.7525],[14.4897,47.7474],[14.4859,47.7431],[14.4896,47.7379],[14.4866,47.7324],[14.4808,47.7292],[14.4812,47.7211],[14.4625,47.7184],[14.466,47.7133],[14.4655,47.7071],[14.4816,47.7032],[14.4826,47.6995],[14.4916,47.6939],[14.4886,47.6821],[14.5018,47.6782],[14.5172,47.6818],[14.5237,47.6877],[14.5278,47.6955],[14.5212,47.704],[14.5318,47.7137],[14.537,47.7137],[14.5536,47.7197],[14.5711,47.7163],[14.586,47.7182],[14.599,47.7272],[14.6176,47.7307],[14.6486,47.7265],[14.6469,47.7294],[14.6523,47.7384],[14.67,47.741],[14.6824,47.7505],[14.6877,47.7589],[14.6974,47.7658],[14.7068,47.7606],[14.7147,47.7608],[14.7385,47.7487],[14.7464,47.7559],[14.7359,47.7589],[14.7224,47.768],[14.7175,47.782],[14.7119,47.7901],[14.7315,47.7991],[14.7318,47.8041],[14.7132,47.8134],[14.7102,47.8234],[14.7228,47.8322],[14.722,47.8437],[14.7112,47.8461],[14.71,47.8506],[14.7342,47.8632],[14.7528,47.8659],[14.7582,47.8681],[14.7695,47.8796],[14.7719,47.883],[14.7668,47.8906],[14.7587,47.8968],[14.7597,47.9002],[14.7536,47.9063],[14.7479,47.9094],[14.7435,47.9174],[14.7292,47.9243],[14.7279,47.935],[14.709,47.9318],[14.7038,47.9256],[14.6856,47.9291],[14.6663,47.9389],[14.6491,47.9421]]]},"properties":{"code":"415"}},
{"type":"Feature","geometry":{"type":"Polygon","coordinates":[[[14.4037,48.2571],[14.4041,48.2662],[14.4075,48.2698],[14.404,48.2765],[14.4087,48.2774],[14.4098,48.2872],[14.4078,48.2919],[14.4172,48.2964],[14.415,48.3029],[14.4294,48.303],[14.4452,48.2955],[14.4541,48.2982],[14.4667,48.2992],[14.4813,48.3026],[14.4787,48.306],[14.4844,48.3117],[14.4775,48.3129],[14.4728,48.3097],[14.4613,48.3124],[14.4627,48.3178],[14.4689,48.3234],[14.4645,48.3258],[14.4734,48.33],[14.4779,48.3282],[14.4744,48.3341],[14.4686,48.3374],[14.4671,48.3386],[14.4595,48.3484],[14.4617,48.3513],[14.4405,48.356],[14.4382,48.3612],[14.4321,48.365],[14.4376,48.3681],[14.446,48.366],[14.4437,48.3725],[14.4526,48.3747],[14.4529,48.3787],[14.4663,48.3803],[14.4669,48.3861],[14.4634,48.3919],[14.4664,48.3956],[14.4545,48.4025],[14.4505,48.41],[14.4359,48.412],[14.4329,48.4142],[14.4309,48.4244],[14.4263,48.4296],[14.4125,48.4319],[14.4093,48.4343],[14.4144,48.447],[14.409,48.4494],[14.3995,48.4632],[14.4007,48.4694],[14.407,48.4717],[14.3999,48.4761],[14.4004,48.4804],[14.3843,48.4912],[14.3783,48.4926],[14.3762,48.4986],[14.3825,48.501],[14.3714,48.5088],[14.3722,48.5158],[14.3796,48.5151],[14.3748,48.52],[14.3792,48.523],[14.371,48.5311],[14.3734,48.5348],[14.3847,48.5336],[14.3874,48.538],[14.3901,48.5296],[14.3962,48.5341],[14.3963,48.5389],[14.4029,48.5425],[14.4113,48.5407],[14.4161,48.5435],[14.4239,48.5359],[14.437,48.534],[14.4363,48.5422],[14.4237,48.5415],[14.4168,48.5491],[14.4065,48.5504],[14.4058,48.5542],[14.4022,48.5605],[14.4025,48.5622],[14.4032,48.564],[14.4027,48.5713],[14.3948,48.5737],[14.3937,48.5775],[14.3881,48.5719],[14.3807,48.5694],[14.3685,48.5698],[14.3659,48.5758],[14.3576,48.5746],[14.353,48.5665],[14.353,48.5624],[14.3447,48.5598],[14.3418,48.5545],[14.3367,48.5541],[14.3332,48.5518],[14.3273,48.5543],[14.3243,48.5642],[14.309,48.5644],[14.2791,48.5741],[14.2714,48.5811],[14.2558,48.5816],[14.2477,48.578],[14.2393,48.5779],[14.2373,48.5813],[14.2282,48.5852],[14.208,48.5881],[14.1953,48.5925],[14.1844,48.5936],[14.1636,48.5892],[14.169,48.585],[14.1678,48.578],[14.1591,48.5766],[14.1629,48.5736],[14.1571,48.5673],[14.1571,48.5612],[14.1639,48.5538],[14.159,48.5463],[14.1612,48.5432],[14.1707,48.5468],[14.1705,48.5476],[14.1705,48.548],[14.1707,48.5481],[14.1704,48.5493],[14.1739,48.5498],[14.1714,48.5405],[14.178,48.5393],[14.1688,48.5366],[14.1691,48.5343],[14.1808,48.5303],[14.1902,48.5356],[14.1898,48.5313],[14.1978,48.5289],[14.1905,48.5161],[14.2034,48.5049],[14.1978,48.4942],[14.1875,48.4929],[14.1784,48.5037],[14.1746,48.4994],[14.17,48.4938],[14.174,48.4878],[14.172,48.4827],[14.1713,48.4819],[14.1744,48.4768],[14.175,48.4763],[14.1754,48.4746],[14.1756,48.4736],[14.1782,48.4676],[14.1768,48.4668],[14.1779,48.4601],[14.1797,48.4575],[14.1726,48.4537],[14.1623,48.4527],[14.159,48.4491],[14.157,48.438],[14.1517,48.4366],[14.148,48.4288],[14.1415,48.4263],[14.1361,48.4325],[14.1291,48.4365],[14.1217,48.4471],[14.1179,48.4412],[14.1044,48.4446],[14.102,48.4355],[14.0934,48.4272],[14.0932,48.4232],[14.0855,48.4165],[14.0762,48.413],[14.0816,48.4024],[14.0793,48.3998],[14.0783,48.3991],[14.0679,48.3975],[14.0562,48.402],[14.0506,48.3993],[14.0555,48.3887],[14.0469,48.3859],[14.0492,48.3794],[14.0303,48.3732],[14.0223,48.3536],[14.0227,48.3417],[14.0371,48.33],[14.0556,48.3245],[14.0718,48.318],[14.0947,48.3152],[14.1112,48.3097],[14.1275,48.3109],[14.1455,48.32],[14.1447,48.3152],[14.1592,48.3156],[14.1666,48.319],[14.1704,48.3273],[14.1835,48.3318],[14.1927,48.33],[14.1987,48.3238],[14.2176,48.3115],[14.2334,48.3077],[14.2482,48.3098],[14.2588,48.3101],[14.2585,48.3142],[14.2559,48.322],[14.2558,48.3221],[14.2581,48.3341],[14.2566,48.3407],[14.2647,48.3411],[14.2744,48.3482],[14.2767,48.3473],[14.2827,48.356],[14.2818,48.3601],[14.2901,48.3619],[14.2909,48.3768],[14.2957,48.3785],[14.2951,48.3706],[14.292,48.3661],[14.2954,48.3546],[14.3037,48.358],[14.3075,48.3546],[14.3155,48.3562],[14.3174,48.3529],[14.3252,48.3536],[14.3313,48.3512],[14.3346,48.3446],[14.3487,48.343],[14.3486,48.3403],[14.3367,48.3357],[14.3399,48.3309],[14.348,48.3278],[14.3574,48.3285],[14.3607,48.3247],[14.3541,48.324],[14.354,48.324],[14.3412,48.3254],[14.3349,48.3221],[14.316,48.3246],[14.3147,48.3217],[14.3338,48.3089],[14.3399,48.2965],[14.3443,48.2838],[14.3525,48.277],[14.3676,48.2714],[14.3832,48.2682],[14.3953,48.2601],[14.4037,48.2571]]]},"properties":{"code":"416"}},
{"type":"Feature","geometry":{"type":"Polygon","coordinates":[[[13.304,48.0079],[13.3039,48.0079],[13.3039,48.0035],[13.2983,48.0025],[13.3012,47.9954],[13.3086,47.9929],[13.3239,47.9923],[13.3459,47.9835],[13.3546,47.9779],[13.3708,47.9772],[13.3702,47.9711],[13.3734,47.9658],[13.365,47.9601],[13.361,47.9548],[13.3617,47.9449],[13.3578,47.9397],[13.3461,47.9446],[13.3396,47.9439],[13.3411,47.9518],[13.3373,47.9542],[13.3131,47.9578],[13.3075,47.964],[13.2879,47.9595],[13.2803,47.9547],[13.2782,47.9445],[13.2853,47.928],[13.2776,47.9204],[13.2824,47.9143],[13.2793,47.9069],[13.2805,47.8952],[13.2701,47.8914],[13.2715,47.8863],[13.2769,47.8823],[13.2759,47.877],[13.2852,47.8728],[13.2957,47.856],[13.2874,47.8556],[13.2916,47.8484],[13.2845,47.8461],[13.2882,47.8425],[13.2864,47.8302],[13.2897,47.8244],[13.3096,47.8214],[13.3122,47.8128],[13.3453,47.8129],[13.3657,47.8056],[13.3687,47.8024],[13.3926,47.7946],[13.4018,47.7997],[13.4185,47.7988],[13.4251,47.8011],[13.433,47.8],[13.4513,47.8042],[13.4673,47.804],[13.4838,47.7993],[13.4859,47.7908],[13.4979,47.7898],[13.5079,47.7909],[13.511,47.797],[13.5261,47.7973],[13.5387,47.7823],[13.5354,47.7761],[13.5459,47.7778],[13.5556,47.7752],[13.5555,47.7705],[13.5616,47.7642],[13.5772,47.7613],[13.5925,47.7692],[13.5958,47.7678],[13.6057,47.7732],[13.6082,47.7868],[13.6158,47.7918],[13.6278,47.8103],[13.6412,47.815],[13.6242,47.8231],[13.615,47.8253],[13.6088,47.8238],[13.6069,47.8301],[13.618,47.8389],[13.62,47.8433],[13.6177,47.8526],[13.6274,47.8534],[13.6323,47.868],[13.6526,47.8689],[13.663,47.8779],[13.6625,47.8816],[13.6546,47.8907],[13.6652,47.8967],[13.6626,47.9011],[13.6718,47.9106],[13.6946,47.9079],[13.6923,47.9152],[13.7008,47.9165],[13.6997,47.9207],[13.7043,47.9261],[13.7145,47.9321],[13.7257,47.9346],[13.7359,47.941],[13.743,47.9426],[13.7381,47.9454],[13.7454,47.96],[13.7419,47.9673],[13.7398,47.9807],[13.7453,47.9832],[13.7619,47.9834],[13.7684,47.9853],[13.7689,47.9975],[13.7751,48.0041],[13.781,47.9997],[13.7947,47.9962],[13.795,48.0115],[13.8066,48.0237],[13.8194,48.0285],[13.8214,48.0384],[13.8325,48.0421],[13.8358,48.0466],[13.8237,48.0536],[13.8244,48.0598],[13.8206,48.0629],[13.8319,48.071],[13.8296,48.0765],[13.8189,48.0809],[13.8117,48.0798],[13.808,48.0849],[13.8022,48.0848],[13.8008,48.0998],[13.7961,48.1032],[13.7838,48.1032],[13.7798,48.108],[13.7627,48.1085],[13.754,48.118],[13.7474,48.1144],[13.7485,48.1104],[13.7409,48.1116],[13.7331,48.1136],[13.7145,48.1253],[13.7074,48.1251],[13.6945,48.121],[13.6851,48.1222],[13.6802,48.1325],[13.678,48.1287],[13.6555,48.1278],[13.6481,48.1334],[13.6323,48.1299],[13.6239,48.1332],[13.6062,48.1326],[13.6071,48.1266],[13.6037,48.124],[13.5901,48.1232],[13.5868,48.1179],[13.5744,48.1179],[13.5614,48.1139],[13.5525,48.1164],[13.5516,48.1196],[13.5386,48.1167],[13.5321,48.1183],[13.5218,48.1138],[13.5154,48.1156],[13.4987,48.1073],[13.4827,48.1091],[13.4712,48.1057],[13.4518,48.1062],[13.4451,48.1017],[13.4367,48.1005],[13.4344,48.0964],[13.4226,48.0915],[13.4229,48.0855],[13.4146,48.0836],[13.4054,48.0849],[13.3935,48.0757],[13.3912,48.0706],[13.3933,48.0655],[13.3879,48.054],[13.3822,48.057],[13.3651,48.0541],[13.359,48.0514],[13.3499,48.0521],[13.3455,48.0695],[13.3301,48.0693],[13.3216,48.0506],[13.3158,48.0453],[13.3091,48.0434],[13.2992,48.0323],[13.2982,48.0249],[13.3042,48.0248],[13.3204,48.0299],[13.3219,48.0258],[13.3159,48.0197],[13.3068,48.0195],[13.307,48.0127],[13.3119,48.0101],[13.304,48.0079]]]},"properties":{"code":"417"}},
{"type":"Feature","geometry":{"type":"Polygon","coordinates":[[[13.9913,48.2372],[13.9955,48.2351],[14,48.2273],[13.9943,48.2221],[13.9934,48.2174],[13.9822,48.221],[13.9713,48.2224],[13.9696,48.2188],[13.963,48.2183],[13.9625,48.2181],[13.9611,48.2146],[13.9538,48.2185],[13.9512,48.2114],[13.9436,48.211],[13.9301,48.2139],[13.9154,48.221],[13.9092,48.2184],[13.9094,48.2146],[13.8972,48.2133],[13.8893,48.207],[13.87,48.2089],[13.863,48.2052],[13.8431,48.2054],[13.8461,48.1991],[13.8418,48.1975],[13.8543,48.1954],[13.8525,48.1933],[13.8656,48.1851],[13.8835,48.1795],[13.8854,48.1749],[13.8791,48.1745],[13.8717,48.1725],[13.8694,48.168],[13.8733,48.164],[13.8683,48.1616],[13.8583,48.1646],[13.8331,48.1664],[13.8303,48.1715],[13.8229,48.1763],[13.8201,48.1744],[13.822,48.1677],[13.8153,48.1583],[13.8,48.1507],[13.8042,48.1465],[13.7935,48.1497],[13.7953,48.1526],[13.7865,48.1534],[13.792,48.1495],[13.7809,48.148],[13.7843,48.1446],[13.7735,48.1442],[13.7794,48.1361],[13.774,48.1341],[13.7729,48.127],[13.7691,48.1267],[13.7585,48.1235],[13.754,48.118],[13.7627,48.1085],[13.7798,48.108],[13.7838,48.1032],[13.7961,48.1032],[13.8008,48.0998],[13.8022,48.0848],[13.808,48.0849],[13.8117,48.0798],[13.8189,48.0809],[13.8296,48.0765],[13.8319,48.071],[13.8206,48.0629],[13.8244,48.0598],[13.8237,48.0536],[13.8358,48.0466],[13.8434,48.0504],[13.838,48.053],[13.8497,48.0544],[13.852,48.0464],[13.8543,48.0489],[13.862,48.0416],[13.8688,48.0407],[13.8735,48.0342],[13.8659,48.0311],[13.8739,48.0253],[13.8821,48.0143],[13.8892,48.0227],[13.9077,48.0204],[13.9063,48.0276],[13.9224,48.0279],[13.9309,48.0259],[13.9481,48.0316],[13.9584,48.026],[13.9597,48.0224],[13.9653,48.0242],[13.9636,48.0179],[13.9769,48.0141],[13.9772,48.0098],[13.9873,48.0026],[14.0015,48.0039],[14.0036,48.0074],[14.0115,48.009],[14.0167,48.0149],[14.0232,48.0132],[14.0328,48.0215],[14.0317,48.0285],[14.0364,48.0368],[14.0353,48.047],[14.047,48.0551],[14.0595,48.0548],[14.0617,48.0521],[14.0668,48.0536],[14.0727,48.0507],[14.088,48.0565],[14.0916,48.0658],[14.0877,48.072],[14.0965,48.0794],[14.1043,48.0766],[14.1121,48.0832],[14.1157,48.0923],[14.1259,48.0939],[14.1243,48.0889],[14.1325,48.0976],[14.1354,48.0985],[14.1358,48.0992],[14.1369,48.1003],[14.137,48.1003],[14.1381,48.1006],[14.1442,48.1046],[14.1441,48.1048],[14.1442,48.1048],[14.1604,48.1125],[14.1482,48.1159],[14.1265,48.1197],[14.1173,48.1241],[14.121,48.1321],[14.1242,48.1319],[14.1302,48.148],[14.1407,48.1488],[14.1416,48.1512],[14.1478,48.1505],[14.1487,48.1563],[14.1621,48.1649],[14.1648,48.1708],[14.1701,48.1687],[14.1706,48.1751],[14.1627,48.1829],[14.1558,48.1832],[14.1507,48.1962],[14.1571,48.2034],[14.1536,48.2132],[14.1541,48.2202],[14.1333,48.2191],[14.1127,48.2198],[14.1132,48.2267],[14.1068,48.2259],[14.0975,48.2302],[14.0913,48.2358],[14.095,48.2425],[14.1085,48.2463],[14.1018,48.2486],[14.093,48.2555],[14.0865,48.2543],[14.0826,48.2491],[14.0686,48.248],[14.0584,48.2513],[14.0514,48.2448],[14.0397,48.2453],[14.0243,48.249],[14.0171,48.2413],[13.9985,48.2405],[13.9913,48.2372]],[[13.9721,48.1552],[13.9789,48.1621],[13.9731,48.1641],[13.9668,48.1701],[13.9691,48.1718],[13.9676,48.1759],[13.9719,48.1784],[13.9635,48.1828],[13.9728,48.1898],[13.9751,48.1873],[13.9866,48.188],[13.9941,48.194],[13.9924,48.1974],[13.9964,48.2054],[14.0163,48.2025],[14.0194,48.2085],[14.0286,48.2073],[14.0286,48.2074],[14.029,48.2074],[14.0302,48.2079],[14.0302,48.208],[14.0338,48.2113],[14.0476,48.2085],[14.0516,48.1963],[14.0685,48.1998],[14.0702,48.1942],[14.0797,48.1861],[14.0773,48.1817],[14.0844,48.1763],[14.0886,48.1778],[14.0895,48.1715],[14.0853,48.1713],[14.0752,48.1651],[14.0553,48.1577],[14.041,48.157],[14.0268,48.1535],[14.0149,48.1468],[13.9897,48.1384],[13.9771,48.136],[13.9713,48.1258],[13.966,48.1284],[13.9694,48.131],[13.971,48.1388],[13.9656,48.143],[13.9733,48.1473],[13.9671,48.1518],[13.9721,48.1552]]]},"properties":{"code":"418"}},
{"type":"Feature","geometry":{"type":"Polygon","coordinates":[[[12.9891,47.832],[13.0061,47.8197],[12.9984,47.812],[12.9856,47.7956],[12.9901,47.7937],[13.0026,47.7815],[13.0052,47.776],[13,47.7629],[13.0135,47.7522],[13.0196,47.7515],[13.0235,47.7557],[13.0313,47.7528],[13.0368,47.7566],[13.0591,47.7618],[13.064,47.7569],[13.0709,47.7513],[13.0788,47.7561],[13.075,47.7711],[13.0811,47.7708],[13.0885,47.7741],[13.0883,47.7789],[13.0951,47.7785],[13.1083,47.78],[13.1148,47.7843],[13.1168,47.7973],[13.1267,47.8021],[13.1032,47.8078],[13.1025,47.8119],[13.0888,47.8098],[13.0826,47.818],[13.0806,47.8206],[13.0883,47.8274],[13.081,47.8306],[13.0814,47.8353],[13.0745,47.836],[13.066,47.8362],[13.065,47.8393],[13.0589,47.8383],[13.0579,47.834],[13.0522,47.8314],[13.0355,47.8296],[13.0254,47.8351],[13.019,47.8414],[13.0203,47.8457],[13.012,47.8455],[13.0014,47.8544],[13.0039,47.8485],[13.0029,47.8419],[12.9891,47.832]]]},"properties":{"code":"501"}},
{"type":"Feature","geometry":{"type":"Polygon","coordinates":[[[13.4899,47.6303],[13.4803,47.6249],[13.4634,47.6288],[13.4622,47.6336],[13.4453,47.6358],[13.4391,47.6408],[13.4391,47.6512],[13.433,47.6514],[13.4307,47.6626],[13.408,47.6618],[13.4025,47.6574],[13.396,47.6641],[13.3812,47.668],[13.3733,47.6662],[13.3633,47.6732],[13.3524,47.6709],[13.3352,47.6757],[13.3287,47.6791],[13.3191,47.6753],[13.2989,47.6747],[13.2888,47.6805],[13.276,47.6847],[13.2728,47.6892],[13.2562,47.6909],[13.2518,47.7095],[13.2438,47.7153],[13.2454,47.7208],[13.2331,47.7272],[13.2209,47.7265],[13.2204,47.7339],[13.2134,47.7408],[13.1985,47.7506],[13.1963,47.7606],[13.1951,47.7658],[13.1898,47.7672],[13.1897,47.7673],[13.1808,47.7671],[13.1825,47.7637],[13.1779,47.7548],[13.1744,47.753],[13.1662,47.7569],[13.1518,47.7595],[13.1432,47.7569],[13.1375,47.7508],[13.1282,47.7499],[13.1198,47.7432],[13.1051,47.7452],[13.0937,47.7493],[13.0878,47.7464],[13.0906,47.7434],[13.0811,47.7435],[13.0829,47.7312],[13.0684,47.7287],[13.0557,47.723],[13.0445,47.7254],[13.0423,47.7232],[13.0459,47.7127],[13.0609,47.6971],[13.0694,47.6918],[13.0742,47.6919],[13.0808,47.687],[13.0769,47.6728],[13.08,47.6626],[13.0897,47.654],[13.0885,47.6504],[13.097,47.6407],[13.0989,47.6352],[13.0957,47.6283],[13.0799,47.6184],[13.0723,47.6114],[13.0695,47.6048],[13.0626,47.6015],[13.0639,47.5986],[13.0711,47.5916],[13.0714,47.5879],[13.0437,47.5834],[13.0416,47.5765],[13.0507,47.5635],[13.0575,47.5622],[13.0557,47.5573],[13.0447,47.5503],[13.0435,47.5461],[13.0317,47.5355],[13.0309,47.5326],[13.0462,47.5239],[13.0461,47.5205],[13.0479,47.5187],[13.0648,47.5201],[13.0939,47.5155],[13.099,47.5161],[13.1123,47.5258],[13.1185,47.5282],[13.1217,47.5219],[13.1306,47.5198],[13.132,47.5232],[13.1251,47.5327],[13.1302,47.5327],[13.1449,47.5397],[13.1504,47.5476],[13.1664,47.554],[13.1723,47.5483],[13.1851,47.5557],[13.1961,47.547],[13.2113,47.5478],[13.2187,47.5434],[13.2249,47.5344],[13.2345,47.53],[13.2428,47.5297],[13.2722,47.5343],[13.2936,47.5146],[13.3101,47.5106],[13.3298,47.51],[13.3456,47.5126],[13.3582,47.5207],[13.3647,47.5206],[13.3692,47.5151],[13.3787,47.5109],[13.3873,47.5024],[13.3876,47.4953],[13.3999,47.4937],[13.394,47.4832],[13.4072,47.4744],[13.4109,47.4678],[13.4155,47.4671],[13.4215,47.4612],[13.4268,47.4617],[13.4357,47.4584],[13.4427,47.4638],[13.4744,47.4708],[13.4834,47.4749],[13.4817,47.4803],[13.491,47.4834],[13.4993,47.4825],[13.5101,47.4898],[13.5162,47.4965],[13.5134,47.503],[13.502,47.5117],[13.4901,47.5133],[13.487,47.5196],[13.4814,47.5228],[13.4762,47.5324],[13.4787,47.5471],[13.4848,47.5528],[13.4783,47.5681],[13.4908,47.577],[13.5053,47.582],[13.5071,47.5874],[13.5063,47.6008],[13.5233,47.6183],[13.5129,47.6325],[13.5054,47.629],[13.4899,47.6303]]]},"properties":{"code":"502"}},
{"type":"Feature","geometry":{"type":"Polygon","coordinates":[[[13.304,48.0079],[13.3,48.0105],[13.2878,48.0096],[13.281,48.005],[13.2824,47.997],[13.2751,47.9978],[13.2569,47.9912],[13.2483,47.9898],[13.2427,47.992],[13.2331,47.9876],[13.2255,47.9882],[13.2213,47.9826],[13.2027,47.9779],[13.1987,47.9742],[13.1841,47.973],[13.1611,47.9751],[13.1536,47.9718],[13.1419,47.978],[13.1401,47.9849],[13.1512,47.9923],[13.1472,47.9952],[13.1313,47.9883],[13.1216,47.9907],[13.1243,47.9962],[13.1134,47.9938],[13.1021,47.998],[13.094,47.9958],[13.0848,48.0054],[13.0789,48.0047],[13.0734,48.0069],[13.0778,48.0111],[13.0731,48.0158],[13.0635,48.0158],[13.0633,48.0191],[13.0557,48.0256],[13.0577,48.03],[13.0441,48.0281],[13.0486,48.0347],[13.0472,48.04],[13.0422,48.0415],[13.029,48.0325],[13.021,48.0326],[13.0155,48.0371],[13.0096,48.0356],[13.0081,48.0314],[12.9978,48.0291],[12.9896,48.028],[12.9866,48.0276],[12.9737,48.0236],[12.9712,48.0243],[12.9616,48.0327],[12.9489,48.0369],[12.9345,48.0348],[12.9208,48.0232],[12.9123,48.023],[12.9051,48.0146],[12.9021,48.0064],[12.898,48.0057],[12.8922,47.991],[12.8765,47.9966],[12.8602,47.9966],[12.8693,47.9692],[12.8739,47.9639],[12.8885,47.9587],[12.9101,47.9574],[12.9194,47.9537],[12.921,47.9401],[12.9331,47.9401],[12.939,47.9421],[12.9407,47.9322],[12.9507,47.9168],[12.9669,47.9001],[12.9846,47.8728],[13.0014,47.8544],[13.012,47.8455],[13.0203,47.8457],[13.019,47.8414],[13.0254,47.8351],[13.0355,47.8296],[13.0522,47.8314],[13.0579,47.834],[13.0589,47.8383],[13.065,47.8393],[13.066,47.8362],[13.0745,47.836],[13.0814,47.8353],[13.081,47.8306],[13.0883,47.8274],[13.0806,47.8206],[13.0826,47.818],[13.0888,47.8098],[13.1025,47.8119],[13.1032,47.8078],[13.1267,47.8021],[13.1168,47.7973],[13.1148,47.7843],[13.1083,47.78],[13.0951,47.7785],[13.0883,47.7789],[13.0885,47.7741],[13.0811,47.7708],[13.075,47.7711],[13.0788,47.7561],[13.0709,47.7513],[13.064,47.7569],[13.0591,47.7618],[13.0368,47.7566],[13.0313,47.7528],[13.0235,47.7557],[13.0196,47.7515],[13.0135,47.7522],[13,47.7629],[13.0052,47.776],[13.0026,47.7815],[12.9901,47.7937],[12.9856,47.7956],[12.9984,47.812],[13.0061,47.8197],[12.9891,47.832],[12.9854,47.829],[12.9706,47.8073],[12.9606,47.7969],[12.9465,47.7861],[12.9391,47.7846],[12.9389,47.7777],[12.9323,47.7755],[12.9277,47.7699],[12.9423,47.7709],[12.9448,47.7644],[12.9363,47.7589],[12.9363,47.7491],[12.931,47.7449],[12.9213,47.7442],[12.9123,47.737],[12.9118,47.7335],[12.9045,47.7274],[12.9053,47.7234],[12.9126,47.7185],[12.923,47.7139],[12.9249,47.7103],[12.9333,47.7096],[12.9462,47.7122],[12.9568,47.7078],[12.9872,47.7074],[12.995,47.7131],[13.0023,47.7134],[13.0083,47.7222],[13.0183,47.7229],[13.0288,47.7158],[13.0323,47.7167],[13.0459,47.7127],[13.0423,47.7232],[13.0445,47.7254],[13.0557,47.723],[13.0684,47.7287],[13.0829,47.7312],[13.0811,47.7435],[13.0906,47.7434],[13.0878,47.7464],[13.0937,47.7493],[13.1051,47.7452],[13.1198,47.7432],[13.1282,47.7499],[13.1375,47.7508],[13.1432,47.7569],[13.1518,47.7595],[13.1662,47.7569],[13.1744,47.753],[13.1779,47.7548],[13.1825,47.7637],[13.1808,47.7671],[13.1897,47.7673],[13.1898,47.7672],[13.1951,47.7658],[13.1963,47.7606],[13.1985,47.7506],[13.2134,47.7408],[13.2204,47.7339],[13.2209,47.7265],[13.2331,47.7272],[13.2454,47.7208],[13.2438,47.7153],[13.2518,47.7095],[13.2562,47.6909],[13.2728,47.6892],[13.276,47.6847],[13.2888,47.6805],[13.2989,47.6747],[13.3191,47.6753],[13.3287,47.6791],[13.3352,47.6757],[13.3524,47.6709],[13.3633,47.6732],[13.3733,47.6662],[13.3812,47.668],[13.396,47.6641],[13.4025,47.6574],[13.408,47.6618],[13.4307,47.6626],[13.433,47.6514],[13.4391,47.6512],[13.4391,47.6408],[13.4453,47.6358],[13.4622,47.6336],[13.4634,47.6288],[13.4803,47.6249],[13.4899,47.6303],[13.486,47.6339],[13.4841,47.6415],[13.5004,47.6589],[13.5,47.669],[13.5116,47.6774],[13.517,47.6755],[13.5335,47.6838],[13.5356,47.6953],[13.5464,47.703],[13.5509,47.7141],[13.5216,47.7186],[13.5039,47.7189],[13.4999,47.7226],[13.4861,47.7221],[13.4766,47.7242],[13.4363,47.7385],[13.4379,47.7466],[13.4451,47.7594],[13.4432,47.7619],[13.4463,47.772],[13.4578,47.7779],[13.4653,47.7861],[13.478,47.7823],[13.4866,47.7821],[13.5006,47.7761],[13.5152,47.772],[13.5354,47.7761],[13.5387,47.7823],[13.5261,47.7973],[13.511,47.797],[13.5079,47.7909],[13.4979,47.7898],[13.4859,47.7908],[13.4838,47.7993],[13.4673,47.804],[13.4513,47.8042],[13.433,47.8],[13.4251,47.8011],[13.4185,47.7988],[13.4018,47.7997],[13.3926,47.7946],[13.3687,47.8024],[13.3657,47.8056],[13.3453,47.8129],[13.3122,47.8128],[13.3096,47.8214],[13.2897,47.8244],[13.2864,47.8302],[13.2882,47.8425],[13.2845,47.8461],[13.2916,47.8484],[13.2874,47.8556],[13.2957,47.856],[13.2852,47.8728],[13.2759,47.877],[13.2769,47.8823],[13.2715,47.8863],[13.2701,47.8914],[13.2805,47.8952],[13.2793,47.9069],[13.2824,47.9143],[13.2776,47.9204],[13.2853,47.928],[13.2782,47.9445],[13.2803,47.9547],[13.2879,47.9595],[13.3075,47.964],[13.3131,47.9578],[13.3373,47.9542],[13.3411,47.9518],[13.3396,47.9439],[13.3461,47.9446],[13.3578,47.9397],[13.3617,47.9449],[13.361,47.9548],[13.365,47.9601],[13.3734,47.9658],[13.3702,47.9711],[13.3708,47.9772],[13.3546,47.9779],[13.3459,47.9835],[13.3239,47.9923],[13.3086,47.9929],[13.3012,47.9954],[13.2983,48.0025],[13.3039,48.0035],[13.3039,48.0079],[13.304,48.0079]]]},"properties":{"code":"503"}},
{"type":"Feature","geometry":{"type":"Polygon","coordinates":[[[13.3545,47.0971],[13.3517,47.1013],[13.3483,47.1097],[13.3481,47.11],[13.348,47.11],[13.3441,47.1113],[13.3326,47.1251],[13.3358,47.1291],[13.3361,47.1432],[13.3296,47.1451],[13.3251,47.1505],[13.3228,47.154],[13.3178,47.159],[13.3218,47.1604],[13.3347,47.1727],[13.3327,47.1862],[13.34,47.1911],[13.346,47.1958],[13.3461,47.1958],[13.3512,47.1965],[13.3547,47.1997],[13.3547,47.1998],[13.3545,47.2],[13.3546,47.2042],[13.3557,47.2064],[13.3582,47.2083],[13.3605,47.2097],[13.3609,47.2103],[13.3612,47.2101],[13.3665,47.2121],[13.3667,47.2122],[13.3677,47.2126],[13.3719,47.2165],[13.3825,47.2082],[13.3963,47.2064],[13.4069,47.2093],[13.4108,47.2168],[13.4193,47.2155],[13.4291,47.2195],[13.4427,47.2204],[13.446,47.2197],[13.4608,47.2178],[13.472,47.2261],[13.4785,47.2253],[13.4824,47.2276],[13.4914,47.228],[13.495,47.2287],[13.4956,47.2286],[13.4959,47.2286],[13.4978,47.2286],[13.4995,47.2296],[13.5025,47.232],[13.5102,47.2286],[13.5292,47.2365],[13.5302,47.239],[13.553,47.2405],[13.5649,47.2528],[13.5792,47.2559],[13.5801,47.2658],[13.5874,47.2677],[13.598,47.2756],[13.6066,47.2799],[13.6073,47.2808],[13.6079,47.2834],[13.5977,47.2935],[13.6022,47.3014],[13.6028,47.3109],[13.5958,47.3127],[13.5955,47.3175],[13.6035,47.3297],[13.5997,47.3407],[13.5895,47.359],[13.5856,47.3609],[13.5825,47.3691],[13.584,47.3721],[13.5809,47.3838],[13.5721,47.3933],[13.5739,47.4058],[13.5642,47.4133],[13.5633,47.4205],[13.5739,47.427],[13.5785,47.4416],[13.5826,47.4449],[13.5857,47.4535],[13.5924,47.4602],[13.5857,47.4748],[13.5682,47.4825],[13.5616,47.4835],[13.5477,47.4901],[13.5401,47.4911],[13.5343,47.4949],[13.5203,47.4943],[13.5162,47.4965],[13.5101,47.4898],[13.4993,47.4825],[13.491,47.4834],[13.4817,47.4803],[13.4834,47.4749],[13.4744,47.4708],[13.4427,47.4638],[13.4357,47.4584],[13.4268,47.4617],[13.4215,47.4612],[13.4155,47.4671],[13.4109,47.4678],[13.4072,47.4744],[13.394,47.4832],[13.3999,47.4937],[13.3876,47.4953],[13.3873,47.5024],[13.3787,47.5109],[13.3692,47.5151],[13.3647,47.5206],[13.3582,47.5207],[13.3456,47.5126],[13.3298,47.51],[13.3101,47.5106],[13.2936,47.5146],[13.2722,47.5343],[13.2428,47.5297],[13.2345,47.53],[13.2249,47.5344],[13.2187,47.5434],[13.2113,47.5478],[13.1961,47.547],[13.1851,47.5557],[13.1723,47.5483],[13.1664,47.554],[13.1504,47.5476],[13.1449,47.5397],[13.1302,47.5327],[13.1251,47.5327],[13.132,47.5232],[13.1306,47.5198],[13.1217,47.5219],[13.1185,47.5282],[13.1123,47.5258],[13.099,47.5161],[13.0939,47.5155],[13.0648,47.5201],[13.0479,47.5187],[13.0461,47.5205],[13.0461,47.5037],[13.0476,47.4922],[13.0419,47.4887],[13.0269,47.4867],[13.0244,47.4809],[13.0227,47.4792],[13.0224,47.4788],[13.0183,47.4759],[13.0179,47.4747],[13.0197,47.4729],[13.0098,47.458],[13.0271,47.444],[13.0307,47.431],[13.0441,47.4228],[13.0531,47.4202],[13.0518,47.4144],[13.0571,47.4076],[13.047,47.3933],[13.048,47.3847],[13.044,47.3794],[13.0428,47.3711],[13.06,47.3667],[13.0595,47.3634],[13.0661,47.3589],[13.0626,47.355],[13.0575,47.3586],[13.0461,47.3468],[13.0339,47.3422],[13.0361,47.3352],[13.0425,47.3349],[13.0281,47.3271],[13.0256,47.3176],[13.0336,47.3102],[13.0343,47.3047],[13.0392,47.3034],[13.0491,47.3002],[13.0535,47.3019],[13.0643,47.2971],[13.0585,47.2948],[13.0643,47.2884],[13.0762,47.2872],[13.059,47.2771],[13.051,47.2759],[13.0473,47.2614],[13.0433,47.2561],[13.0404,47.2446],[13.051,47.2388],[13.0535,47.2344],[13.0502,47.2269],[13.0479,47.2123],[13.0519,47.2076],[13.0437,47.2002],[13.043,47.1914],[13.037,47.1871],[13.0368,47.1762],[13.0317,47.1669],[13.0335,47.1526],[13.0224,47.1476],[13.0195,47.1403],[13.0206,47.1327],[13.0302,47.1201],[13.0266,47.1115],[13.0301,47.0979],[13.0379,47.0905],[13.0265,47.0852],[13.0284,47.0754],[13.0378,47.0743],[13.0158,47.0659],[13.0028,47.054],[13.0005,47.0489],[13.0031,47.0439],[13.0179,47.0415],[13.0212,47.0393],[13.0199,47.0302],[13.0333,47.0271],[13.0449,47.0215],[13.0491,47.0224],[13.0578,47.0176],[13.073,47.0134],[13.0798,47.0203],[13.0803,47.0268],[13.0893,47.0277],[13.0956,47.0254],[13.1122,47.0255],[13.127,47.0271],[13.1338,47.0349],[13.1467,47.035],[13.162,47.037],[13.1677,47.0408],[13.1764,47.0409],[13.1846,47.0437],[13.197,47.0426],[13.2147,47.0441],[13.2481,47.0506],[13.2455,47.0679],[13.2394,47.0715],[13.2455,47.0786],[13.2498,47.0875],[13.2685,47.0917],[13.2773,47.0952],[13.2901,47.0944],[13.2999,47.0878],[13.3101,47.0861],[13.3326,47.0956],[13.3545,47.0971]]]},"properties":{"code":"504"}},
{"type":"Feature","geometry":{"type":"Polygon","coordinates":[[[13.7847,46.9439],[13.7908,46.9448],[13.8016,46.9512],[13.813,46.9518],[13.817,46.958],[13.8276,46.9617],[13.8318,46.9654],[13.8324,46.9737],[13.842,46.98],[13.845,46.9891],[13.8576,46.9925],[13.8648,46.9963],[13.8631,47.0003],[13.8637,47.0196],[13.8725,47.0301],[13.8819,47.0387],[13.8905,47.0539],[13.8963,47.0563],[13.9038,47.0632],[13.9068,47.0701],[13.8894,47.0851],[13.8862,47.0914],[13.8783,47.0942],[13.8775,47.0975],[13.8831,47.1049],[13.8812,47.108],[13.8924,47.1143],[13.8981,47.1137],[13.9091,47.1233],[13.9276,47.1297],[13.9385,47.1362],[13.9438,47.1366],[13.9539,47.1253],[13.9599,47.1237],[13.9726,47.127],[13.9833,47.125],[13.9961,47.1328],[13.992,47.1362],[13.9936,47.1421],[13.9774,47.1463],[13.9679,47.1505],[13.9604,47.1593],[13.9524,47.1643],[13.9359,47.1694],[13.9197,47.1718],[13.9168,47.1706],[13.9153,47.1799],[13.9089,47.1856],[13.8986,47.1827],[13.8943,47.1855],[13.9032,47.1947],[13.8841,47.2035],[13.8741,47.2123],[13.8663,47.2154],[13.8648,47.2199],[13.8501,47.2296],[13.8529,47.2329],[13.8653,47.2383],[13.8679,47.2452],[13.8642,47.2522],[13.8447,47.2611],[13.8236,47.267],[13.8215,47.2702],[13.8272,47.2742],[13.8234,47.2782],[13.8271,47.283],[13.823,47.2902],[13.8253,47.2932],[13.8172,47.2962],[13.8045,47.2927],[13.7976,47.2874],[13.7893,47.289],[13.7911,47.2814],[13.7839,47.2752],[13.7779,47.274],[13.7606,47.2663],[13.7514,47.276],[13.7388,47.2783],[13.7253,47.2783],[13.7139,47.2702],[13.7119,47.2595],[13.696,47.2604],[13.6956,47.2651],[13.6825,47.269],[13.6748,47.2746],[13.6691,47.2719],[13.6514,47.2767],[13.6417,47.2741],[13.6315,47.274],[13.6236,47.2793],[13.622,47.2831],[13.6079,47.2834],[13.6073,47.2808],[13.6066,47.2799],[13.598,47.2756],[13.5874,47.2677],[13.5801,47.2658],[13.5792,47.2559],[13.5649,47.2528],[13.553,47.2405],[13.5302,47.239],[13.5292,47.2365],[13.5102,47.2286],[13.5025,47.232],[13.4995,47.2296],[13.4978,47.2286],[13.4959,47.2286],[13.4956,47.2286],[13.495,47.2287],[13.4914,47.228],[13.4824,47.2276],[13.4785,47.2253],[13.472,47.2261],[13.4608,47.2178],[13.446,47.2197],[13.4427,47.2204],[13.4291,47.2195],[13.4193,47.2155],[13.4108,47.2168],[13.4069,47.2093],[13.3963,47.2064],[13.3825,47.2082],[13.3719,47.2165],[13.3677,47.2126],[13.3667,47.2122],[13.3665,47.2121],[13.3612,47.2101],[13.3609,47.2103],[13.3605,47.2097],[13.3582,47.2083],[13.3557,47.2064],[13.3546,47.2042],[13.3545,47.2],[13.3547,47.1998],[13.3547,47.1997],[13.3512,47.1965],[13.3461,47.1958],[13.346,47.1958],[13.34,47.1911],[13.3327,47.1862],[13.3347,47.1727],[13.3218,47.1604],[13.3178,47.159],[13.3228,47.154],[13.3251,47.1505],[13.3296,47.1451],[13.3361,47.1432],[13.3358,47.1291],[13.3326,47.1251],[13.3441,47.1113],[13.348,47.11],[13.3481,47.11],[13.3483,47.1097],[13.3517,47.1013],[13.3545,47.0971],[13.3549,47.0972],[13.355,47.0972],[13.3618,47.0989],[13.3774,47.0935],[13.3775,47.0935],[13.3815,47.086],[13.3814,47.0853],[13.3815,47.0852],[13.3821,47.0803],[13.3983,47.0704],[13.4064,47.0692],[13.4172,47.0775],[13.4277,47.0814],[13.439,47.0779],[13.458,47.0803],[13.4616,47.0787],[13.4831,47.076],[13.4885,47.0736],[13.5019,47.0719],[13.5031,47.0701],[13.5217,47.0685],[13.5315,47.0643],[13.5381,47.0638],[13.5586,47.056],[13.5808,47.052],[13.5942,47.056],[13.5958,47.0545],[13.6114,47.057],[13.6157,47.0591],[13.6376,47.0555],[13.6455,47.0403],[13.6641,47.0395],[13.6933,47.0402],[13.6955,47.0333],[13.6875,47.0291],[13.6912,47.0194],[13.6937,47.0061],[13.7021,47.0019],[13.706,46.9959],[13.7337,46.9892],[13.7447,46.9939],[13.7584,46.9892],[13.7586,46.9823],[13.7669,46.9807],[13.7718,46.977],[13.7744,46.9686],[13.7736,46.9621],[13.7781,46.9555],[13.7744,46.9526],[13.7789,46.9448],[13.7847,46.9439]]]},"properties":{"code":"505"}},
{"type":"Feature","geometry":{"type":"Polygon","coordinates":[[[13.0031,47.0439],[13.0005,47.0489],[13.0028,47.054],[13.0158,47.0659],[13.0378,47.0743],[13.0284,47.0754],[13.0265,47.0852],[13.0379,47.0905],[13.0301,47.0979],[13.0266,47.1115],[13.0302,47.1201],[13.0206,47.1327],[13.0195,47.1403],[13.0224,47.1476],[13.0335,47.1526],[13.0317,47.1669],[13.0368,47.1762],[13.037,47.1871],[13.043,47.1914],[13.0437,47.2002],[13.0519,47.2076],[13.0479,47.2123],[13.0502,47.2269],[13.0535,47.2344],[13.051,47.2388],[13.0404,47.2446],[13.0433,47.2561],[13.0473,47.2614],[13.051,47.2759],[13.059,47.2771],[13.0762,47.2872],[13.0643,47.2884],[13.0585,47.2948],[13.0643,47.2971],[13.0535,47.3019],[13.0491,47.3002],[13.0392,47.3034],[13.0343,47.3047],[13.0336,47.3102],[13.0256,47.3176],[13.0281,47.3271],[13.0425,47.3349],[13.0361,47.3352],[13.0339,47.3422],[13.0461,47.3468],[13.0575,47.3586],[13.0626,47.355],[13.0661,47.3589],[13.0595,47.3634],[13.06,47.3667],[13.0428,47.3711],[13.044,47.3794],[13.048,47.3847],[13.047,47.3933],[13.0571,47.4076],[13.0518,47.4144],[13.0531,47.4202],[13.0441,47.4228],[13.0307,47.431],[13.0271,47.444],[13.0098,47.458],[13.0197,47.4729],[13.0179,47.4747],[13.0148,47.4707],[13.0037,47.4634],[12.9934,47.4717],[12.9948,47.4787],[12.9894,47.4776],[12.9856,47.4815],[12.9752,47.4851],[12.9729,47.4748],[12.9638,47.4753],[12.9326,47.4882],[12.9299,47.4884],[12.9037,47.5002],[12.8862,47.5124],[12.8852,47.5185],[12.8817,47.5212],[12.8778,47.5225],[12.8775,47.5224],[12.8704,47.5238],[12.8609,47.5274],[12.8508,47.5319],[12.8498,47.5393],[12.8478,47.5459],[12.8425,47.5468],[12.8285,47.5446],[12.8179,47.5449],[12.804,47.5501],[12.7945,47.5568],[12.7924,47.5651],[12.7843,47.5689],[12.7799,47.5787],[12.7817,47.5813],[12.7877,47.5888],[12.7954,47.5934],[12.7929,47.6006],[12.8074,47.6103],[12.8133,47.612],[12.8229,47.6096],[12.8245,47.6121],[12.8109,47.6213],[12.7993,47.626],[12.7894,47.6333],[12.781,47.6326],[12.7659,47.6439],[12.7585,47.6531],[12.7676,47.6554],[12.7784,47.6609],[12.7841,47.6716],[12.7812,47.6738],[12.7734,47.6663],[12.7618,47.6665],[12.7572,47.663],[12.7507,47.6717],[12.7448,47.6758],[12.7309,47.6791],[12.7152,47.6763],[12.7051,47.6811],[12.6844,47.6823],[12.6843,47.6823],[12.6654,47.6808],[12.6549,47.6721],[12.6482,47.6701],[12.6431,47.6731],[12.6388,47.671],[12.6296,47.6762],[12.6169,47.6724],[12.6093,47.6739],[12.6034,47.6722],[12.5969,47.6661],[12.5829,47.6473],[12.5778,47.634],[12.575,47.6323],[12.57,47.6163],[12.5745,47.605],[12.6019,47.6014],[12.608,47.5988],[12.6204,47.5978],[12.6522,47.5893],[12.6665,47.5786],[12.652,47.5697],[12.6416,47.5545],[12.6283,47.5495],[12.6448,47.5384],[12.6536,47.5364],[12.6544,47.5289],[12.661,47.5107],[12.6651,47.5061],[12.6693,47.5082],[12.672,47.4997],[12.687,47.4912],[12.6972,47.4881],[12.6996,47.4779],[12.6841,47.4743],[12.6734,47.4671],[12.6652,47.4648],[12.6445,47.4682],[12.6323,47.465],[12.6308,47.4593],[12.6328,47.4516],[12.6378,47.4493],[12.6375,47.4366],[12.627,47.4298],[12.6226,47.4186],[12.6031,47.4141],[12.5926,47.4065],[12.5902,47.4005],[12.5786,47.3925],[12.5645,47.3948],[12.5634,47.3991],[12.5551,47.3996],[12.5426,47.3949],[12.5228,47.3906],[12.5061,47.3941],[12.4959,47.3803],[12.4826,47.3779],[12.479,47.365],[12.4879,47.3595],[12.4862,47.3524],[12.4984,47.3447],[12.4952,47.3374],[12.4873,47.3377],[12.4783,47.3264],[12.4698,47.3238],[12.4417,47.3286],[12.4172,47.3208],[12.4104,47.3136],[12.3963,47.315],[12.3858,47.3145],[12.3748,47.3114],[12.3579,47.3184],[12.3509,47.3185],[12.3422,47.3218],[12.3339,47.3275],[12.3189,47.3257],[12.3169,47.3297],[12.3043,47.3304],[12.2966,47.3326],[12.2956,47.3263],[12.2857,47.3177],[12.2801,47.3151],[12.2736,47.3082],[12.2641,47.3022],[12.2547,47.308],[12.2478,47.3031],[12.2373,47.3015],[12.2317,47.3055],[12.23,47.312],[12.2264,47.313],[12.2154,47.3096],[12.208,47.3021],[12.1954,47.2986],[12.1906,47.3013],[12.1803,47.3004],[12.1695,47.3028],[12.165,47.2987],[12.1569,47.2972],[12.1534,47.2928],[12.1441,47.2881],[12.1301,47.2958],[12.1238,47.3022],[12.1145,47.3064],[12.1036,47.2981],[12.0926,47.2847],[12.0818,47.2808],[12.0786,47.2752],[12.0769,47.2681],[12.0913,47.2597],[12.1008,47.2582],[12.1109,47.2428],[12.1023,47.2362],[12.0935,47.2202],[12.0862,47.2154],[12.0901,47.2071],[12.0874,47.199],[12.0819,47.1944],[12.0835,47.1863],[12.0894,47.1756],[12.0871,47.1687],[12.0919,47.1673],[12.0944,47.1452],[12.1107,47.1397],[12.1145,47.1312],[12.1146,47.1217],[12.1249,47.1135],[12.1295,47.1043],[12.1252,47.0926],[12.136,47.0807],[12.1516,47.0793],[12.1646,47.0832],[12.1704,47.0871],[12.1778,47.088],[12.1858,47.0921],[12.2042,47.087],[12.2154,47.0861],[12.227,47.0821],[12.2305,47.0761],[12.2408,47.0692],[12.2615,47.0727],[12.2838,47.0926],[12.3086,47.0931],[12.3131,47.1029],[12.3254,47.1074],[12.3456,47.1093],[12.3587,47.1168],[12.3633,47.1414],[12.3995,47.1528],[12.4129,47.1434],[12.4243,47.1438],[12.4347,47.1505],[12.451,47.1437],[12.4656,47.1444],[12.4817,47.1514],[12.4835,47.1578],[12.4982,47.1564],[12.5121,47.1516],[12.5216,47.1506],[12.5257,47.1456],[12.5279,47.1376],[12.5452,47.1289],[12.5528,47.1276],[12.5664,47.136],[12.5789,47.1318],[12.5876,47.1321],[12.5922,47.1249],[12.5974,47.1253],[12.6166,47.1215],[12.6289,47.1156],[12.6419,47.1036],[12.6568,47.0995],[12.673,47.1093],[12.6682,47.1139],[12.6672,47.1217],[12.6723,47.1207],[12.689,47.1243],[12.7042,47.1218],[12.7147,47.1278],[12.7254,47.1313],[12.7309,47.131],[12.7357,47.1115],[12.7331,47.1044],[12.7389,47.1003],[12.7563,47.0977],[12.7728,47.1009],[12.7838,47.0925],[12.795,47.0929],[12.8048,47.098],[12.8203,47.0977],[12.8246,47.0928],[12.8318,47.0906],[12.8368,47.0828],[12.8597,47.0807],[12.8709,47.0863],[12.8851,47.0846],[12.8925,47.0813],[12.9193,47.0816],[12.9375,47.0762],[12.9364,47.0731],[12.943,47.0637],[12.9432,47.0592],[12.9556,47.0542],[12.953,47.0493],[12.9569,47.0432],[12.9648,47.039],[12.9826,47.0384],[12.9854,47.0356],[12.9955,47.0385],[13.0031,47.0439]]]},"properties":{"code":"506"}},
{"type":"Feature","geometry":{"type":"Polygon","coordinates":[[[15.3961,47.0165],[15.4192,47.0176],[15.4375,47.021],[15.4428,47.0153],[15.4505,47.0173],[15.4558,47.0215],[15.4608,47.0119],[15.4741,47.0147],[15.4883,47.021],[15.4824,47.0245],[15.4866,47.0261],[15.4843,47.0313],[15.506,47.0406],[15.4995,47.0455],[15.4971,47.0549],[15.502,47.0578],[15.5052,47.0665],[15.5086,47.0676],[15.5071,47.078],[15.513,47.083],[15.5118,47.0912],[15.5273,47.0987],[15.5341,47.0995],[15.5301,47.1033],[15.5284,47.1107],[15.5212,47.107],[15.5102,47.1081],[15.5206,47.1224],[15.5151,47.1284],[15.4994,47.1273],[15.4956,47.1243],[15.4895,47.1283],[15.4804,47.1264],[15.4695,47.1274],[15.4655,47.1313],[15.4549,47.1298],[15.4472,47.1266],[15.4379,47.1281],[15.4274,47.1257],[15.4166,47.1267],[15.4132,47.1322],[15.4007,47.1345],[15.3975,47.1324],[15.3999,47.126],[15.3916,47.1129],[15.3789,47.1122],[15.3727,47.1187],[15.3592,47.1195],[15.3633,47.1097],[15.3506,47.1067],[15.3535,47.1009],[15.3582,47.1025],[15.3638,47.0993],[15.3666,47.088],[15.3729,47.0873],[15.3669,47.0805],[15.3765,47.0782],[15.38,47.0699],[15.3748,47.0707],[15.3765,47.0657],[15.3699,47.0609],[15.368,47.0507],[15.3602,47.0514],[15.3649,47.0423],[15.3692,47.0279],[15.3729,47.0231],[15.3961,47.0165]]]},"properties":{"code":"601"}},
{"type":"Feature","geometry":{"type":"Polygon","coordinates":[[[15.0651,46.6521],[15.0764,46.6489],[15.0824,46.6451],[15.089,46.6514],[15.0975,46.6529],[15.1004,46.656],[15.1107,46.6597],[15.1157,46.6551],[15.1312,46.6506],[15.1338,46.6563],[15.1432,46.6594],[15.153,46.6578],[15.1624,46.6578],[15.1663,46.6545],[15.1822,46.6562],[15.1894,46.6528],[15.1974,46.6457],[15.218,46.6422],[15.2243,46.6434],[15.2356,46.6395],[15.2535,46.6421],[15.2625,46.6447],[15.2774,46.6436],[15.2934,46.6522],[15.308,46.6524],[15.3093,46.6566],[15.3175,46.6604],[15.318,46.6676],[15.3062,46.6759],[15.3214,46.6883],[15.3253,46.6965],[15.3223,46.699],[15.327,46.7048],[15.3373,46.7077],[15.336,46.7125],[15.3303,46.7251],[15.3378,46.7276],[15.3376,46.7346],[15.3327,46.7401],[15.3355,46.7466],[15.3509,46.7493],[15.3588,46.7527],[15.3533,46.7637],[15.342,46.7659],[15.338,46.7705],[15.3476,46.7771],[15.3458,46.7878],[15.3575,46.7928],[15.365,46.7934],[15.3694,46.7983],[15.3859,46.8019],[15.3945,46.8067],[15.3938,46.8127],[15.4019,46.8191],[15.402,46.8242],[15.4125,46.8295],[15.4137,46.837],[15.4135,46.8394],[15.4264,46.8452],[15.4296,46.8516],[15.4245,46.8556],[15.4241,46.8621],[15.4304,46.8623],[15.4252,46.8664],[15.4248,46.8678],[15.414,46.8778],[15.4028,46.8766],[15.3995,46.8832],[15.3928,46.8813],[15.3885,46.8892],[15.3858,46.8993],[15.3857,46.8998],[15.3858,46.9002],[15.3845,46.9047],[15.3777,46.9037],[15.3803,46.9083],[15.3694,46.91],[15.3682,46.915],[15.3612,46.9203],[15.3564,46.9289],[15.3552,46.9247],[15.3489,46.9245],[15.3435,46.9319],[15.3384,46.9384],[15.3496,46.9479],[15.3494,46.9549],[15.3402,46.9572],[15.3355,46.9647],[15.3252,46.9663],[15.3138,46.9726],[15.3082,46.9628],[15.3003,46.9575],[15.303,46.9527],[15.2938,46.9485],[15.2877,46.9565],[15.2743,46.9605],[15.2641,46.9611],[15.2519,46.9693],[15.2429,46.9639],[15.2288,46.9644],[15.2163,46.9633],[15.2149,46.9611],[15.2058,46.9626],[15.2017,46.9598],[15.1807,46.9557],[15.1791,46.9517],[15.1709,46.95],[15.1592,46.9545],[15.1318,46.9618],[15.1244,46.9543],[15.1224,46.9428],[15.1154,46.9334],[15.116,46.9279],[15.1102,46.9276],[15.0944,46.919],[15.0718,46.9167],[15.0672,46.9149],[15.0508,46.9162],[15.0313,46.9095],[15.027,46.9097],[15.0239,46.8995],[15.0149,46.8808],[15.0082,46.8799],[15.0106,46.872],[15.0084,46.8614],[15.01,46.8545],[15.0196,46.8443],[15.0134,46.8332],[14.9954,46.8275],[14.9904,46.8224],[14.9877,46.8094],[14.982,46.8061],[14.9763,46.7848],[14.9839,46.7817],[14.9967,46.7808],[14.9976,46.7788],[15.0173,46.7736],[15.0267,46.7723],[15.0308,46.7689],[15.0272,46.7594],[15.0336,46.7498],[15.0315,46.7457],[15.0384,46.7366],[15.0446,46.733],[15.0359,46.7283],[15.0427,46.7234],[15.0444,46.7147],[15.0345,46.7058],[15.0344,46.6944],[15.0305,46.678],[15.025,46.6762],[15.0245,46.6697],[15.0343,46.666],[15.0507,46.6701],[15.0492,46.6662],[15.0539,46.6617],[15.064,46.6581],[15.0651,46.6521]]]},"properties":{"code":"603"}},
{"type":"Feature","geometry":{"type":"Polygon","coordinates":[[[15.414,46.8778],[15.4226,46.8782],[15.4222,46.8859],[15.4284,46.8785],[15.4276,46.8838],[15.4216,46.8865],[15.4162,46.885],[15.4171,46.8934],[15.4263,46.8943],[15.4264,46.8891],[15.4346,46.8934],[15.4417,46.8926],[15.4496,46.901],[15.4499,46.9048],[15.4669,46.9119],[15.4765,46.9129],[15.4864,46.9105],[15.4916,46.9039],[15.4975,46.911],[15.5061,46.9138],[15.518,46.9192],[15.519,46.9278],[15.5269,46.9312],[15.5234,46.9471],[15.5282,46.9457],[15.5326,46.9582],[15.5402,46.9629],[15.5465,46.9772],[15.54,46.9867],[15.5537,46.9913],[15.5595,46.9953],[15.5632,46.993],[15.5758,46.9941],[15.5781,47.0023],[15.5848,47.0102],[15.5849,47.0167],[15.5924,47.0205],[15.5962,47.0148],[15.6082,47.0166],[15.6134,47.0099],[15.6225,47.0093],[15.6161,47.0027],[15.6242,47.0003],[15.6309,47.0011],[15.6456,46.9955],[15.6506,46.9882],[15.6493,46.9837],[15.6641,46.9786],[15.6776,46.978],[15.6838,46.9845],[15.6793,46.9859],[15.6985,46.9882],[15.7095,46.9913],[15.7188,46.9908],[15.7119,46.9948],[15.7116,47.0016],[15.716,47.0012],[15.7287,47.0057],[15.7298,47.0128],[15.7248,47.0198],[15.7247,47.0249],[15.7006,47.0259],[15.6976,47.0242],[15.6846,47.0302],[15.6883,47.0473],[15.6779,47.0562],[15.6719,47.0548],[15.6614,47.0612],[15.6564,47.0593],[15.649,47.0635],[15.652,47.0685],[15.6473,47.0695],[15.64,47.0662],[15.6316,47.0746],[15.6347,47.0752],[15.6353,47.0854],[15.6329,47.0942],[15.6441,47.0983],[15.6485,47.1047],[15.6296,47.1149],[15.6426,47.1129],[15.6538,47.1054],[15.6562,47.1108],[15.6544,47.1162],[15.6583,47.1243],[15.6453,47.1264],[15.6299,47.1368],[15.6228,47.1434],[15.6073,47.1503],[15.593,47.1629],[15.583,47.1679],[15.5888,47.1698],[15.5896,47.1808],[15.5828,47.1904],[15.58,47.1832],[15.5709,47.1866],[15.5671,47.1957],[15.5547,47.1961],[15.5442,47.1997],[15.539,47.1983],[15.5227,47.2],[15.5094,47.1895],[15.5053,47.1951],[15.4913,47.1992],[15.4871,47.2062],[15.4678,47.2097],[15.4682,47.2033],[15.4644,47.2013],[15.4421,47.2225],[15.4394,47.2295],[15.4415,47.2353],[15.4366,47.2504],[15.4462,47.2539],[15.4532,47.2587],[15.4662,47.2616],[15.4585,47.2648],[15.4482,47.2614],[15.44,47.2611],[15.4412,47.2647],[15.419,47.2718],[15.4158,47.2827],[15.4066,47.3015],[15.4001,47.3044],[15.3967,47.3122],[15.3914,47.3078],[15.3767,47.3124],[15.3691,47.3196],[15.3548,47.318],[15.3383,47.3119],[15.3274,47.3191],[15.3177,47.3228],[15.3155,47.3288],[15.3038,47.3349],[15.2887,47.3384],[15.2861,47.3418],[15.2771,47.3436],[15.2659,47.3396],[15.243,47.3433],[15.2313,47.3373],[15.2323,47.3346],[15.2244,47.3341],[15.2215,47.3309],[15.2085,47.3283],[15.1962,47.321],[15.1956,47.3143],[15.1899,47.3102],[15.1882,47.2993],[15.1809,47.2976],[15.1745,47.2913],[15.1676,47.289],[15.1531,47.2804],[15.147,47.2811],[15.1358,47.2756],[15.1255,47.2748],[15.1161,47.2649],[15.0978,47.2617],[15.0833,47.2424],[15.0755,47.2386],[15.066,47.2411],[15.0609,47.2314],[15.0484,47.227],[15.0528,47.2113],[15.0693,47.21],[15.0781,47.2135],[15.0968,47.2103],[15.109,47.2101],[15.1121,47.2071],[15.1258,47.2084],[15.1342,47.2111],[15.143,47.2069],[15.1468,47.2014],[15.1617,47.2028],[15.1616,47.1945],[15.1683,47.1917],[15.1756,47.1845],[15.185,47.1682],[15.1757,47.1623],[15.1825,47.1522],[15.1714,47.1399],[15.1767,47.1291],[15.1828,47.1276],[15.1882,47.1175],[15.1961,47.1133],[15.2029,47.1021],[15.2093,47.098],[15.2104,47.089],[15.2175,47.0841],[15.229,47.0867],[15.2366,47.0799],[15.2451,47.0797],[15.2485,47.0732],[15.2588,47.0638],[15.2531,47.054],[15.2587,47.0538],[15.2558,47.0411],[15.259,47.0385],[15.2626,47.0449],[15.265,47.0353],[15.261,47.032],[15.2652,47.0165],[15.2723,47.0152],[15.2749,47.0095],[15.2832,47.008],[15.2945,47.018],[15.2982,47.0143],[15.298,47.0078],[15.3077,47.0046],[15.3031,47.0037],[15.31,46.9991],[15.306,46.9909],[15.2979,46.982],[15.3008,46.9772],[15.3138,46.9726],[15.3252,46.9663],[15.3355,46.9647],[15.3402,46.9572],[15.3494,46.9549],[15.3496,46.9479],[15.3384,46.9384],[15.3435,46.9319],[15.3489,46.9245],[15.3552,46.9247],[15.3564,46.9289],[15.3612,46.9203],[15.3682,46.915],[15.3694,46.91],[15.3803,46.9083],[15.3777,46.9037],[15.3845,46.9047],[15.3858,46.9002],[15.3857,46.8998],[15.3858,46.8993],[15.3885,46.8892],[15.3928,46.8813],[15.3995,46.8832],[15.4028,46.8766],[15.414,46.8778]],[[15.3961,47.0165],[15.3729,47.0231],[15.3692,47.0279],[15.3649,47.0423],[15.3602,47.0514],[15.368,47.0507],[15.3699,47.0609],[15.3765,47.0657],[15.3748,47.0707],[15.38,47.0699],[15.3765,47.0782],[15.3669,47.0805],[15.3729,47.0873],[15.3666,47.088],[15.3638,47.0993],[15.3582,47.1025],[15.3535,47.1009],[15.3506,47.1067],[15.3633,47.1097],[15.3592,47.1195],[15.3727,47.1187],[15.3789,47.1122],[15.3916,47.1129],[15.3999,47.126],[15.3975,47.1324],[15.4007,47.1345],[15.4132,47.1322],[15.4166,47.1267],[15.4274,47.1257],[15.4379,47.1281],[15.4472,47.1266],[15.4549,47.1298],[15.4655,47.1313],[15.4695,47.1274],[15.4804,47.1264],[15.4895,47.1283],[15.4956,47.1243],[15.4994,47.1273],[15.5151,47.1284],[15.5206,47.1224],[15.5102,47.1081],[15.5212,47.107],[15.5284,47.1107],[15.5301,47.1033],[15.5341,47.0995],[15.5273,47.0987],[15.5118,47.0912],[15.513,47.083],[15.5071,47.078],[15.5086,47.0676],[15.5052,47.0665],[15.502,47.0578],[15.4971,47.0549],[15.4995,47.0455],[15.506,47.0406],[15.4843,47.0313],[15.4866,47.0261],[15.4824,47.0245],[15.4883,47.021],[15.4741,47.0147],[15.4608,47.0119],[15.4558,47.0215],[15.4505,47.0173],[15.4428,47.0153],[15.4375,47.021],[15.4192,47.0176],[15.3961,47.0165]]]},"properties":{"code":"606"}},
{"type":"Feature","geometry":{"type":"Polygon","coordinates":[[[15.308,46.6524],[15.3191,46.6478],[15.328,46.6532],[15.3378,46.6532],[15.3434,46.651],[15.3538,46.655],[15.3557,46.6514],[15.3938,46.6521],[15.4134,46.6555],[15.4233,46.6527],[15.4217,46.6472],[15.4304,46.6466],[15.4394,46.6399],[15.4496,46.6423],[15.4569,46.639],[15.4551,46.6301],[15.4621,46.6259],[15.4625,46.6156],[15.4748,46.612],[15.4882,46.6207],[15.5006,46.6177],[15.504,46.6143],[15.5118,46.6166],[15.5101,46.6201],[15.5156,46.6234],[15.5189,46.6214],[15.5361,46.6334],[15.5424,46.63],[15.5461,46.6371],[15.5509,46.6403],[15.5439,46.6461],[15.5515,46.6477],[15.5535,46.6511],[15.544,46.6685],[15.5494,46.6721],[15.5592,46.6711],[15.5629,46.6751],[15.5675,46.6754],[15.5681,46.6803],[15.5823,46.682],[15.595,46.69],[15.6086,46.6877],[15.6054,46.6812],[15.613,46.6834],[15.6199,46.6798],[15.6331,46.6817],[15.6322,46.6847],[15.6412,46.6924],[15.6433,46.6902],[15.654,46.6927],[15.6541,46.6994],[15.65,46.7058],[15.6739,46.707],[15.68,46.7059],[15.6941,46.6993],[15.725,46.696],[15.7421,46.7],[15.7524,46.698],[15.749,46.7018],[15.759,46.7024],[15.7551,46.7071],[15.7466,46.7066],[15.7415,46.712],[15.7421,46.7172],[15.7529,46.7157],[15.7443,46.7225],[15.7424,46.7195],[15.7307,46.7198],[15.7307,46.7237],[15.7222,46.7237],[15.7179,46.7233],[15.7179,46.7335],[15.7086,46.7372],[15.7001,46.7447],[15.7157,46.7465],[15.72,46.7488],[15.7327,46.7422],[15.7401,46.7407],[15.7416,46.7497],[15.7368,46.7542],[15.7411,46.7586],[15.7488,46.7565],[15.7508,46.7645],[15.7413,46.7804],[15.7243,46.7747],[15.7152,46.783],[15.6958,46.7815],[15.6872,46.7831],[15.6825,46.8057],[15.6773,46.8108],[15.6825,46.814],[15.6817,46.8223],[15.6847,46.8259],[15.6889,46.8321],[15.6883,46.8411],[15.6919,46.8622],[15.6775,46.8613],[15.6735,46.8681],[15.6742,46.875],[15.6839,46.8833],[15.68,46.8885],[15.6749,46.8894],[15.667,46.886],[15.6677,46.8917],[15.6594,46.8945],[15.6368,46.8968],[15.6306,46.8946],[15.6139,46.902],[15.6083,46.9007],[15.6112,46.9105],[15.6108,46.9174],[15.6043,46.9261],[15.6044,46.9312],[15.5988,46.9306],[15.5969,46.9442],[15.5899,46.9551],[15.5879,46.9664],[15.594,46.9719],[15.6,46.9909],[15.6034,46.9896],[15.6161,47.0027],[15.6225,47.0093],[15.6134,47.0099],[15.6082,47.0166],[15.5962,47.0148],[15.5924,47.0205],[15.5849,47.0167],[15.5848,47.0102],[15.5781,47.0023],[15.5758,46.9941],[15.5632,46.993],[15.5595,46.9953],[15.5537,46.9913],[15.54,46.9867],[15.5465,46.9772],[15.5402,46.9629],[15.5326,46.9582],[15.5282,46.9457],[15.5234,46.9471],[15.5269,46.9312],[15.519,46.9278],[15.518,46.9192],[15.5061,46.9138],[15.4975,46.911],[15.4916,46.9039],[15.4864,46.9105],[15.4765,46.9129],[15.4669,46.9119],[15.4499,46.9048],[15.4496,46.901],[15.4417,46.8926],[15.4346,46.8934],[15.4264,46.8891],[15.4263,46.8943],[15.4171,46.8934],[15.4162,46.885],[15.4216,46.8865],[15.4276,46.8838],[15.4284,46.8785],[15.4222,46.8859],[15.4226,46.8782],[15.414,46.8778],[15.4248,46.8678],[15.4252,46.8664],[15.4304,46.8623],[15.4241,46.8621],[15.4245,46.8556],[15.4296,46.8516],[15.4264,46.8452],[15.4135,46.8394],[15.4137,46.837],[15.4125,46.8295],[15.402,46.8242],[15.4019,46.8191],[15.3938,46.8127],[15.3945,46.8067],[15.3859,46.8019],[15.3694,46.7983],[15.365,46.7934],[15.3575,46.7928],[15.3458,46.7878],[15.3476,46.7771],[15.338,46.7705],[15.342,46.7659],[15.3533,46.7637],[15.3588,46.7527],[15.3509,46.7493],[15.3355,46.7466],[15.3327,46.7401],[15.3376,46.7346],[15.3378,46.7276],[15.3303,46.7251],[15.336,46.7125],[15.3373,46.7077],[15.327,46.7048],[15.3223,46.699],[15.3253,46.6965],[15.3214,46.6883],[15.3062,46.6759],[15.318,46.6676],[15.3175,46.6604],[15.3093,46.6566],[15.308,46.6524]]]},"properties":{"code":"610"}},
{"type":"Feature","geometry":{"type":"Polygon","coordinates":[[[15.2313,47.3373],[15.2175,47.3372],[15.2164,47.3413],[15.2078,47.3488],[15.206,47.3555],[15.1995,47.3594],[15.1948,47.3698],[15.1957,47.3738],[15.1913,47.3783],[15.1919,47.3888],[15.1983,47.3952],[15.1916,47.4021],[15.1797,47.4026],[15.1743,47.4055],[15.1758,47.4127],[15.1703,47.418],[15.1677,47.4247],[15.1567,47.43],[15.1517,47.4304],[15.1535,47.4416],[15.1609,47.443],[15.1408,47.4483],[15.1309,47.4473],[15.1103,47.4387],[15.0941,47.4422],[15.0763,47.4581],[15.0775,47.4613],[15.0611,47.4682],[15.0558,47.472],[15.0552,47.4798],[15.0501,47.4858],[15.0448,47.5096],[15.0382,47.5146],[15.0393,47.5264],[15.0274,47.5321],[15.0199,47.5295],[15.0112,47.5333],[14.9858,47.5357],[14.9788,47.5398],[14.978,47.5445],[14.9834,47.5516],[14.9793,47.5541],[14.9761,47.5616],[14.9692,47.5694],[14.9529,47.5627],[14.9467,47.5673],[14.9445,47.5728],[14.9387,47.5773],[14.9402,47.5866],[14.9317,47.591],[14.9341,47.6015],[14.9409,47.5978],[14.954,47.5989],[14.9625,47.6074],[14.9619,47.6111],[14.9363,47.6103],[14.9238,47.6144],[14.9138,47.6145],[14.9107,47.6046],[14.8969,47.601],[14.8847,47.601],[14.874,47.5992],[14.861,47.592],[14.8447,47.5941],[14.8318,47.5908],[14.8253,47.5817],[14.828,47.5788],[14.8149,47.57],[14.8166,47.5612],[14.8127,47.5506],[14.7984,47.5581],[14.7892,47.5701],[14.7718,47.5827],[14.7644,47.5858],[14.7634,47.5828],[14.742,47.5674],[14.735,47.5648],[14.7211,47.5507],[14.7061,47.5375],[14.694,47.5358],[14.6831,47.5259],[14.6838,47.518],[14.6751,47.5115],[14.6737,47.5045],[14.667,47.5008],[14.6662,47.4966],[14.6611,47.4979],[14.6393,47.4969],[14.6349,47.4939],[14.6363,47.4822],[14.6403,47.4734],[14.6374,47.4622],[14.6339,47.4575],[14.6349,47.4506],[14.6302,47.4494],[14.6304,47.4441],[14.6135,47.4415],[14.6029,47.4321],[14.6029,47.4268],[14.6051,47.4118],[14.6012,47.4012],[14.6026,47.3946],[14.6097,47.3931],[14.6147,47.3851],[14.6137,47.3786],[14.6216,47.3782],[14.6355,47.3743],[14.6439,47.378],[14.6585,47.3741],[14.6614,47.3706],[14.6713,47.3668],[14.6772,47.3681],[14.6819,47.3634],[14.7005,47.3559],[14.7007,47.3523],[14.721,47.3475],[14.7292,47.3396],[14.7532,47.3434],[14.7514,47.3492],[14.761,47.3568],[14.7775,47.3587],[14.7777,47.3631],[14.7857,47.3686],[14.7971,47.3653],[14.8006,47.3591],[14.813,47.3549],[14.8198,47.3573],[14.8322,47.3511],[14.8366,47.3514],[14.8572,47.347],[14.8638,47.3509],[14.8701,47.3419],[14.8731,47.3329],[14.8768,47.3327],[14.8787,47.3256],[14.8981,47.3197],[14.8955,47.3156],[14.9028,47.3076],[14.9054,47.2964],[14.9193,47.2859],[14.9267,47.2884],[14.9357,47.2866],[14.9383,47.2821],[14.9442,47.2878],[14.9436,47.2991],[14.9555,47.2882],[14.9652,47.2838],[14.969,47.2785],[14.9773,47.2832],[14.9838,47.2822],[14.9942,47.2723],[15.0026,47.2704],[15.0047,47.2618],[15.0092,47.2568],[15.0162,47.2543],[15.0215,47.2439],[15.0303,47.2448],[15.0304,47.24],[15.0363,47.2383],[15.0387,47.2316],[15.0484,47.227],[15.0609,47.2314],[15.066,47.2411],[15.0755,47.2386],[15.0833,47.2424],[15.0978,47.2617],[15.1161,47.2649],[15.1255,47.2748],[15.1358,47.2756],[15.147,47.2811],[15.1531,47.2804],[15.1676,47.289],[15.1745,47.2913],[15.1809,47.2976],[15.1882,47.2993],[15.1899,47.3102],[15.1956,47.3143],[15.1962,47.321],[15.2085,47.3283],[15.2215,47.3309],[15.2244,47.3341],[15.2323,47.3346],[15.2313,47.3373]]]},"properties":{"code":"611"}},
{"type":"Feature","geometry":{"type":"Polygon","coordinates":[[[14.7385,47.7487],[14.7147,47.7608],[14.7068,47.7606],[14.6974,47.7658],[14.6877,47.7589],[14.6824,47.7505],[14.67,47.741],[14.6523,47.7384],[14.6469,47.7294],[14.6486,47.7265],[14.6176,47.7307],[14.599,47.7272],[14.586,47.7182],[14.5711,47.7163],[14.5536,47.7197],[14.537,47.7137],[14.5318,47.7137],[14.5212,47.704],[14.5278,47.6955],[14.5237,47.6877],[14.5172,47.6818],[14.5018,47.6782],[14.4886,47.6821],[14.4886,47.682],[14.4743,47.6749],[14.4713,47.6693],[14.466,47.6695],[14.4493,47.6638],[14.4473,47.6567],[14.4367,47.6526],[14.4234,47.6529],[14.4209,47.6566],[14.3975,47.6527],[14.3926,47.6484],[14.395,47.6378],[14.3889,47.6346],[14.3809,47.634],[14.3702,47.629],[14.3613,47.6291],[14.3345,47.6184],[14.3264,47.6076],[14.3126,47.6064],[14.3028,47.6096],[14.2965,47.6079],[14.282,47.6145],[14.2644,47.6105],[14.2553,47.6128],[14.2502,47.6192],[14.2346,47.6279],[14.2231,47.6421],[14.2326,47.6506],[14.2185,47.6502],[14.2061,47.6525],[14.1913,47.6444],[14.1869,47.6443],[14.1823,47.6391],[14.1758,47.6377],[14.1688,47.6399],[14.16,47.6366],[14.1456,47.637],[14.1362,47.6338],[14.1327,47.6298],[14.1227,47.6276],[14.1106,47.6273],[14.0955,47.6232],[14.0931,47.6195],[14.08,47.6193],[14.0647,47.6159],[14.0601,47.618],[14.0508,47.6172],[14.0544,47.6252],[14.0463,47.6264],[14.0554,47.6679],[14.0478,47.6744],[14.0369,47.6792],[14.0198,47.6908],[14.0106,47.7009],[14.0017,47.703],[13.9953,47.6998],[13.9832,47.6973],[13.9691,47.7036],[13.9517,47.7097],[13.9352,47.7097],[13.92,47.7051],[13.9068,47.7112],[13.9034,47.7176],[13.8959,47.7175],[13.8777,47.7258],[13.8682,47.7235],[13.8623,47.726],[13.8509,47.7144],[13.8402,47.7187],[13.8234,47.7158],[13.7999,47.714],[13.793,47.7124],[13.7786,47.7185],[13.7774,47.7145],[13.7671,47.706],[13.7555,47.7001],[13.7496,47.6874],[13.7339,47.6839],[13.737,47.6741],[13.7259,47.6725],[13.7126,47.6676],[13.7067,47.6648],[13.7076,47.6554],[13.7046,47.6453],[13.6962,47.6323],[13.6941,47.6231],[13.6994,47.5986],[13.6917,47.5887],[13.6947,47.5793],[13.7024,47.5815],[13.7129,47.5796],[13.7132,47.5753],[13.7355,47.577],[13.7407,47.5688],[13.7559,47.5527],[13.757,47.5448],[13.747,47.5437],[13.752,47.5263],[13.7607,47.5203],[13.7491,47.5016],[13.7288,47.4903],[13.7195,47.4804],[13.7173,47.4737],[13.7226,47.4621],[13.7126,47.4612],[13.7056,47.4639],[13.6677,47.4627],[13.6396,47.4665],[13.6264,47.4675],[13.6234,47.4705],[13.61,47.4751],[13.5962,47.4756],[13.589,47.473],[13.5857,47.4748],[13.5924,47.4602],[13.5857,47.4535],[13.5826,47.4449],[13.5785,47.4416],[13.5739,47.427],[13.5633,47.4205],[13.5642,47.4133],[13.5739,47.4058],[13.5721,47.3933],[13.5809,47.3838],[13.584,47.3721],[13.5825,47.3691],[13.5856,47.3609],[13.5895,47.359],[13.5997,47.3407],[13.6035,47.3297],[13.5955,47.3175],[13.5958,47.3127],[13.6028,47.3109],[13.6022,47.3014],[13.5977,47.2935],[13.6079,47.2834],[13.622,47.2831],[13.6236,47.2793],[13.6315,47.274],[13.6417,47.2741],[13.6514,47.2767],[13.6691,47.2719],[13.6748,47.2746],[13.6825,47.269],[13.6956,47.2651],[13.696,47.2604],[13.7119,47.2595],[13.7139,47.2702],[13.7253,47.2783],[13.7388,47.2783],[13.7514,47.276],[13.7606,47.2663],[13.7779,47.274],[13.7839,47.2752],[13.7911,47.2814],[13.7893,47.289],[13.7976,47.2874],[13.8045,47.2927],[13.8172,47.2962],[13.8253,47.2932],[13.823,47.2902],[13.8271,47.283],[13.8234,47.2782],[13.8272,47.2742],[13.8215,47.2702],[13.8236,47.267],[13.8447,47.2611],[13.8642,47.2522],[13.8762,47.2564],[13.882,47.2537],[13.8941,47.2577],[13.9092,47.2595],[13.9193,47.249],[13.9213,47.2515],[13.9305,47.2487],[13.9402,47.2543],[13.9499,47.2549],[13.9572,47.2581],[13.9544,47.2644],[13.9692,47.2711],[13.9742,47.2684],[14.0036,47.267],[14.0128,47.2622],[14.0171,47.2727],[14.0291,47.2732],[14.037,47.2781],[14.0412,47.2871],[14.0473,47.2888],[14.0592,47.2799],[14.0583,47.2762],[14.0681,47.2717],[14.0738,47.2732],[14.0839,47.2712],[14.0984,47.2627],[14.1049,47.2674],[14.1123,47.2678],[14.1166,47.2758],[14.1286,47.2827],[14.1359,47.2952],[14.1391,47.2968],[14.1556,47.296],[14.1703,47.3081],[14.1906,47.3039],[14.1999,47.307],[14.2006,47.3107],[14.2129,47.319],[14.2256,47.3242],[14.2276,47.3291],[14.2235,47.338],[14.2287,47.3416],[14.2255,47.3494],[14.2251,47.3583],[14.229,47.3602],[14.2323,47.3676],[14.239,47.3749],[14.2538,47.3795],[14.2605,47.3792],[14.2696,47.3821],[14.2878,47.3848],[14.2887,47.3886],[14.2996,47.3924],[14.304,47.3987],[14.315,47.4021],[14.3216,47.4002],[14.3279,47.4048],[14.3457,47.4106],[14.3519,47.4142],[14.3665,47.419],[14.3762,47.4201],[14.3889,47.4285],[14.389,47.4325],[14.4037,47.4434],[14.396,47.4486],[14.399,47.4555],[14.4083,47.4515],[14.4261,47.4592],[14.4523,47.4605],[14.4588,47.4628],[14.4619,47.459],[14.4699,47.459],[14.4762,47.4677],[14.4848,47.4643],[14.4911,47.4563],[14.5034,47.4546],[14.5145,47.4623],[14.546,47.4531],[14.5542,47.454],[14.5549,47.4443],[14.5688,47.4413],[14.5722,47.4265],[14.5877,47.4279],[14.5912,47.4256],[14.6029,47.4268],[14.6029,47.4321],[14.6135,47.4415],[14.6304,47.4441],[14.6302,47.4494],[14.6349,47.4506],[14.6339,47.4575],[14.6374,47.4622],[14.6403,47.4734],[14.6363,47.4822],[14.6349,47.4939],[14.6393,47.4969],[14.6611,47.4979],[14.6662,47.4966],[14.667,47.5008],[14.6737,47.5045],[14.6751,47.5115],[14.6838,47.518],[14.6831,47.5259],[14.694,47.5358],[14.7061,47.5375],[14.7211,47.5507],[14.735,47.5648],[14.742,47.5674],[14.7634,47.5828],[14.7644,47.5858],[14.7718,47.5827],[14.7892,47.5701],[14.7984,47.5581],[14.8127,47.5506],[14.8166,47.5612],[14.8149,47.57],[14.828,47.5788],[14.8253,47.5817],[14.8318,47.5908],[14.8447,47.5941],[14.861,47.592],[14.874,47.5992],[14.8847,47.601],[14.8969,47.601],[14.9107,47.6046],[14.9138,47.6145],[14.9238,47.6144],[14.9363,47.6103],[14.9619,47.6111],[14.9625,47.6074],[14.954,47.5989],[14.9618,47.597],[14.9915,47.6016],[14.998,47.6037],[15.0114,47.6021],[15.0337,47.6062],[15.0493,47.6064],[15.0652,47.6102],[15.0704,47.6189],[15.0663,47.6261],[15.0741,47.6333],[15.0733,47.6433],[15.0673,47.6514],[15.0747,47.6612],[15.0822,47.6643],[15.0828,47.672],[15.0746,47.6856],[15.0798,47.6976],[15.0847,47.6982],[15.0825,47.7028],[15.0878,47.7112],[15.0985,47.7196],[15.1101,47.7225],[15.1134,47.7268],[15.1235,47.731],[15.1391,47.7342],[15.1382,47.7429],[15.1105,47.7415],[15.1066,47.7401],[15.0892,47.7415],[15.0789,47.7428],[15.0559,47.7409],[15.0347,47.7527],[15.0283,47.7523],[15.0214,47.7479],[14.9864,47.7401],[14.9728,47.7436],[14.9676,47.7372],[14.952,47.7329],[14.943,47.7242],[14.9314,47.7173],[14.9278,47.7106],[14.9151,47.7108],[14.9128,47.709],[14.8835,47.7135],[14.8766,47.716],[14.8765,47.7263],[14.8606,47.7413],[14.8581,47.7405],[14.84,47.734],[14.8309,47.739],[14.8329,47.7437],[14.8183,47.7442],[14.8094,47.7371],[14.8038,47.7386],[14.7868,47.7323],[14.767,47.7263],[14.7612,47.7331],[14.751,47.7361],[14.7361,47.7449],[14.7385,47.7487]]]},"properties":{"code":"612"}},
{"type":"Feature","geometry":{"type":"Polygon","coordinates":[[[14.5859,47.0117],[14.5856,47.0165],[14.5899,47.0228],[14.5841,47.0286],[14.5772,47.0416],[14.5798,47.0456],[14.5707,47.0508],[14.5721,47.0567],[14.5672,47.0635],[14.5604,47.0679],[14.56,47.0718],[14.55,47.0751],[14.5475,47.0816],[14.5514,47.087],[14.5443,47.1042],[14.5401,47.1083],[14.5415,47.1127],[14.5469,47.1138],[14.5455,47.122],[14.5372,47.1258],[14.5344,47.1303],[14.5158,47.1385],[14.5117,47.1442],[14.5156,47.1545],[14.5135,47.1594],[14.503,47.1629],[14.49,47.164],[14.4734,47.1706],[14.4651,47.1654],[14.4504,47.1661],[14.4415,47.163],[14.4242,47.1688],[14.4191,47.1738],[14.4222,47.1793],[14.4173,47.1819],[14.4099,47.1804],[14.4075,47.1744],[14.3989,47.1841],[14.3927,47.1859],[14.3864,47.1912],[14.3908,47.1941],[14.3803,47.1997],[14.3807,47.2059],[14.3759,47.2082],[14.3862,47.2168],[14.3921,47.2325],[14.3844,47.2343],[14.3852,47.2385],[14.3793,47.2444],[14.3812,47.2472],[14.3754,47.2657],[14.3562,47.2751],[14.3464,47.2711],[14.3324,47.2697],[14.3218,47.277],[14.3127,47.28],[14.3014,47.2921],[14.2941,47.2908],[14.2838,47.2973],[14.2743,47.2989],[14.2728,47.3049],[14.2681,47.3087],[14.2649,47.3192],[14.2567,47.3241],[14.2423,47.3271],[14.2394,47.3295],[14.2276,47.3291],[14.2256,47.3242],[14.2129,47.319],[14.2006,47.3107],[14.1999,47.307],[14.1906,47.3039],[14.1703,47.3081],[14.1556,47.296],[14.1391,47.2968],[14.1359,47.2952],[14.1286,47.2827],[14.1166,47.2758],[14.1123,47.2678],[14.1049,47.2674],[14.0984,47.2627],[14.0839,47.2712],[14.0738,47.2732],[14.0681,47.2717],[14.0583,47.2762],[14.0592,47.2799],[14.0473,47.2888],[14.0412,47.2871],[14.037,47.2781],[14.0291,47.2732],[14.0171,47.2727],[14.0128,47.2622],[14.0036,47.267],[13.9742,47.2684],[13.9692,47.2711],[13.9544,47.2644],[13.9572,47.2581],[13.9499,47.2549],[13.9402,47.2543],[13.9305,47.2487],[13.9213,47.2515],[13.9193,47.249],[13.9092,47.2595],[13.8941,47.2577],[13.882,47.2537],[13.8762,47.2564],[13.8642,47.2522],[13.8679,47.2452],[13.8653,47.2383],[13.8529,47.2329],[13.8501,47.2296],[13.8648,47.2199],[13.8663,47.2154],[13.8741,47.2123],[13.8841,47.2035],[13.9032,47.1947],[13.8943,47.1855],[13.8986,47.1827],[13.9089,47.1856],[13.9153,47.1799],[13.9168,47.1706],[13.9197,47.1718],[13.9359,47.1694],[13.9524,47.1643],[13.9604,47.1593],[13.9679,47.1505],[13.9774,47.1463],[13.9936,47.1421],[13.992,47.1362],[13.9961,47.1328],[13.9833,47.125],[13.9726,47.127],[13.9599,47.1237],[13.9539,47.1253],[13.9438,47.1366],[13.9385,47.1362],[13.9276,47.1297],[13.9091,47.1233],[13.8981,47.1137],[13.8924,47.1143],[13.8812,47.108],[13.8831,47.1049],[13.8775,47.0975],[13.8783,47.0942],[13.8862,47.0914],[13.8894,47.0851],[13.9068,47.0701],[13.9038,47.0632],[13.8963,47.0563],[13.8905,47.0539],[13.8819,47.0387],[13.8725,47.0301],[13.8637,47.0196],[13.8631,47.0003],[13.8648,46.9963],[13.8576,46.9925],[13.845,46.9891],[13.842,46.98],[13.8324,46.9737],[13.8318,46.9654],[13.8276,46.9617],[13.817,46.958],[13.813,46.9518],[13.8016,46.9512],[13.7908,46.9448],[13.7847,46.9439],[13.7848,46.9376],[13.7925,46.9363],[13.8004,46.9296],[13.8102,46.9255],[13.8154,46.9185],[13.8288,46.9132],[13.8349,46.915],[13.8497,46.9095],[13.8561,46.9173],[13.866,46.9201],[13.8704,46.9177],[13.8819,46.9178],[13.8884,46.9252],[13.897,46.9274],[13.8998,46.9337],[13.9112,46.933],[13.9187,46.9398],[13.9344,46.9456],[13.9467,46.9406],[13.9517,46.9426],[13.9498,46.9582],[13.9538,46.9563],[13.9645,46.9631],[13.9837,46.9669],[13.9923,46.9662],[14.0061,46.9705],[14.0093,46.9749],[14.0057,46.9785],[14.0164,46.9876],[14.0146,47.0019],[14.0278,47.0069],[14.0428,47.004],[14.0499,47.0043],[14.0644,47.0087],[14.0724,47.0128],[14.0751,47.0193],[14.0875,47.0287],[14.0932,47.0296],[14.1018,47.0381],[14.1113,47.0409],[14.1188,47.04],[14.1257,47.0454],[14.1235,47.0558],[14.1335,47.0623],[14.1373,47.0592],[14.1447,47.0594],[14.1616,47.0524],[14.1717,47.0578],[14.1743,47.0623],[14.1839,47.0654],[14.1918,47.0716],[14.2044,47.0759],[14.2049,47.0712],[14.2165,47.0617],[14.2229,47.0478],[14.2234,47.038],[14.235,47.0258],[14.2502,47.0347],[14.2557,47.0297],[14.2648,47.0259],[14.2706,47.0294],[14.2777,47.0261],[14.2831,47.029],[14.2881,47.026],[14.303,47.0289],[14.3188,47.0279],[14.3285,47.0298],[14.341,47.0238],[14.3467,47.026],[14.3634,47.0253],[14.3707,47.0199],[14.3816,47.0155],[14.3785,47.0087],[14.3769,46.9981],[14.3859,46.98],[14.3962,46.9807],[14.4029,46.9881],[14.4206,46.9928],[14.4261,46.9968],[14.4565,46.996],[14.4599,47.0018],[14.457,47.0116],[14.4733,47.0086],[14.4779,47.0194],[14.4969,47.0262],[14.5049,47.0265],[14.5032,47.019],[14.5152,47.0142],[14.5162,47.0097],[14.5256,47.0091],[14.5321,47.0117],[14.5455,47.0133],[14.5506,47.0116],[14.5754,47.0127],[14.5859,47.0117]]]},"properties":{"code":"614"}},
{"type":"Feature","geometry":{"type":"Polygon","coordinates":[[[15.027,46.9097],[15.0313,46.9095],[15.0508,46.9162],[15.0672,46.9149],[15.0718,46.9167],[15.0944,46.919],[15.1102,46.9276],[15.116,46.9279],[15.1154,46.9334],[15.1224,46.9428],[15.1244,46.9543],[15.1318,46.9618],[15.1592,46.9545],[15.1709,46.95],[15.1791,46.9517],[15.1807,46.9557],[15.2017,46.9598],[15.2058,46.9626],[15.2149,46.9611],[15.2163,46.9633],[15.2288,46.9644],[15.2429,46.9639],[15.2519,46.9693],[15.2641,46.9611],[15.2743,46.9605],[15.2877,46.9565],[15.2938,46.9485],[15.303,46.9527],[15.3003,46.9575],[15.3082,46.9628],[15.3138,46.9726],[15.3008,46.9772],[15.2979,46.982],[15.306,46.9909],[15.31,46.9991],[15.3031,47.0037],[15.3077,47.0046],[15.298,47.0078],[15.2982,47.0143],[15.2945,47.018],[15.2832,47.008],[15.2749,47.0095],[15.2723,47.0152],[15.2652,47.0165],[15.261,47.032],[15.265,47.0353],[15.2626,47.0449],[15.259,47.0385],[15.2558,47.0411],[15.2587,47.0538],[15.2531,47.054],[15.2588,47.0638],[15.2485,47.0732],[15.2451,47.0797],[15.2366,47.0799],[15.229,47.0867],[15.2175,47.0841],[15.2104,47.089],[15.2093,47.098],[15.2029,47.1021],[15.1961,47.1133],[15.1882,47.1175],[15.1828,47.1276],[15.1767,47.1291],[15.1714,47.1399],[15.1825,47.1522],[15.1757,47.1623],[15.185,47.1682],[15.1756,47.1845],[15.1683,47.1917],[15.1616,47.1945],[15.1617,47.2028],[15.1468,47.2014],[15.143,47.2069],[15.1342,47.2111],[15.1258,47.2084],[15.1121,47.2071],[15.109,47.2101],[15.0968,47.2103],[15.0781,47.2135],[15.0693,47.21],[15.0528,47.2113],[15.0471,47.2097],[15.044,47.2048],[15.0303,47.2014],[15.0296,47.1959],[15.0117,47.1925],[15.0081,47.1948],[15.0011,47.1906],[14.9947,47.1904],[14.9891,47.1825],[14.9761,47.1707],[14.9713,47.1705],[14.9534,47.1553],[14.9444,47.1543],[14.9414,47.1452],[14.9452,47.1325],[14.9298,47.1218],[14.9302,47.1144],[14.9254,47.1161],[14.9164,47.1121],[14.9178,47.0894],[14.9217,47.0845],[14.9174,47.0773],[14.9135,47.0724],[14.9009,47.0751],[14.8919,47.0821],[14.8833,47.0842],[14.8758,47.0762],[14.8715,47.068],[14.8659,47.063],[14.8624,47.055],[14.8504,47.0554],[14.8606,47.0517],[14.8616,47.0444],[14.8445,47.0481],[14.8404,47.0384],[14.8562,47.0253],[14.8732,47.0225],[14.8819,47.0162],[14.8863,47.0103],[14.9039,47.0003],[14.9389,46.9929],[14.9493,46.993],[14.9581,46.9889],[14.9666,46.9822],[14.9725,46.9688],[14.979,46.9636],[14.9797,46.9577],[14.9857,46.9532],[14.9923,46.9386],[14.9987,46.9324],[15.0063,46.9301],[15.0171,46.9227],[15.0201,46.916],[15.027,46.9097]]]},"properties":{"code":"616"}},
{"type":"Feature","geometry":{"type":"Polygon","coordinates":[[[15.847,47.5678],[15.8415,47.5639],[15.8258,47.5621],[15.8209,47.5665],[15.8014,47.5764],[15.7906,47.574],[15.7835,47.5654],[15.7678,47.563],[15.7639,47.5584],[15.751,47.5544],[15.7405,47.548],[15.7355,47.5416],[15.7258,47.5393],[15.7168,47.5348],[15.7125,47.5286],[15.691,47.5176],[15.6808,47.5183],[15.6774,47.5147],[15.6645,47.5119],[15.649,47.5044],[15.6462,47.4989],[15.6497,47.4921],[15.6438,47.4889],[15.6449,47.4845],[15.6416,47.4826],[15.6358,47.486],[15.6284,47.4858],[15.603,47.4779],[15.597,47.4734],[15.6058,47.4704],[15.6071,47.4658],[15.5936,47.4578],[15.5835,47.445],[15.5836,47.438],[15.5878,47.4278],[15.5799,47.4219],[15.5809,47.4116],[15.5633,47.4053],[15.5572,47.4062],[15.5368,47.4025],[15.5313,47.3916],[15.5372,47.3725],[15.5335,47.3646],[15.5267,47.3604],[15.5154,47.3577],[15.4815,47.3581],[15.4766,47.3619],[15.4612,47.3581],[15.4485,47.3613],[15.4449,47.3655],[15.4256,47.3633],[15.4222,47.3591],[15.4193,47.3491],[15.4219,47.3448],[15.4153,47.3411],[15.4013,47.3297],[15.3919,47.3268],[15.3981,47.3196],[15.3967,47.3122],[15.4001,47.3044],[15.4066,47.3015],[15.4158,47.2827],[15.419,47.2718],[15.4412,47.2647],[15.44,47.2611],[15.4482,47.2614],[15.4585,47.2648],[15.4662,47.2616],[15.4532,47.2587],[15.4462,47.2539],[15.4366,47.2504],[15.4415,47.2353],[15.4394,47.2295],[15.4421,47.2225],[15.4644,47.2013],[15.4682,47.2033],[15.4678,47.2097],[15.4871,47.2062],[15.4913,47.1992],[15.5053,47.1951],[15.5094,47.1895],[15.5227,47.2],[15.539,47.1983],[15.5442,47.1997],[15.5547,47.1961],[15.5671,47.1957],[15.5709,47.1866],[15.58,47.1832],[15.5828,47.1904],[15.5896,47.1808],[15.5888,47.1698],[15.583,47.1679],[15.593,47.1629],[15.6073,47.1503],[15.6228,47.1434],[15.6299,47.1368],[15.6453,47.1264],[15.6583,47.1243],[15.6544,47.1162],[15.6562,47.1108],[15.6538,47.1054],[15.6426,47.1129],[15.6296,47.1149],[15.6485,47.1047],[15.6441,47.0983],[15.6329,47.0942],[15.6353,47.0854],[15.6347,47.0752],[15.6316,47.0746],[15.64,47.0662],[15.6473,47.0695],[15.652,47.0685],[15.649,47.0635],[15.6564,47.0593],[15.6614,47.0612],[15.6719,47.0548],[15.6779,47.0562],[15.6883,47.0473],[15.6846,47.0302],[15.6976,47.0242],[15.7006,47.0259],[15.7247,47.0249],[15.7341,47.0222],[15.7457,47.0149],[15.7586,47.0142],[15.7748,47.0228],[15.7844,47.0378],[15.7953,47.0468],[15.8023,47.0431],[15.8046,47.0453],[15.8141,47.0418],[15.8176,47.0454],[15.824,47.0406],[15.8195,47.0402],[15.8211,47.0351],[15.8302,47.0298],[15.8395,47.0286],[15.8402,47.0217],[15.847,47.021],[15.8457,47.0245],[15.8553,47.0276],[15.8665,47.0288],[15.8776,47.0408],[15.8764,47.0425],[15.8796,47.057],[15.8744,47.0654],[15.8694,47.0676],[15.856,47.0661],[15.8488,47.0692],[15.8499,47.0741],[15.841,47.0765],[15.8406,47.0822],[15.8483,47.0913],[15.8607,47.0895],[15.8675,47.096],[15.8614,47.1012],[15.8651,47.1029],[15.8608,47.1077],[15.8611,47.1119],[15.8553,47.1171],[15.8535,47.1243],[15.8673,47.12],[15.8727,47.1125],[15.8794,47.1092],[15.8845,47.1011],[15.8894,47.0993],[15.8954,47.0907],[15.9013,47.0915],[15.9049,47.1043],[15.8998,47.1099],[15.8975,47.1175],[15.8935,47.1193],[15.8897,47.1309],[15.8747,47.1425],[15.8693,47.1482],[15.873,47.1501],[15.8728,47.1559],[15.8609,47.1614],[15.8553,47.1762],[15.8475,47.1769],[15.8391,47.1852],[15.8287,47.1817],[15.8252,47.1784],[15.8205,47.181],[15.8123,47.1913],[15.8084,47.1917],[15.8048,47.1989],[15.7943,47.2068],[15.7829,47.2071],[15.7764,47.2098],[15.7763,47.2144],[15.7587,47.2249],[15.77,47.236],[15.76,47.2411],[15.7645,47.2439],[15.7747,47.2428],[15.7749,47.2506],[15.7673,47.2534],[15.7603,47.2597],[15.7572,47.2684],[15.7593,47.2872],[15.7573,47.2923],[15.751,47.2965],[15.7396,47.2995],[15.7353,47.307],[15.7342,47.3176],[15.7378,47.3241],[15.7385,47.3314],[15.7495,47.3439],[15.7434,47.3513],[15.7528,47.3514],[15.7745,47.357],[15.7841,47.3655],[15.8005,47.373],[15.7819,47.3874],[15.774,47.3976],[15.7733,47.4078],[15.7658,47.4145],[15.7505,47.4241],[15.7549,47.4315],[15.7555,47.4394],[15.7516,47.4435],[15.7514,47.451],[15.7475,47.4607],[15.7357,47.4591],[15.7326,47.4626],[15.7263,47.4615],[15.7187,47.4677],[15.7149,47.4673],[15.7109,47.4755],[15.7166,47.4781],[15.7232,47.4849],[15.7283,47.4842],[15.7326,47.4883],[15.7384,47.4883],[15.7431,47.4941],[15.7518,47.4964],[15.7523,47.5005],[15.7692,47.5054],[15.7696,47.5097],[15.7754,47.5096],[15.7791,47.5033],[15.7853,47.5023],[15.7892,47.4978],[15.7961,47.4976],[15.8014,47.5006],[15.8004,47.5046],[15.8091,47.5047],[15.8109,47.5014],[15.8206,47.5038],[15.8318,47.5021],[15.8447,47.4962],[15.851,47.4969],[15.8639,47.5022],[15.8666,47.505],[15.8826,47.5042],[15.8964,47.5101],[15.9104,47.5283],[15.9139,47.5304],[15.9121,47.5358],[15.904,47.5424],[15.9029,47.5548],[15.9043,47.5628],[15.8879,47.5712],[15.8738,47.5733],[15.8644,47.5659],[15.847,47.5678]]]},"properties":{"code":"617"}},
{"type":"Feature","geometry":{"type":"Polygon","coordinates":[[[14.6153,46.9979],[14.6248,47.0121],[14.6388,47.0148],[14.6501,47.0141],[14.6647,47.0183],[14.6796,47.0176],[14.69,47.0189],[14.6987,47.0163],[14.704,47.0199],[14.7161,47.0182],[14.7228,47.0206],[14.7291,47.016],[14.7269,47.0224],[14.7322,47.0267],[14.7737,47.0394],[14.7828,47.0374],[14.8142,47.0408],[14.8305,47.0496],[14.8445,47.0481],[14.8616,47.0444],[14.8606,47.0517],[14.8504,47.0554],[14.8624,47.055],[14.8659,47.063],[14.8715,47.068],[14.8758,47.0762],[14.8833,47.0842],[14.8919,47.0821],[14.9009,47.0751],[14.9135,47.0724],[14.9174,47.0773],[14.9217,47.0845],[14.9178,47.0894],[14.9164,47.1121],[14.9254,47.1161],[14.9302,47.1144],[14.9298,47.1218],[14.9452,47.1325],[14.9414,47.1452],[14.9444,47.1543],[14.9534,47.1553],[14.9713,47.1705],[14.9761,47.1707],[14.9891,47.1825],[14.9947,47.1904],[15.0011,47.1906],[15.0081,47.1948],[15.0117,47.1925],[15.0296,47.1959],[15.0303,47.2014],[15.044,47.2048],[15.0471,47.2097],[15.0528,47.2113],[15.0484,47.227],[15.0387,47.2316],[15.0363,47.2383],[15.0304,47.24],[15.0303,47.2448],[15.0215,47.2439],[15.0162,47.2543],[15.0092,47.2568],[15.0047,47.2618],[15.0026,47.2704],[14.9942,47.2723],[14.9838,47.2822],[14.9773,47.2832],[14.969,47.2785],[14.9652,47.2838],[14.9555,47.2882],[14.9436,47.2991],[14.9442,47.2878],[14.9383,47.2821],[14.9357,47.2866],[14.9267,47.2884],[14.9193,47.2859],[14.9054,47.2964],[14.9028,47.3076],[14.8955,47.3156],[14.8981,47.3197],[14.8787,47.3256],[14.8768,47.3327],[14.8731,47.3329],[14.8701,47.3419],[14.8638,47.3509],[14.8572,47.347],[14.8366,47.3514],[14.8322,47.3511],[14.8198,47.3573],[14.813,47.3549],[14.8006,47.3591],[14.7971,47.3653],[14.7857,47.3686],[14.7777,47.3631],[14.7775,47.3587],[14.761,47.3568],[14.7514,47.3492],[14.7532,47.3434],[14.7292,47.3396],[14.721,47.3475],[14.7007,47.3523],[14.7005,47.3559],[14.6819,47.3634],[14.6772,47.3681],[14.6713,47.3668],[14.6614,47.3706],[14.6585,47.3741],[14.6439,47.378],[14.6355,47.3743],[14.6216,47.3782],[14.6137,47.3786],[14.6147,47.3851],[14.6097,47.3931],[14.6026,47.3946],[14.6012,47.4012],[14.6051,47.4118],[14.6029,47.4268],[14.5912,47.4256],[14.5877,47.4279],[14.5722,47.4265],[14.5688,47.4413],[14.5549,47.4443],[14.5542,47.454],[14.546,47.4531],[14.5145,47.4623],[14.5034,47.4546],[14.4911,47.4563],[14.4848,47.4643],[14.4762,47.4677],[14.4699,47.459],[14.4619,47.459],[14.4588,47.4628],[14.4523,47.4605],[14.4261,47.4592],[14.4083,47.4515],[14.399,47.4555],[14.396,47.4486],[14.4037,47.4434],[14.389,47.4325],[14.3889,47.4285],[14.3762,47.4201],[14.3665,47.419],[14.3519,47.4142],[14.3457,47.4106],[14.3279,47.4048],[14.3216,47.4002],[14.315,47.4021],[14.304,47.3987],[14.2996,47.3924],[14.2887,47.3886],[14.2878,47.3848],[14.2696,47.3821],[14.2605,47.3792],[14.2538,47.3795],[14.239,47.3749],[14.2323,47.3676],[14.229,47.3602],[14.2251,47.3583],[14.2255,47.3494],[14.2287,47.3416],[14.2235,47.338],[14.2276,47.3291],[14.2394,47.3295],[14.2423,47.3271],[14.2567,47.3241],[14.2649,47.3192],[14.2681,47.3087],[14.2728,47.3049],[14.2743,47.2989],[14.2838,47.2973],[14.2941,47.2908],[14.3014,47.2921],[14.3127,47.28],[14.3218,47.277],[14.3324,47.2697],[14.3464,47.2711],[14.3562,47.2751],[14.3754,47.2657],[14.3812,47.2472],[14.3793,47.2444],[14.3852,47.2385],[14.3844,47.2343],[14.3921,47.2325],[14.3862,47.2168],[14.3759,47.2082],[14.3807,47.2059],[14.3803,47.1997],[14.3908,47.1941],[14.3864,47.1912],[14.3927,47.1859],[14.3989,47.1841],[14.4075,47.1744],[14.4099,47.1804],[14.4173,47.1819],[14.4222,47.1793],[14.4191,47.1738],[14.4242,47.1688],[14.4415,47.163],[14.4504,47.1661],[14.4651,47.1654],[14.4734,47.1706],[14.49,47.164],[14.503,47.1629],[14.5135,47.1594],[14.5156,47.1545],[14.5117,47.1442],[14.5158,47.1385],[14.5344,47.1303],[14.5372,47.1258],[14.5455,47.122],[14.5469,47.1138],[14.5415,47.1127],[14.5401,47.1083],[14.5443,47.1042],[14.5514,47.087],[14.5475,47.0816],[14.55,47.0751],[14.56,47.0718],[14.5604,47.0679],[14.5672,47.0635],[14.5721,47.0567],[14.5707,47.0508],[14.5798,47.0456],[14.5772,47.0416],[14.5841,47.0286],[14.5899,47.0228],[14.5856,47.0165],[14.5859,47.0117],[14.5928,47.0016],[14.6153,46.9979]]]},"properties":{"code":"620"}},
{"type":"Feature","geometry":{"type":"Polygon","coordinates":[[[15.2173,47.796],[15.2151,47.7916],[15.2081,47.7878],[15.2065,47.7777],[15.2008,47.775],[15.2023,47.7705],[15.2081,47.7706],[15.2104,47.7631],[15.1994,47.7534],[15.1939,47.7558],[15.1748,47.7558],[15.1685,47.7537],[15.159,47.7584],[15.1456,47.7572],[15.1388,47.7612],[15.1301,47.753],[15.1316,47.7478],[15.126,47.7461],[15.0892,47.7415],[15.1066,47.7401],[15.1105,47.7415],[15.1382,47.7429],[15.1391,47.7342],[15.1235,47.731],[15.1134,47.7268],[15.1101,47.7225],[15.0985,47.7196],[15.0878,47.7112],[15.0825,47.7028],[15.0847,47.6982],[15.0798,47.6976],[15.0746,47.6856],[15.0828,47.672],[15.0822,47.6643],[15.0747,47.6612],[15.0673,47.6514],[15.0733,47.6433],[15.0741,47.6333],[15.0663,47.6261],[15.0704,47.6189],[15.0652,47.6102],[15.0493,47.6064],[15.0337,47.6062],[15.0114,47.6021],[14.998,47.6037],[14.9915,47.6016],[14.9618,47.597],[14.954,47.5989],[14.9409,47.5978],[14.9341,47.6015],[14.9317,47.591],[14.9402,47.5866],[14.9387,47.5773],[14.9445,47.5728],[14.9467,47.5673],[14.9529,47.5627],[14.9692,47.5694],[14.9761,47.5616],[14.9793,47.5541],[14.9834,47.5516],[14.978,47.5445],[14.9788,47.5398],[14.9858,47.5357],[15.0112,47.5333],[15.0199,47.5295],[15.0274,47.5321],[15.0393,47.5264],[15.0382,47.5146],[15.0448,47.5096],[15.0501,47.4858],[15.0552,47.4798],[15.0558,47.472],[15.0611,47.4682],[15.0775,47.4613],[15.0763,47.4581],[15.0941,47.4422],[15.1103,47.4387],[15.1309,47.4473],[15.1408,47.4483],[15.1609,47.443],[15.1535,47.4416],[15.1517,47.4304],[15.1567,47.43],[15.1677,47.4247],[15.1703,47.418],[15.1758,47.4127],[15.1743,47.4055],[15.1797,47.4026],[15.1916,47.4021],[15.1983,47.3952],[15.1919,47.3888],[15.1913,47.3783],[15.1957,47.3738],[15.1948,47.3698],[15.1995,47.3594],[15.206,47.3555],[15.2078,47.3488],[15.2164,47.3413],[15.2175,47.3372],[15.2313,47.3373],[15.243,47.3433],[15.2659,47.3396],[15.2771,47.3436],[15.2861,47.3418],[15.2887,47.3384],[15.3038,47.3349],[15.3155,47.3288],[15.3177,47.3228],[15.3274,47.3191],[15.3383,47.3119],[15.3548,47.318],[15.3691,47.3196],[15.3767,47.3124],[15.3914,47.3078],[15.3967,47.3122],[15.3981,47.3196],[15.3919,47.3268],[15.4013,47.3297],[15.4153,47.3411],[15.4219,47.3448],[15.4193,47.3491],[15.4222,47.3591],[15.4256,47.3633],[15.4449,47.3655],[15.4485,47.3613],[15.4612,47.3581],[15.4766,47.3619],[15.4815,47.3581],[15.5154,47.3577],[15.5267,47.3604],[15.5335,47.3646],[15.5372,47.3725],[15.5313,47.3916],[15.5368,47.4025],[15.5572,47.4062],[15.5633,47.4053],[15.5809,47.4116],[15.5799,47.4219],[15.5878,47.4278],[15.5836,47.438],[15.5835,47.445],[15.5936,47.4578],[15.6071,47.4658],[15.6058,47.4704],[15.597,47.4734],[15.603,47.4779],[15.6284,47.4858],[15.6358,47.486],[15.6416,47.4826],[15.6449,47.4845],[15.6438,47.4889],[15.6497,47.4921],[15.6462,47.4989],[15.649,47.5044],[15.6645,47.5119],[15.6774,47.5147],[15.6808,47.5183],[15.691,47.5176],[15.7125,47.5286],[15.7168,47.5348],[15.7258,47.5393],[15.7355,47.5416],[15.7405,47.548],[15.751,47.5544],[15.7639,47.5584],[15.7678,47.563],[15.7835,47.5654],[15.7906,47.574],[15.8014,47.5764],[15.8209,47.5665],[15.8258,47.5621],[15.8415,47.5639],[15.847,47.5678],[15.8445,47.5863],[15.8489,47.5906],[15.848,47.5968],[15.8564,47.6028],[15.8623,47.6138],[15.8567,47.6208],[15.8446,47.6171],[15.833,47.6224],[15.8301,47.6321],[15.8218,47.638],[15.8068,47.6351],[15.7963,47.6364],[15.7894,47.6399],[15.7818,47.6392],[15.7807,47.6426],[15.7701,47.6401],[15.7631,47.635],[15.75,47.6322],[15.7409,47.6333],[15.7441,47.641],[15.7345,47.6456],[15.7251,47.6464],[15.7285,47.6564],[15.7287,47.6642],[15.7247,47.6695],[15.7219,47.6793],[15.7177,47.6846],[15.7196,47.6898],[15.715,47.6952],[15.7157,47.7029],[15.7192,47.7098],[15.7154,47.7126],[15.6967,47.7129],[15.6915,47.7052],[15.6787,47.699],[15.6703,47.71],[15.6621,47.712],[15.6518,47.7176],[15.636,47.7154],[15.629,47.7243],[15.6156,47.7468],[15.6117,47.7511],[15.601,47.7516],[15.5855,47.7487],[15.5688,47.7492],[15.5613,47.7455],[15.5517,47.7495],[15.5289,47.7459],[15.5135,47.7467],[15.5086,47.753],[15.5145,47.7557],[15.5162,47.7631],[15.5016,47.7689],[15.4916,47.7683],[15.4845,47.7707],[15.4733,47.7713],[15.461,47.7697],[15.4499,47.7728],[15.4411,47.7857],[15.44,47.7904],[15.4333,47.7915],[15.4233,47.7853],[15.4119,47.7844],[15.4085,47.7878],[15.4031,47.8006],[15.4061,47.8128],[15.4011,47.8148],[15.3918,47.8128],[15.3906,47.8167],[15.3749,47.8254],[15.3611,47.8238],[15.3543,47.8266],[15.3448,47.8256],[15.3332,47.8274],[15.3252,47.8214],[15.3119,47.8227],[15.3081,47.8199],[15.2984,47.8206],[15.2926,47.8096],[15.2955,47.8018],[15.2913,47.7992],[15.2872,47.7902],[15.2628,47.7935],[15.2534,47.7928],[15.2343,47.7988],[15.2173,47.796]]]},"properties":{"code":"621"}},
{"type":"Feature","geometry":{"type":"Polygon","coordinates":[[[16.0865,47.2335],[16.0838,47.2359],[16.0854,47.2404],[16.0855,47.2405],[16.087,47.243],[16.0846,47.2507],[16.0813,47.252],[16.0832,47.2538],[16.0816,47.2555],[16.078,47.2599],[16.078,47.26],[16.0824,47.2622],[16.0749,47.2725],[16.075,47.276],[16.0645,47.2856],[16.0656,47.2903],[16.0656,47.2904],[16.0589,47.2957],[16.0619,47.305],[16.0586,47.3075],[16.0596,47.3153],[16.0513,47.3179],[16.0531,47.3221],[16.0475,47.3272],[16.051,47.332],[16.0424,47.3399],[16.0424,47.3439],[16.0368,47.3429],[16.0314,47.3548],[16.0243,47.3633],[16.016,47.3682],[16.034,47.3722],[16.0301,47.3793],[16.0427,47.3825],[16.0639,47.385],[16.0637,47.3912],[16.0705,47.4008],[16.0717,47.4041],[16.084,47.409],[16.0912,47.4084],[16.0967,47.4065],[16.0876,47.4049],[16.0894,47.4007],[16.0822,47.3973],[16.0927,47.3903],[16.1073,47.3967],[16.1001,47.4071],[16.1012,47.4148],[16.1216,47.4128],[16.1432,47.4165],[16.1529,47.4201],[16.1664,47.4205],[16.1718,47.4224],[16.144,47.438],[16.1376,47.4504],[16.1319,47.4538],[16.1333,47.4595],[16.138,47.4614],[16.133,47.4695],[16.1267,47.4683],[16.1245,47.4734],[16.1151,47.4743],[16.1203,47.4779],[16.1185,47.483],[16.1212,47.4878],[16.1159,47.4895],[16.1141,47.4991],[16.1186,47.5059],[16.1213,47.5113],[16.1212,47.5113],[16.1139,47.5068],[16.1109,47.5106],[16.1153,47.5143],[16.1153,47.5144],[16.1114,47.5222],[16.1095,47.525],[16.0978,47.5241],[16.0938,47.5163],[16.0905,47.5078],[16.0814,47.506],[16.0784,47.4992],[16.0747,47.503],[16.0652,47.5019],[16.0651,47.4863],[16.0578,47.4846],[16.0463,47.4916],[16.0428,47.4966],[16.0413,47.5007],[16.0328,47.5042],[16.0263,47.5127],[16.0106,47.5176],[16.0016,47.5154],[15.9852,47.5171],[15.974,47.5202],[15.9562,47.5171],[15.9511,47.5183],[15.9363,47.5263],[15.9219,47.53],[15.9139,47.5304],[15.9104,47.5283],[15.8964,47.5101],[15.8826,47.5042],[15.8666,47.505],[15.8639,47.5022],[15.851,47.4969],[15.8447,47.4962],[15.8318,47.5021],[15.8206,47.5038],[15.8109,47.5014],[15.8091,47.5047],[15.8004,47.5046],[15.8014,47.5006],[15.7961,47.4976],[15.7892,47.4978],[15.7853,47.5023],[15.7791,47.5033],[15.7754,47.5096],[15.7696,47.5097],[15.7692,47.5054],[15.7523,47.5005],[15.7518,47.4964],[15.7431,47.4941],[15.7384,47.4883],[15.7326,47.4883],[15.7283,47.4842],[15.7232,47.4849],[15.7166,47.4781],[15.7109,47.4755],[15.7149,47.4673],[15.7187,47.4677],[15.7263,47.4615],[15.7326,47.4626],[15.7357,47.4591],[15.7475,47.4607],[15.7514,47.451],[15.7516,47.4435],[15.7555,47.4394],[15.7549,47.4315],[15.7505,47.4241],[15.7658,47.4145],[15.7733,47.4078],[15.774,47.3976],[15.7819,47.3874],[15.8005,47.373],[15.7841,47.3655],[15.7745,47.357],[15.7528,47.3514],[15.7434,47.3513],[15.7495,47.3439],[15.7385,47.3314],[15.7378,47.3241],[15.7342,47.3176],[15.7353,47.307],[15.7396,47.2995],[15.751,47.2965],[15.7573,47.2923],[15.7593,47.2872],[15.7572,47.2684],[15.7603,47.2597],[15.7673,47.2534],[15.7749,47.2506],[15.7747,47.2428],[15.7645,47.2439],[15.76,47.2411],[15.77,47.236],[15.7587,47.2249],[15.7763,47.2144],[15.7764,47.2098],[15.7829,47.2071],[15.7943,47.2068],[15.8048,47.1989],[15.8084,47.1917],[15.8123,47.1913],[15.8205,47.181],[15.8252,47.1784],[15.8287,47.1817],[15.8391,47.1852],[15.8475,47.1769],[15.8553,47.1762],[15.8609,47.1614],[15.8728,47.1559],[15.873,47.1501],[15.8693,47.1482],[15.8747,47.1425],[15.8897,47.1309],[15.8935,47.1193],[15.8975,47.1175],[15.8998,47.1099],[15.9049,47.1043],[15.9013,47.0915],[15.8954,47.0907],[15.8894,47.0993],[15.8845,47.1011],[15.8794,47.1092],[15.8727,47.1125],[15.8673,47.12],[15.8535,47.1243],[15.8553,47.1171],[15.8611,47.1119],[15.8608,47.1077],[15.8651,47.1029],[15.8614,47.1012],[15.8675,47.096],[15.8607,47.0895],[15.8483,47.0913],[15.8406,47.0822],[15.841,47.0765],[15.8499,47.0741],[15.8488,47.0692],[15.856,47.0661],[15.8694,47.0676],[15.8744,47.0654],[15.8796,47.057],[15.8764,47.0425],[15.8776,47.0408],[15.8821,47.0369],[15.8973,47.0385],[15.9005,47.0409],[15.9144,47.0436],[15.9192,47.0497],[15.9281,47.0467],[15.9372,47.0515],[15.9375,47.0589],[15.9412,47.06],[15.9667,47.0572],[15.9721,47.0514],[15.9689,47.0465],[15.9814,47.0338],[15.9732,47.0265],[15.9796,47.0196],[15.9882,47.022],[15.9915,47.0179],[15.9967,47.0194],[15.9987,47.0149],[15.9949,47.0105],[15.997,47.0068],[16.0188,47.0072],[16.0307,47.0064],[16.0451,47.0035],[16.0538,46.9981],[16.0644,47.0039],[16.0654,46.9998],[16.0612,46.9935],[16.074,46.9823],[16.0815,46.9786],[16.0999,46.9824],[16.1007,46.9761],[16.1077,46.9653],[16.1127,46.9794],[16.1179,46.9797],[16.1217,46.9907],[16.1343,46.9948],[16.1545,46.9908],[16.1467,47.0007],[16.1446,46.9976],[16.137,47.0069],[16.1402,47.009],[16.1325,47.011],[16.13,47.0168],[16.1247,47.019],[16.1214,47.0308],[16.1151,47.0319],[16.1163,47.0384],[16.1211,47.0447],[16.114,47.05],[16.1112,47.0488],[16.1047,47.0608],[16.0983,47.0583],[16.0902,47.0714],[16.0875,47.0729],[16.0903,47.0817],[16.0866,47.088],[16.0922,47.0909],[16.0939,47.0957],[16.0918,47.1047],[16.0951,47.1131],[16.1016,47.1123],[16.1066,47.1178],[16.108,47.119],[16.1091,47.1269],[16.115,47.1332],[16.113,47.1422],[16.1163,47.1445],[16.1114,47.1577],[16.1134,47.1602],[16.1068,47.1714],[16.1035,47.1862],[16.0962,47.1935],[16.0882,47.2095],[16.0809,47.2296],[16.0865,47.2335]]]},"properties":{"code":"622"}},
{"type":"Feature","geometry":{"type":"Polygon","coordinates":[[[16.1077,46.9653],[16.1007,46.9761],[16.0999,46.9824],[16.0815,46.9786],[16.074,46.9823],[16.0612,46.9935],[16.0654,46.9998],[16.0644,47.0039],[16.0538,46.9981],[16.0451,47.0035],[16.0307,47.0064],[16.0188,47.0072],[15.997,47.0068],[15.9949,47.0105],[15.9987,47.0149],[15.9967,47.0194],[15.9915,47.0179],[15.9882,47.022],[15.9796,47.0196],[15.9732,47.0265],[15.9814,47.0338],[15.9689,47.0465],[15.9721,47.0514],[15.9667,47.0572],[15.9412,47.06],[15.9375,47.0589],[15.9372,47.0515],[15.9281,47.0467],[15.9192,47.0497],[15.9144,47.0436],[15.9005,47.0409],[15.8973,47.0385],[15.8821,47.0369],[15.8776,47.0408],[15.8665,47.0288],[15.8553,47.0276],[15.8457,47.0245],[15.847,47.021],[15.8402,47.0217],[15.8395,47.0286],[15.8302,47.0298],[15.8211,47.0351],[15.8195,47.0402],[15.824,47.0406],[15.8176,47.0454],[15.8141,47.0418],[15.8046,47.0453],[15.8023,47.0431],[15.7953,47.0468],[15.7844,47.0378],[15.7748,47.0228],[15.7586,47.0142],[15.7457,47.0149],[15.7341,47.0222],[15.7247,47.0249],[15.7248,47.0198],[15.7298,47.0128],[15.7287,47.0057],[15.716,47.0012],[15.7116,47.0016],[15.7119,46.9948],[15.7188,46.9908],[15.7095,46.9913],[15.6985,46.9882],[15.6793,46.9859],[15.6838,46.9845],[15.6776,46.978],[15.6641,46.9786],[15.6493,46.9837],[15.6506,46.9882],[15.6456,46.9955],[15.6309,47.0011],[15.6242,47.0003],[15.6161,47.0027],[15.6034,46.9896],[15.6,46.9909],[15.594,46.9719],[15.5879,46.9664],[15.5899,46.9551],[15.5969,46.9442],[15.5988,46.9306],[15.6044,46.9312],[15.6043,46.9261],[15.6108,46.9174],[15.6112,46.9105],[15.6083,46.9007],[15.6139,46.902],[15.6306,46.8946],[15.6368,46.8968],[15.6594,46.8945],[15.6677,46.8917],[15.667,46.886],[15.6749,46.8894],[15.68,46.8885],[15.6839,46.8833],[15.6742,46.875],[15.6735,46.8681],[15.6775,46.8613],[15.6919,46.8622],[15.6883,46.8411],[15.6889,46.8321],[15.6847,46.8259],[15.6817,46.8223],[15.6825,46.814],[15.6773,46.8108],[15.6825,46.8057],[15.6872,46.7831],[15.6958,46.7815],[15.7152,46.783],[15.7243,46.7747],[15.7413,46.7804],[15.7508,46.7645],[15.7488,46.7565],[15.7411,46.7586],[15.7368,46.7542],[15.7416,46.7497],[15.7401,46.7407],[15.7327,46.7422],[15.72,46.7488],[15.7157,46.7465],[15.7001,46.7447],[15.7086,46.7372],[15.7179,46.7335],[15.7179,46.7233],[15.7222,46.7237],[15.7307,46.7237],[15.7307,46.7198],[15.7424,46.7195],[15.7443,46.7225],[15.7529,46.7157],[15.7421,46.7172],[15.7415,46.712],[15.7466,46.7066],[15.7551,46.7071],[15.759,46.7024],[15.749,46.7018],[15.7524,46.698],[15.7704,46.6994],[15.7957,46.7131],[15.8216,46.7201],[15.8384,46.7224],[15.8588,46.7223],[15.8697,46.7212],[15.8933,46.7138],[15.9066,46.7116],[15.9166,46.7081],[15.9431,46.6906],[15.9558,46.6873],[15.9833,46.6847],[15.9986,46.6805],[16.0024,46.6779],[16.0069,46.6686],[16.0137,46.6635],[16.0225,46.6623],[16.0381,46.6561],[16.0408,46.6685],[16.0395,46.6762],[16.0425,46.6861],[16.0342,46.6976],[16.0289,46.7006],[16.0273,46.7058],[16.0298,46.7117],[16.0211,46.7109],[16.0165,46.7161],[16.0086,46.7161],[16.0018,46.7191],[16.0037,46.7225],[15.9934,46.731],[15.9848,46.7524],[15.9898,46.758],[15.9882,46.7612],[15.9903,46.7719],[15.9887,46.7766],[15.994,46.7928],[15.9923,46.8029],[15.9978,46.811],[15.9884,46.8192],[15.9854,46.8273],[15.9962,46.8354],[16.0007,46.8365],[16.0054,46.8453],[16.0016,46.8477],[16.0062,46.8553],[16.0073,46.8567],[16.0096,46.8772],[16.0138,46.8846],[16.0219,46.8867],[16.0322,46.893],[16.0359,46.8931],[16.0377,46.9044],[16.0474,46.9104],[16.0514,46.9087],[16.0619,46.9137],[16.063,46.9242],[16.0702,46.9355],[16.0781,46.934],[16.0929,46.9351],[16.096,46.942],[16.096,46.9435],[16.0957,46.9439],[16.0957,46.944],[16.0956,46.9444],[16.0955,46.9449],[16.095,46.946],[16.0949,46.946],[16.0949,46.9461],[16.095,46.9465],[16.095,46.9466],[16.0953,46.947],[16.0954,46.9478],[16.0953,46.9481],[16.0954,46.9482],[16.0954,46.9486],[16.0955,46.9486],[16.0957,46.9488],[16.0957,46.9489],[16.0957,46.9491],[16.0958,46.9492],[16.0952,46.9511],[16.0952,46.9512],[16.1006,46.9608],[16.1077,46.9653]]]},"properties":{"code":"623"}},
{"type":"Feature","geometry":{"type":"Polygon","coordinates":[[[11.4175,47.3485],[11.4073,47.3521],[11.3915,47.351],[11.3831,47.3563],[11.3759,47.355],[11.3573,47.3598],[11.3465,47.3526],[11.3373,47.3394],[11.3335,47.3409],[11.3391,47.322],[11.3324,47.3176],[11.336,47.3136],[11.3237,47.3026],[11.3108,47.2962],[11.3061,47.2919],[11.3023,47.2814],[11.3042,47.2783],[11.3017,47.2704],[11.3052,47.2644],[11.3198,47.2652],[11.3387,47.2525],[11.3521,47.25],[11.3465,47.2415],[11.3603,47.2442],[11.383,47.2468],[11.3931,47.2428],[11.3946,47.238],[11.3886,47.2366],[11.3903,47.2318],[11.3873,47.2272],[11.3902,47.2135],[11.3984,47.2127],[11.3975,47.2161],[11.404,47.2166],[11.4066,47.2214],[11.42,47.2152],[11.423,47.2196],[11.4308,47.2132],[11.4362,47.2145],[11.4474,47.2108],[11.454,47.213],[11.4442,47.2206],[11.4273,47.228],[11.424,47.2351],[11.4192,47.2355],[11.4179,47.2392],[11.4114,47.2387],[11.4096,47.2468],[11.4146,47.2485],[11.4319,47.247],[11.4291,47.2522],[11.4413,47.2558],[11.4549,47.2601],[11.453,47.2674],[11.4479,47.269],[11.444,47.278],[11.4487,47.2796],[11.4493,47.2845],[11.4322,47.2933],[11.4341,47.2955],[11.4162,47.2946],[11.4137,47.3031],[11.3997,47.3152],[11.4072,47.3187],[11.4261,47.3206],[11.4272,47.3467],[11.4176,47.3485],[11.4175,47.3485]]]},"properties":{"code":"701"}},
{"type":"Feature","geometry":{"type":"Polygon","coordinates":[[[10.7639,46.8226],[10.7562,46.8161],[10.7513,46.8151],[10.744,46.803],[10.7359,46.7994],[10.7261,46.7979],[10.7303,46.7883],[10.7421,46.7866],[10.7509,46.7875],[10.7547,46.7851],[10.7799,46.7915],[10.7868,46.7962],[10.7965,46.7907],[10.8141,46.7751],[10.8254,46.7731],[10.8322,46.7805],[10.8407,46.7818],[10.853,46.774],[10.8674,46.7724],[10.8686,46.7658],[10.8822,46.7629],[10.8915,46.7651],[10.8964,46.7701],[10.9076,46.7689],[10.918,46.775],[10.9304,46.7738],[10.9504,46.775],[10.9731,46.7721],[10.9963,46.767],[11.0138,46.7721],[11.0223,46.7654],[11.0288,46.7797],[11.0334,46.7845],[11.0361,46.794],[11.0442,46.8009],[11.0392,46.805],[11.0503,46.8086],[11.057,46.8081],[11.0733,46.8191],[11.0834,46.8226],[11.0777,46.8343],[11.0703,46.8384],[11.0748,46.8434],[11.0719,46.8562],[11.078,46.8589],[11.0821,46.8689],[11.0888,46.8788],[11.0955,46.8828],[11.1017,46.8899],[11.0976,46.8908],[11.0992,46.9014],[11.0949,46.9079],[11.0976,46.914],[11.1092,46.9159],[11.1103,46.9275],[11.1149,46.9314],[11.1389,46.9275],[11.1552,46.9341],[11.168,46.9445],[11.1627,46.9506],[11.1643,46.9657],[11.1489,46.9638],[11.1432,46.9708],[11.1363,46.9711],[11.1204,46.9781],[11.1045,46.9803],[11.0916,46.9884],[11.0964,46.9997],[11.098,47.0175],[11.1091,47.0235],[11.1159,47.0333],[11.1188,47.0462],[11.1175,47.0509],[11.1105,47.0522],[11.1048,47.0581],[11.1016,47.0654],[11.0864,47.0816],[11.0767,47.0888],[11.0738,47.0964],[11.0689,47.1003],[11.0704,47.1044],[11.0635,47.1138],[11.0591,47.1321],[11.0598,47.1391],[11.0649,47.1415],[11.0506,47.1539],[11.0479,47.1635],[11.0438,47.1683],[11.0463,47.1754],[11.043,47.1808],[11.0425,47.1882],[11.0386,47.1942],[11.0476,47.1976],[11.0537,47.2041],[11.0583,47.2036],[11.0685,47.2096],[11.0813,47.2119],[11.0898,47.2181],[11.0947,47.2251],[11.0847,47.2264],[11.0648,47.2347],[11.0597,47.2405],[11.0597,47.2471],[11.0694,47.2529],[11.066,47.2591],[11.0712,47.2701],[11.064,47.2752],[11.0686,47.289],[11.0654,47.2948],[11.0586,47.2977],[11.0497,47.2979],[11.0296,47.2947],[11.0268,47.3043],[11.019,47.3046],[11.0199,47.3107],[11.0138,47.3124],[11.0062,47.3094],[10.9957,47.3113],[10.9914,47.3221],[10.9898,47.3323],[10.9929,47.3527],[11.0105,47.3688],[11.013,47.3877],[11.0163,47.3963],[11.0078,47.3946],[11.0077,47.3945],[10.9912,47.3961],[10.9864,47.3908],[10.9884,47.3866],[10.9857,47.3688],[10.987,47.3612],[10.9702,47.366],[10.9497,47.3661],[10.9219,47.3682],[10.9128,47.3514],[10.902,47.3519],[10.8826,47.3403],[10.8725,47.3373],[10.8623,47.3369],[10.8574,47.3416],[10.8576,47.3463],[10.8398,47.3567],[10.8327,47.363],[10.8207,47.37],[10.825,47.3736],[10.8198,47.3855],[10.8041,47.3854],[10.7872,47.3814],[10.7733,47.3821],[10.7692,47.3748],[10.7722,47.3721],[10.7608,47.3677],[10.7641,47.3618],[10.7585,47.3593],[10.7459,47.3584],[10.7387,47.356],[10.73,47.3571],[10.7309,47.3601],[10.722,47.3576],[10.7105,47.3586],[10.7065,47.3618],[10.7012,47.3596],[10.7024,47.3513],[10.6939,47.3471],[10.6945,47.3403],[10.6873,47.3366],[10.6746,47.3409],[10.6605,47.3334],[10.6518,47.324],[10.6419,47.323],[10.6385,47.3301],[10.6172,47.3305],[10.6096,47.3284],[10.6076,47.3232],[10.6149,47.3137],[10.6121,47.3093],[10.6291,47.3113],[10.6325,47.3068],[10.634,47.2934],[10.6515,47.295],[10.6563,47.2905],[10.656,47.2751],[10.6517,47.2675],[10.6253,47.2733],[10.5973,47.2731],[10.5953,47.2777],[10.5875,47.2839],[10.5782,47.2868],[10.5687,47.2938],[10.5545,47.3002],[10.5413,47.2964],[10.5419,47.2901],[10.5479,47.2892],[10.5527,47.2825],[10.5604,47.2824],[10.5689,47.2775],[10.5697,47.2628],[10.5665,47.2606],[10.5685,47.2494],[10.5653,47.2478],[10.572,47.2445],[10.5803,47.2369],[10.6023,47.2337],[10.6071,47.2372],[10.6088,47.246],[10.6194,47.2509],[10.6261,47.2498],[10.6336,47.2452],[10.6368,47.2379],[10.6448,47.2318],[10.6507,47.2321],[10.6639,47.227],[10.668,47.2169],[10.6668,47.2116],[10.6726,47.2036],[10.6793,47.2026],[10.6769,47.1994],[10.6809,47.1913],[10.6828,47.1713],[10.6786,47.167],[10.6731,47.156],[10.6848,47.1462],[10.6982,47.1413],[10.7088,47.1424],[10.7028,47.1354],[10.693,47.1316],[10.7029,47.1227],[10.7109,47.1245],[10.7138,47.1196],[10.7316,47.1042],[10.7374,47.0956],[10.7513,47.0929],[10.7579,47.0932],[10.7622,47.0893],[10.7739,47.0871],[10.7783,47.0823],[10.7839,47.0822],[10.7923,47.0712],[10.7921,47.0652],[10.8007,47.059],[10.8006,47.0439],[10.8084,47.0359],[10.8185,47.0322],[10.8216,47.0255],[10.8143,47.0234],[10.8118,47.0141],[10.7977,47.0115],[10.7937,47.0065],[10.7956,47.003],[10.7917,46.9957],[10.7942,46.9865],[10.7985,46.9795],[10.7911,46.9591],[10.7835,46.9543],[10.7825,46.9451],[10.7931,46.9379],[10.7894,46.9326],[10.7919,46.9289],[10.7854,46.9207],[10.786,46.9159],[10.7735,46.9091],[10.7762,46.904],[10.7743,46.894],[10.7767,46.89],[10.7882,46.8882],[10.7939,46.8841],[10.7913,46.8757],[10.792,46.8576],[10.7872,46.8527],[10.7798,46.852],[10.7763,46.8471],[10.7839,46.8378],[10.783,46.8324],[10.7711,46.8237],[10.7639,46.8226]]]},"properties":{"code":"702"}},
{"type":"Feature","geometry":{"type":"Polygon","coordinates":[[[11.0163,47.3963],[11.013,47.3877],[11.0105,47.3688],[10.9929,47.3527],[10.9898,47.3323],[10.9914,47.3221],[10.9957,47.3113],[11.0062,47.3094],[11.0138,47.3124],[11.0199,47.3107],[11.019,47.3046],[11.0268,47.3043],[11.0296,47.2947],[11.0497,47.2979],[11.0586,47.2977],[11.0654,47.2948],[11.0686,47.289],[11.064,47.2752],[11.0712,47.2701],[11.066,47.2591],[11.0694,47.2529],[11.0597,47.2471],[11.0597,47.2405],[11.0648,47.2347],[11.0847,47.2264],[11.0947,47.2251],[11.0898,47.2181],[11.0813,47.2119],[11.0685,47.2096],[11.0583,47.2036],[11.0537,47.2041],[11.0476,47.1976],[11.0386,47.1942],[11.0425,47.1882],[11.043,47.1808],[11.0463,47.1754],[11.0438,47.1683],[11.0479,47.1635],[11.0506,47.1539],[11.0649,47.1415],[11.0598,47.1391],[11.0591,47.1321],[11.0635,47.1138],[11.0704,47.1044],[11.0689,47.1003],[11.0738,47.0964],[11.0767,47.0888],[11.0864,47.0816],[11.1016,47.0654],[11.1048,47.0581],[11.1105,47.0522],[11.1175,47.0509],[11.1188,47.0462],[11.1159,47.0333],[11.1091,47.0235],[11.098,47.0175],[11.0964,46.9997],[11.0916,46.9884],[11.1045,46.9803],[11.1204,46.9781],[11.1363,46.9711],[11.1432,46.9708],[11.1489,46.9638],[11.1643,46.9657],[11.1748,46.9626],[11.1901,46.9705],[11.2031,46.968],[11.2068,46.9625],[11.2206,46.9692],[11.2419,46.9697],[11.2492,46.9742],[11.2567,46.9742],[11.2635,46.9808],[11.2709,46.9797],[11.2849,46.9831],[11.2881,46.986],[11.3017,46.9831],[11.308,46.9841],[11.3205,46.9924],[11.3409,46.9852],[11.3457,46.9906],[11.3587,46.9906],[11.3619,46.9886],[11.3619,46.9887],[11.3659,46.9838],[11.3747,46.9802],[11.3823,46.9706],[11.3928,46.9695],[11.4014,46.965],[11.4175,46.9664],[11.4313,46.9728],[11.4404,46.9752],[11.4464,46.9852],[11.4546,46.9929],[11.4604,46.9915],[11.4699,46.9952],[11.4701,47.0026],[11.4788,47.011],[11.5016,47.0098],[11.5008,47.0073],[11.5126,47.0051],[11.5199,46.9991],[11.5326,46.9917],[11.5376,46.9842],[11.5535,46.9905],[11.5607,46.9904],[11.5814,46.9971],[11.5805,47.0007],[11.5914,47.0057],[11.5995,47.0055],[11.6101,47.0111],[11.6272,47.0133],[11.6281,47.0248],[11.6424,47.027],[11.6472,47.0304],[11.6507,47.0421],[11.6493,47.0467],[11.6585,47.0528],[11.6573,47.0603],[11.6497,47.0739],[11.6435,47.0821],[11.649,47.0897],[11.6415,47.0918],[11.6436,47.0949],[11.6377,47.0981],[11.6342,47.104],[11.6353,47.1194],[11.6385,47.1228],[11.634,47.1274],[11.6327,47.1401],[11.6447,47.1415],[11.6502,47.148],[11.6586,47.1539],[11.6723,47.1602],[11.6701,47.1679],[11.6627,47.1712],[11.6711,47.1799],[11.6701,47.1854],[11.6648,47.1906],[11.6668,47.1977],[11.6845,47.1972],[11.7036,47.205],[11.7052,47.2161],[11.697,47.2292],[11.6981,47.2394],[11.6929,47.2605],[11.6802,47.2661],[11.6718,47.2746],[11.6542,47.2864],[11.6519,47.294],[11.6397,47.3029],[11.632,47.3113],[11.6212,47.3087],[11.613,47.3183],[11.6012,47.3365],[11.5947,47.3403],[11.5991,47.3474],[11.5959,47.3488],[11.578,47.3464],[11.5611,47.3496],[11.542,47.3568],[11.5351,47.3575],[11.5294,47.3541],[11.5166,47.3518],[11.5105,47.354],[11.496,47.3532],[11.5,47.3632],[11.5156,47.3657],[11.5221,47.3808],[11.5141,47.3883],[11.5002,47.3913],[11.482,47.3904],[11.4627,47.402],[11.4507,47.403],[11.4455,47.4089],[11.4379,47.4114],[11.4406,47.4149],[11.4368,47.42],[11.4274,47.4252],[11.4314,47.4285],[11.4357,47.4379],[11.4234,47.4412],[11.4214,47.4449],[11.4155,47.447],[11.4075,47.4458],[11.4011,47.4478],[11.3884,47.4465],[11.3755,47.4492],[11.3711,47.4454],[11.3644,47.4448],[11.3581,47.4486],[11.3518,47.4479],[11.3385,47.4499],[11.331,47.4443],[11.3306,47.4409],[11.3297,47.4381],[11.3212,47.4377],[11.3189,47.434],[11.3188,47.434],[11.3108,47.4302],[11.2996,47.4308],[11.291,47.4271],[11.2911,47.4219],[11.2932,47.4191],[11.293,47.4163],[11.2901,47.4073],[11.2812,47.4006],[11.2727,47.398],[11.2629,47.3994],[11.2328,47.3976],[11.2283,47.3951],[11.2223,47.3973],[11.2306,47.4061],[11.2323,47.4108],[11.2397,47.4157],[11.2404,47.4196],[11.2536,47.4277],[11.249,47.4326],[11.2256,47.4309],[11.2055,47.4339],[11.199,47.4279],[11.1948,47.4274],[11.1774,47.4253],[11.1693,47.4225],[11.1511,47.4192],[11.1354,47.4127],[11.128,47.4122],[11.123,47.4059],[11.123,47.4016],[11.1223,47.3982],[11.1151,47.3955],[11.0996,47.3943],[11.0897,47.3957],[11.0846,47.396],[11.059,47.3954],[11.0491,47.394],[11.0374,47.3965],[11.0281,47.3935],[11.0243,47.3969],[11.0165,47.3964],[11.0163,47.3963]],[[11.4175,47.3485],[11.4176,47.3485],[11.4272,47.3467],[11.4261,47.3206],[11.4072,47.3187],[11.3997,47.3152],[11.4137,47.3031],[11.4162,47.2946],[11.4341,47.2955],[11.4322,47.2933],[11.4493,47.2845],[11.4487,47.2796],[11.444,47.278],[11.4479,47.269],[11.453,47.2674],[11.4549,47.2601],[11.4413,47.2558],[11.4291,47.2522],[11.4319,47.247],[11.4146,47.2485],[11.4096,47.2468],[11.4114,47.2387],[11.4179,47.2392],[11.4192,47.2355],[11.424,47.2351],[11.4273,47.228],[11.4442,47.2206],[11.454,47.213],[11.4474,47.2108],[11.4362,47.2145],[11.4308,47.2132],[11.423,47.2196],[11.42,47.2152],[11.4066,47.2214],[11.404,47.2166],[11.3975,47.2161],[11.3984,47.2127],[11.3902,47.2135],[11.3873,47.2272],[11.3903,47.2318],[11.3886,47.2366],[11.3946,47.238],[11.3931,47.2428],[11.383,47.2468],[11.3603,47.2442],[11.3465,47.2415],[11.3521,47.25],[11.3387,47.2525],[11.3198,47.2652],[11.3052,47.2644],[11.3017,47.2704],[11.3042,47.2783],[11.3023,47.2814],[11.3061,47.2919],[11.3108,47.2962],[11.3237,47.3026],[11.336,47.3136],[11.3324,47.3176],[11.3391,47.322],[11.3335,47.3409],[11.3373,47.3394],[11.3465,47.3526],[11.3573,47.3598],[11.3759,47.355],[11.3831,47.3563],[11.3915,47.351],[11.4073,47.3521],[11.4175,47.3485]]]},"properties":{"code":"703"}},
{"type":"Feature","geometry":{"type":"Polygon","coordinates":[[[12.575,47.6323],[12.5364,47.6365],[12.5123,47.6253],[12.4992,47.6251],[12.4907,47.635],[12.4914,47.6369],[12.4651,47.6497],[12.4532,47.6645],[12.4528,47.6679],[12.441,47.674],[12.4395,47.6797],[12.443,47.6918],[12.4401,47.6952],[12.4291,47.6964],[12.4014,47.6923],[12.3915,47.6892],[12.3636,47.6838],[12.357,47.6904],[12.3447,47.6923],[12.34,47.6904],[12.345,47.6831],[12.3497,47.6719],[12.3547,47.6715],[12.3551,47.6659],[12.3302,47.6577],[12.3287,47.6513],[12.3324,47.6475],[12.3251,47.6406],[12.3322,47.6326],[12.3374,47.6307],[12.3332,47.6276],[12.3286,47.6163],[12.3191,47.6045],[12.3205,47.5955],[12.3242,47.5923],[12.3084,47.5818],[12.3108,47.5776],[12.3081,47.5728],[12.3196,47.5661],[12.3207,47.5538],[12.3247,47.5523],[12.3193,47.5431],[12.3228,47.5387],[12.3186,47.5335],[12.3157,47.5134],[12.3157,47.509],[12.322,47.5025],[12.3161,47.4955],[12.317,47.481],[12.3109,47.475],[12.3011,47.4724],[12.288,47.4762],[12.2728,47.4777],[12.2596,47.4754],[12.2489,47.4784],[12.236,47.4774],[12.2295,47.4729],[12.224,47.4748],[12.2167,47.4683],[12.2041,47.4652],[12.1922,47.469],[12.1905,47.4791],[12.185,47.4823],[12.1663,47.4891],[12.1575,47.491],[12.15,47.483],[12.1307,47.4824],[12.1291,47.4805],[12.1372,47.4764],[12.1342,47.4682],[12.1237,47.4634],[12.1112,47.4638],[12.1051,47.4609],[12.105,47.4554],[12.0945,47.4568],[12.0899,47.4531],[12.0985,47.4477],[12.1034,47.4405],[12.1039,47.4323],[12.0829,47.4312],[12.0676,47.4211],[12.0706,47.4157],[12.0682,47.4103],[12.0745,47.4037],[12.075,47.398],[12.0801,47.3882],[12.085,47.3855],[12.0821,47.3827],[12.0875,47.3715],[12.0797,47.3659],[12.0765,47.3562],[12.0726,47.3538],[12.0626,47.3321],[12.0522,47.3276],[12.0454,47.327],[12.0228,47.3216],[12.0222,47.3108],[12.0131,47.2854],[12.0079,47.2799],[12.0041,47.2715],[12.0183,47.2689],[12.0321,47.2697],[12.0669,47.2788],[12.0786,47.2752],[12.0818,47.2808],[12.0926,47.2847],[12.1036,47.2981],[12.1145,47.3064],[12.1238,47.3022],[12.1301,47.2958],[12.1441,47.2881],[12.1534,47.2928],[12.1569,47.2972],[12.165,47.2987],[12.1695,47.3028],[12.1803,47.3004],[12.1906,47.3013],[12.1954,47.2986],[12.208,47.3021],[12.2154,47.3096],[12.2264,47.313],[12.23,47.312],[12.2317,47.3055],[12.2373,47.3015],[12.2478,47.3031],[12.2547,47.308],[12.2641,47.3022],[12.2736,47.3082],[12.2801,47.3151],[12.2857,47.3177],[12.2956,47.3263],[12.2966,47.3326],[12.3043,47.3304],[12.3169,47.3297],[12.3189,47.3257],[12.3339,47.3275],[12.3422,47.3218],[12.3509,47.3185],[12.3579,47.3184],[12.3748,47.3114],[12.3858,47.3145],[12.3963,47.315],[12.4104,47.3136],[12.4172,47.3208],[12.4417,47.3286],[12.4698,47.3238],[12.4783,47.3264],[12.4873,47.3377],[12.4952,47.3374],[12.4984,47.3447],[12.4862,47.3524],[12.4879,47.3595],[12.479,47.365],[12.4826,47.3779],[12.4959,47.3803],[12.5061,47.3941],[12.5228,47.3906],[12.5426,47.3949],[12.5551,47.3996],[12.5634,47.3991],[12.5645,47.3948],[12.5786,47.3925],[12.5902,47.4005],[12.5926,47.4065],[12.6031,47.4141],[12.6226,47.4186],[12.627,47.4298],[12.6375,47.4366],[12.6378,47.4493],[12.6328,47.4516],[12.6308,47.4593],[12.6323,47.465],[12.6445,47.4682],[12.6652,47.4648],[12.6734,47.4671],[12.6841,47.4743],[12.6996,47.4779],[12.6972,47.4881],[12.687,47.4912],[12.672,47.4997],[12.6693,47.5082],[12.6651,47.5061],[12.661,47.5107],[12.6544,47.5289],[12.6536,47.5364],[12.6448,47.5384],[12.6283,47.5495],[12.6416,47.5545],[12.652,47.5697],[12.6665,47.5786],[12.6522,47.5893],[12.6204,47.5978],[12.608,47.5988],[12.6019,47.6014],[12.5745,47.605],[12.57,47.6163],[12.575,47.6323]]]},"properties":{"code":"704"}},
{"type":"Feature","geometry":{"type":"Polygon","coordinates":[[[12.34,47.6904],[12.3351,47.6926],[12.338,47.697],[12.2775,47.6879],[12.2632,47.6783],[12.2553,47.6795],[12.2461,47.6876],[12.2413,47.6944],[12.2469,47.711],[12.2499,47.712],[12.252,47.7152],[12.265,47.7325],[12.2567,47.743],[12.2497,47.7416],[12.2267,47.7181],[12.2036,47.7074],[12.1977,47.7088],[12.1865,47.7037],[12.1844,47.7007],[12.1625,47.7011],[12.1673,47.6824],[12.1712,47.6769],[12.1815,47.669],[12.1847,47.6602],[12.1997,47.6394],[12.2037,47.623],[12.2083,47.6123],[12.2019,47.6061],[12.1864,47.6048],[12.1773,47.6013],[12.1814,47.6103],[12.179,47.6144],[12.1612,47.6128],[12.1398,47.6053],[12.129,47.6056],[12.1194,47.6101],[12.1096,47.6117],[12.0974,47.61],[12.0824,47.6097],[12.0782,47.6135],[12.0708,47.6147],[12.0642,47.6187],[12.0495,47.6149],[12.0386,47.6176],[12.0299,47.6118],[12.0219,47.6111],[12.0085,47.6252],[11.9995,47.6215],[11.9809,47.6189],[11.9762,47.6132],[11.9672,47.6172],[11.9333,47.6127],[11.9135,47.6138],[11.9055,47.6096],[11.9054,47.6095],[11.8943,47.6084],[11.865,47.6019],[11.858,47.6019],[11.8569,47.602],[11.855,47.6024],[11.8474,47.5824],[11.8295,47.5821],[11.8284,47.5854],[11.817,47.5844],[11.7896,47.5877],[11.7811,47.5912],[11.7751,47.5904],[11.7776,47.5774],[11.7665,47.5744],[11.7611,47.5623],[11.7542,47.5589],[11.7662,47.5573],[11.7744,47.5585],[11.7796,47.5562],[11.7947,47.5567],[11.7984,47.5533],[11.7887,47.5462],[11.8018,47.546],[11.8072,47.5375],[11.8218,47.5368],[11.8328,47.538],[11.8408,47.5289],[11.8434,47.5218],[11.8422,47.5186],[11.8332,47.5175],[11.8317,47.5128],[11.8352,47.5076],[11.8359,47.4927],[11.8282,47.4816],[11.8273,47.471],[11.8187,47.4662],[11.8032,47.4661],[11.7931,47.4575],[11.7805,47.4558],[11.7803,47.4438],[11.7729,47.4354],[11.785,47.4249],[11.796,47.426],[11.8049,47.4192],[11.8192,47.412],[11.8208,47.4045],[11.8173,47.4047],[11.8191,47.4021],[11.838,47.4079],[11.8392,47.3983],[11.85,47.4016],[11.8571,47.3956],[11.8642,47.3936],[11.8744,47.3847],[11.8856,47.3837],[11.8878,47.3804],[11.9081,47.3707],[11.91,47.3633],[11.9229,47.3612],[11.926,47.3489],[11.9244,47.3443],[11.9288,47.3352],[11.9497,47.3293],[11.9727,47.3314],[11.976,47.3368],[11.997,47.3241],[12.0137,47.3214],[12.0228,47.3216],[12.0454,47.327],[12.0522,47.3276],[12.0626,47.3321],[12.0726,47.3538],[12.0765,47.3562],[12.0797,47.3659],[12.0875,47.3715],[12.0821,47.3827],[12.085,47.3855],[12.0801,47.3882],[12.075,47.398],[12.0745,47.4037],[12.0682,47.4103],[12.0706,47.4157],[12.0676,47.4211],[12.0829,47.4312],[12.1039,47.4323],[12.1034,47.4405],[12.0985,47.4477],[12.0899,47.4531],[12.0945,47.4568],[12.105,47.4554],[12.1051,47.4609],[12.1112,47.4638],[12.1237,47.4634],[12.1342,47.4682],[12.1372,47.4764],[12.1291,47.4805],[12.1307,47.4824],[12.15,47.483],[12.1575,47.491],[12.1663,47.4891],[12.185,47.4823],[12.1905,47.4791],[12.1922,47.469],[12.2041,47.4652],[12.2167,47.4683],[12.224,47.4748],[12.2295,47.4729],[12.236,47.4774],[12.2489,47.4784],[12.2596,47.4754],[12.2728,47.4777],[12.288,47.4762],[12.3011,47.4724],[12.3109,47.475],[12.317,47.481],[12.3161,47.4955],[12.322,47.5025],[12.3157,47.509],[12.3157,47.5134],[12.3186,47.5335],[12.3228,47.5387],[12.3193,47.5431],[12.3247,47.5523],[12.3207,47.5538],[12.3196,47.5661],[12.3081,47.5728],[12.3108,47.5776],[12.3084,47.5818],[12.3242,47.5923],[12.3205,47.5955],[12.3191,47.6045],[12.3286,47.6163],[12.3332,47.6276],[12.3374,47.6307],[12.3322,47.6326],[12.3251,47.6406],[12.3324,47.6475],[12.3287,47.6513],[12.3302,47.6577],[12.3551,47.6659],[12.3547,47.6715],[12.3497,47.6719],[12.345,47.6831],[12.34,47.6904]]]},"properties":{"code":"705"}},
{"type":"Feature","geometry":{"type":"Polygon","coordinates":[[[10.5653,47.2478],[10.5551,47.2491],[10.5489,47.2353],[10.5443,47.2336],[10.5322,47.2384],[10.5136,47.234],[10.5031,47.2367],[10.497,47.2358],[10.4792,47.245],[10.4642,47.2392],[10.4532,47.2367],[10.4488,47.2326],[10.4528,47.2307],[10.4473,47.2253],[10.4436,47.228],[10.4368,47.2219],[10.4448,47.2143],[10.4288,47.2006],[10.422,47.1887],[10.4136,47.1777],[10.3956,47.1738],[10.3794,47.1819],[10.3681,47.1848],[10.3554,47.174],[10.3382,47.1755],[10.3154,47.1723],[10.3121,47.1745],[10.3,47.1721],[10.2931,47.164],[10.2773,47.1598],[10.2625,47.1576],[10.2519,47.1576],[10.248,47.1553],[10.2389,47.1559],[10.2256,47.1527],[10.213,47.1576],[10.222,47.15],[10.2147,47.1437],[10.2034,47.1425],[10.2036,47.137],[10.2102,47.1334],[10.2068,47.1309],[10.1957,47.1311],[10.1863,47.129],[10.1865,47.1196],[10.1728,47.1203],[10.163,47.1136],[10.1583,47.1148],[10.1545,47.1059],[10.1449,47.0969],[10.1408,47.0881],[10.1328,47.0815],[10.1346,47.0639],[10.1452,47.0608],[10.1509,47.0618],[10.1569,47.0491],[10.1553,47.0437],[10.1442,47.0336],[10.124,47.0238],[10.1311,47.013],[10.1544,47.0054],[10.1596,46.9989],[10.1543,46.9921],[10.1598,46.9838],[10.1505,46.982],[10.1448,46.9834],[10.143,46.976],[10.1372,46.9724],[10.1349,46.9659],[10.135,46.9553],[10.1266,46.9433],[10.1207,46.9379],[10.1119,46.9367],[10.106,46.9293],[10.0982,46.9274],[10.0996,46.917],[10.1089,46.9084],[10.1088,46.8951],[10.1173,46.8853],[10.1307,46.8773],[10.1411,46.8751],[10.1388,46.8677],[10.145,46.851],[10.1501,46.8509],[10.1559,46.8479],[10.1718,46.8537],[10.1818,46.8555],[10.1857,46.8607],[10.1949,46.8665],[10.2092,46.8648],[10.2193,46.8673],[10.232,46.8667],[10.232,46.8756],[10.2345,46.88],[10.2348,46.8849],[10.2347,46.8849],[10.2268,46.8936],[10.2262,46.8967],[10.2338,46.9024],[10.2372,46.9159],[10.2422,46.9194],[10.2406,46.9313],[10.2669,46.9288],[10.2899,46.9229],[10.2969,46.92],[10.3008,46.9247],[10.316,46.9252],[10.3172,46.931],[10.3073,46.9383],[10.3094,46.9502],[10.3257,46.9526],[10.3296,46.9585],[10.3296,46.9645],[10.3345,46.9725],[10.3446,46.9827],[10.3465,46.9896],[10.355,46.9924],[10.3721,46.9907],[10.38,46.9964],[10.3893,47.0005],[10.3988,46.9968],[10.4022,46.9909],[10.4125,46.9827],[10.4234,46.9784],[10.4273,46.9745],[10.4221,46.9602],[10.4293,46.956],[10.4344,46.9564],[10.469,46.947],[10.4762,46.941],[10.4893,46.9378],[10.4855,46.9299],[10.4883,46.9263],[10.4862,46.9155],[10.4787,46.9108],[10.4753,46.9013],[10.4751,46.8943],[10.4647,46.8843],[10.4692,46.8811],[10.4713,46.873],[10.468,46.8621],[10.4697,46.8549],[10.481,46.8587],[10.4941,46.849],[10.521,46.8454],[10.5311,46.8476],[10.5524,46.8501],[10.5564,46.8469],[10.5499,46.8399],[10.5703,46.8423],[10.5783,46.8482],[10.5902,46.8503],[10.5955,46.8573],[10.6054,46.8577],[10.6244,46.8645],[10.6492,46.8655],[10.656,46.8681],[10.6626,46.8743],[10.6674,46.8755],[10.6716,46.8706],[10.6904,46.8677],[10.6969,46.8625],[10.693,46.8529],[10.7055,46.8468],[10.7167,46.8471],[10.7161,46.8429],[10.7224,46.8378],[10.7319,46.838],[10.7368,46.8344],[10.7545,46.8332],[10.7639,46.8226],[10.7711,46.8237],[10.783,46.8324],[10.7839,46.8378],[10.7763,46.8471],[10.7798,46.852],[10.7872,46.8527],[10.792,46.8576],[10.7913,46.8757],[10.7939,46.8841],[10.7882,46.8882],[10.7767,46.89],[10.7743,46.894],[10.7762,46.904],[10.7735,46.9091],[10.786,46.9159],[10.7854,46.9207],[10.7919,46.9289],[10.7894,46.9326],[10.7931,46.9379],[10.7825,46.9451],[10.7835,46.9543],[10.7911,46.9591],[10.7985,46.9795],[10.7942,46.9865],[10.7917,46.9957],[10.7956,47.003],[10.7937,47.0065],[10.7977,47.0115],[10.8118,47.0141],[10.8143,47.0234],[10.8216,47.0255],[10.8185,47.0322],[10.8084,47.0359],[10.8006,47.0439],[10.8007,47.059],[10.7921,47.0652],[10.7923,47.0712],[10.7839,47.0822],[10.7783,47.0823],[10.7739,47.0871],[10.7622,47.0893],[10.7579,47.0932],[10.7513,47.0929],[10.7374,47.0956],[10.7316,47.1042],[10.7138,47.1196],[10.7109,47.1245],[10.7029,47.1227],[10.693,47.1316],[10.7028,47.1354],[10.7088,47.1424],[10.6982,47.1413],[10.6848,47.1462],[10.6731,47.156],[10.6786,47.167],[10.6828,47.1713],[10.6809,47.1913],[10.6769,47.1994],[10.6793,47.2026],[10.6726,47.2036],[10.6668,47.2116],[10.668,47.2169],[10.6639,47.227],[10.6507,47.2321],[10.6448,47.2318],[10.6368,47.2379],[10.6336,47.2452],[10.6261,47.2498],[10.6194,47.2509],[10.6088,47.246],[10.6071,47.2372],[10.6023,47.2337],[10.5803,47.2369],[10.572,47.2445],[10.5653,47.2478]]]},"properties":{"code":"706"}},
{"type":"Feature","geometry":{"type":"Polygon","coordinates":[[[12.8412,46.7493],[12.8568,46.7602],[12.8767,46.7626],[12.8994,46.7769],[12.9105,46.7723],[12.9163,46.7671],[12.9314,46.764],[12.9458,46.7709],[12.9467,46.7765],[12.953,46.782],[12.9658,46.7877],[12.9635,46.7987],[12.956,46.8],[12.9341,46.8112],[12.9244,46.8143],[12.9141,46.8214],[12.8979,46.8245],[12.892,46.8297],[12.8939,46.8322],[12.8865,46.8425],[12.8766,46.8445],[12.8718,46.8485],[12.8412,46.861],[12.8436,46.8734],[12.8413,46.8899],[12.832,46.8998],[12.8384,46.9099],[12.8371,46.9125],[12.812,46.9229],[12.7993,46.9234],[12.7829,46.9319],[12.7864,46.9396],[12.7802,46.9401],[12.7696,46.9448],[12.7596,46.9566],[12.7505,46.9567],[12.7446,46.9605],[12.744,46.9675],[12.7363,46.9829],[12.7259,46.9924],[12.7246,46.9958],[12.7375,47.0039],[12.7358,47.013],[12.7423,47.0145],[12.7478,47.0211],[12.7549,47.0249],[12.7561,47.0335],[12.7723,47.0402],[12.7659,47.0444],[12.7579,47.0458],[12.7427,47.0418],[12.717,47.0435],[12.7105,47.0484],[12.7013,47.0706],[12.6809,47.084],[12.6744,47.091],[12.6686,47.0914],[12.6568,47.0995],[12.6419,47.1036],[12.6289,47.1156],[12.6166,47.1215],[12.5974,47.1253],[12.5922,47.1249],[12.5876,47.1321],[12.5789,47.1318],[12.5664,47.136],[12.5528,47.1276],[12.5452,47.1289],[12.5279,47.1376],[12.5257,47.1456],[12.5216,47.1506],[12.5121,47.1516],[12.4982,47.1564],[12.4835,47.1578],[12.4817,47.1514],[12.4656,47.1444],[12.451,47.1437],[12.4347,47.1505],[12.4243,47.1438],[12.4129,47.1434],[12.3995,47.1528],[12.3633,47.1414],[12.3587,47.1168],[12.3456,47.1093],[12.3254,47.1074],[12.3131,47.1029],[12.3086,47.0931],[12.2838,47.0926],[12.2615,47.0727],[12.2408,47.0692],[12.2369,47.0652],[12.2166,47.0587],[12.2166,47.045],[12.205,47.0277],[12.1796,47.0253],[12.1644,47.0189],[12.1474,47.0249],[12.1395,47.0188],[12.1262,47.0132],[12.1213,47.0069],[12.1305,46.9932],[12.1281,46.985],[12.1378,46.9829],[12.1356,46.9727],[12.1366,46.9654],[12.1319,46.9644],[12.138,46.9565],[12.1578,46.9508],[12.1684,46.9383],[12.1678,46.9332],[12.1611,46.9295],[12.153,46.9173],[12.1438,46.9138],[12.1626,46.9069],[12.17,46.9101],[12.1768,46.9067],[12.1904,46.9061],[12.1911,46.9028],[12.1996,46.8961],[12.1969,46.8929],[12.1998,46.8873],[12.2184,46.8738],[12.2226,46.8799],[12.2279,46.8786],[12.2335,46.8828],[12.2359,46.8882],[12.245,46.8888],[12.2605,46.8866],[12.2662,46.8874],[12.274,46.8841],[12.2782,46.8792],[12.2759,46.8727],[12.2868,46.868],[12.2906,46.8588],[12.292,46.8498],[12.2968,46.8476],[12.296,46.8435],[12.3068,46.8412],[12.306,46.8333],[12.2955,46.8263],[12.283,46.8149],[12.2923,46.8026],[12.2877,46.8006],[12.2868,46.7944],[12.2804,46.7898],[12.285,46.7827],[12.2975,46.7844],[12.3014,46.7827],[12.309,46.785],[12.3265,46.7817],[12.3426,46.7761],[12.3514,46.777],[12.3574,46.775],[12.3595,46.7649],[12.366,46.7541],[12.3692,46.7404],[12.3758,46.7324],[12.3776,46.7223],[12.3841,46.7163],[12.3989,46.7104],[12.4138,46.7008],[12.4276,46.6989],[12.4277,46.6956],[12.443,46.6884],[12.4462,46.6902],[12.4631,46.6865],[12.4726,46.6868],[12.4755,46.686],[12.4799,46.6773],[12.4958,46.6769],[12.5018,46.6806],[12.5061,46.6778],[12.5165,46.6785],[12.5287,46.6738],[12.5287,46.6701],[12.5364,46.6675],[12.5472,46.6592],[12.5586,46.6575],[12.5598,46.6532],[12.5671,46.6515],[12.5784,46.6568],[12.6036,46.6561],[12.6191,46.6619],[12.631,46.6614],[12.6336,46.655],[12.6417,46.652],[12.6539,46.6556],[12.6577,46.6572],[12.6736,46.6575],[12.6818,46.6559],[12.6906,46.657],[12.6901,46.6749],[12.6837,46.68],[12.6878,46.6805],[12.6867,46.6862],[12.6924,46.6891],[12.6925,46.7017],[12.6963,46.7044],[12.7112,46.705],[12.7215,46.703],[12.713,46.7123],[12.7097,46.7133],[12.7101,46.7199],[12.7144,46.731],[12.7119,46.7357],[12.725,46.7434],[12.7384,46.741],[12.7482,46.7475],[12.7571,46.7503],[12.7665,46.7495],[12.777,46.7521],[12.7871,46.7522],[12.8016,46.7567],[12.8126,46.7553],[12.8137,46.749],[12.8263,46.7519],[12.8332,46.7483],[12.8412,46.7493]]]},"properties":{"code":"707"}},
{"type":"Feature","geometry":{"type":"MultiPolygon","coordinates":[[[[10.9912,47.3961],[10.9808,47.397],[10.976,47.3983],[10.9705,47.4001],[10.9707,47.4156],[10.9718,47.4173],[10.9844,47.4207],[10.9836,47.43],[10.9729,47.4379],[10.9512,47.4563],[10.9413,47.4614],[10.9281,47.4719],[10.9385,47.48],[10.935,47.4825],[10.9254,47.4825],[10.9123,47.4853],[10.896,47.4834],[10.8861,47.4797],[10.8712,47.4817],[10.8695,47.488],[10.8713,47.4992],[10.8771,47.5032],[10.8908,47.5076],[10.8978,47.5081],[10.918,47.5136],[10.9162,47.519],[10.9054,47.5175],[10.8937,47.5292],[10.8904,47.5373],[10.8669,47.5357],[10.8531,47.5334],[10.84,47.5277],[10.8281,47.5285],[10.813,47.5264],[10.8126,47.52],[10.7954,47.5212],[10.7862,47.5171],[10.7775,47.5139],[10.7637,47.5196],[10.7639,47.528],[10.7585,47.5345],[10.7413,47.5383],[10.7182,47.5384],[10.709,47.5437],[10.6946,47.5448],[10.6903,47.5554],[10.691,47.5588],[10.678,47.5562],[10.6768,47.559],[10.6348,47.559],[10.6259,47.5613],[10.6191,47.5669],[10.608,47.5658],[10.598,47.5697],[10.59,47.5599],[10.5803,47.5557],[10.5824,47.5499],[10.573,47.5338],[10.5706,47.5338],[10.5657,47.5339],[10.5656,47.5339],[10.559,47.5371],[10.5366,47.5366],[10.5242,47.5352],[10.4889,47.5404],[10.4724,47.5511],[10.4605,47.5526],[10.4545,47.5558],[10.4388,47.5235],[10.4422,47.5188],[10.4406,47.5136],[10.4313,47.5038],[10.4375,47.4912],[10.4452,47.4841],[10.4514,47.4857],[10.4638,47.4828],[10.4679,47.4714],[10.47,47.4686],[10.4657,47.4635],[10.4677,47.4604],[10.4674,47.4563],[10.4659,47.4532],[10.4689,47.4493],[10.469,47.4492],[10.4691,47.4491],[10.474,47.436],[10.4751,47.4344],[10.4752,47.434],[10.4593,47.4282],[10.4562,47.4193],[10.4465,47.4147],[10.4386,47.4135],[10.4375,47.4068],[10.4314,47.4027],[10.4343,47.4],[10.4334,47.3992],[10.4293,47.391],[10.4368,47.3804],[10.4312,47.3838],[10.4198,47.3847],[10.4112,47.3778],[10.4005,47.3776],[10.3934,47.3746],[10.3891,47.3671],[10.388,47.3659],[10.3861,47.363],[10.3862,47.3563],[10.3775,47.3525],[10.3709,47.3453],[10.3569,47.337],[10.3567,47.3334],[10.3455,47.3199],[10.3473,47.3159],[10.3467,47.3154],[10.3304,47.3048],[10.3215,47.3063],[10.315,47.3065],[10.3015,47.2987],[10.2956,47.2999],[10.2923,47.2944],[10.2817,47.2877],[10.2661,47.288],[10.2596,47.2814],[10.242,47.2778],[10.2383,47.2719],[10.2324,47.2705],[10.2225,47.2758],[10.2077,47.2753],[10.2013,47.2769],[10.195,47.2731],[10.1784,47.2701],[10.1743,47.2639],[10.1832,47.2613],[10.192,47.2612],[10.1965,47.2577],[10.2059,47.2573],[10.2221,47.2536],[10.2236,47.25],[10.2111,47.2481],[10.1978,47.2366],[10.2075,47.2318],[10.2084,47.2262],[10.2138,47.2142],[10.2127,47.2042],[10.2013,47.1956],[10.1969,47.1944],[10.1998,47.1818],[10.2112,47.1715],[10.2077,47.1641],[10.2081,47.159],[10.213,47.1576],[10.2256,47.1527],[10.2389,47.1559],[10.248,47.1553],[10.2519,47.1576],[10.2625,47.1576],[10.2773,47.1598],[10.2931,47.164],[10.3,47.1721],[10.3121,47.1745],[10.3154,47.1723],[10.3382,47.1755],[10.3554,47.174],[10.3681,47.1848],[10.3794,47.1819],[10.3956,47.1738],[10.4136,47.1777],[10.422,47.1887],[10.4288,47.2006],[10.4448,47.2143],[10.4368,47.2219],[10.4436,47.228],[10.4473,47.2253],[10.4528,47.2307],[10.4488,47.2326],[10.4532,47.2367],[10.4642,47.2392],[10.4792,47.245],[10.497,47.2358],[10.5031,47.2367],[10.5136,47.234],[10.5322,47.2384],[10.5443,47.2336],[10.5489,47.2353],[10.5551,47.2491],[10.5653,47.2478],[10.5685,47.2494],[10.5665,47.2606],[10.5697,47.2628],[10.5689,47.2775],[10.5604,47.2824],[10.5527,47.2825],[10.5479,47.2892],[10.5419,47.2901],[10.5413,47.2964],[10.5545,47.3002],[10.5687,47.2938],[10.5782,47.2868],[10.5875,47.2839],[10.5953,47.2777],[10.5973,47.2731],[10.6253,47.2733],[10.6517,47.2675],[10.656,47.2751],[10.6563,47.2905],[10.6515,47.295],[10.634,47.2934],[10.6325,47.3068],[10.6291,47.3113],[10.6121,47.3093],[10.6149,47.3137],[10.6076,47.3232],[10.6096,47.3284],[10.6172,47.3305],[10.6385,47.3301],[10.6419,47.323],[10.6518,47.324],[10.6605,47.3334],[10.6746,47.3409],[10.6873,47.3366],[10.6945,47.3403],[10.6939,47.3471],[10.7024,47.3513],[10.7012,47.3596],[10.7065,47.3618],[10.7105,47.3586],[10.722,47.3576],[10.7309,47.3601],[10.73,47.3571],[10.7387,47.356],[10.7459,47.3584],[10.7585,47.3593],[10.7641,47.3618],[10.7608,47.3677],[10.7722,47.3721],[10.7692,47.3748],[10.7733,47.3821],[10.7872,47.3814],[10.8041,47.3854],[10.8198,47.3855],[10.825,47.3736],[10.8207,47.37],[10.8327,47.363],[10.8398,47.3567],[10.8576,47.3463],[10.8574,47.3416],[10.8623,47.3369],[10.8725,47.3373],[10.8826,47.3403],[10.902,47.3519],[10.9128,47.3514],[10.9219,47.3682],[10.9497,47.3661],[10.9702,47.366],[10.987,47.3612],[10.9857,47.3688],[10.9884,47.3866],[10.9864,47.3908],[10.9912,47.3961]]],[[[10.4508,47.5551],[10.4545,47.5558],[10.4672,47.5678],[10.4734,47.5711],[10.4707,47.5797],[10.4791,47.5806],[10.482,47.5845],[10.4715,47.5869],[10.4569,47.5828],[10.4369,47.5842],[10.4354,47.5795],[10.4291,47.5777],[10.4356,47.5678],[10.4453,47.5671],[10.4508,47.5551]]]]},"properties":{"code":"708"}},
{"type":"Feature","geometry":{"type":"Polygon","coordinates":[[[12.0786,47.2752],[12.0669,47.2788],[12.0321,47.2697],[12.0183,47.2689],[12.0041,47.2715],[12.0079,47.2799],[12.0131,47.2854],[12.0222,47.3108],[12.0228,47.3216],[12.0137,47.3214],[11.997,47.3241],[11.976,47.3368],[11.9727,47.3314],[11.9497,47.3293],[11.9288,47.3352],[11.9244,47.3443],[11.926,47.3489],[11.9229,47.3612],[11.91,47.3633],[11.9081,47.3707],[11.8878,47.3804],[11.8856,47.3837],[11.8744,47.3847],[11.8642,47.3936],[11.8571,47.3956],[11.85,47.4016],[11.8392,47.3983],[11.838,47.4079],[11.8191,47.4021],[11.8173,47.4047],[11.8208,47.4045],[11.8192,47.412],[11.8049,47.4192],[11.796,47.426],[11.785,47.4249],[11.7729,47.4354],[11.7803,47.4438],[11.7805,47.4558],[11.7931,47.4575],[11.8032,47.4661],[11.8187,47.4662],[11.8273,47.471],[11.8282,47.4816],[11.8359,47.4927],[11.8352,47.5076],[11.8317,47.5128],[11.8332,47.5175],[11.8422,47.5186],[11.8434,47.5218],[11.8408,47.5289],[11.8328,47.538],[11.8218,47.5368],[11.8072,47.5375],[11.8018,47.546],[11.7887,47.5462],[11.7984,47.5533],[11.7947,47.5567],[11.7796,47.5562],[11.7744,47.5585],[11.7662,47.5573],[11.7542,47.5589],[11.7611,47.5623],[11.7665,47.5744],[11.7776,47.5774],[11.7751,47.5904],[11.7447,47.5878],[11.7244,47.5891],[11.7002,47.589],[11.6813,47.5838],[11.6703,47.5853],[11.6582,47.5841],[11.649,47.5903],[11.6421,47.5923],[11.6363,47.5946],[11.6324,47.5916],[11.631,47.5846],[11.6344,47.582],[11.634,47.5812],[11.6182,47.5841],[11.613,47.5798],[11.6049,47.5798],[11.5999,47.5664],[11.5915,47.5607],[11.5869,47.5548],[11.5897,47.5517],[11.5858,47.5456],[11.5881,47.5255],[11.5773,47.5202],[11.5724,47.5145],[11.5518,47.5134],[11.5397,47.5095],[11.5259,47.5093],[11.5186,47.511],[11.5057,47.5047],[11.4954,47.5074],[11.4877,47.509],[11.4559,47.509],[11.4493,47.5072],[11.4421,47.5177],[11.4168,47.5024],[11.4049,47.4889],[11.3912,47.4824],[11.385,47.4715],[11.3898,47.467],[11.3977,47.4669],[11.403,47.4672],[11.4094,47.4667],[11.4118,47.4562],[11.4214,47.4449],[11.4234,47.4412],[11.4357,47.4379],[11.4314,47.4285],[11.4274,47.4252],[11.4368,47.42],[11.4406,47.4149],[11.4379,47.4114],[11.4455,47.4089],[11.4507,47.403],[11.4627,47.402],[11.482,47.3904],[11.5002,47.3913],[11.5141,47.3883],[11.5221,47.3808],[11.5156,47.3657],[11.5,47.3632],[11.496,47.3532],[11.5105,47.354],[11.5166,47.3518],[11.5294,47.3541],[11.5351,47.3575],[11.542,47.3568],[11.5611,47.3496],[11.578,47.3464],[11.5959,47.3488],[11.5991,47.3474],[11.5947,47.3403],[11.6012,47.3365],[11.613,47.3183],[11.6212,47.3087],[11.632,47.3113],[11.6397,47.3029],[11.6519,47.294],[11.6542,47.2864],[11.6718,47.2746],[11.6802,47.2661],[11.6929,47.2605],[11.6981,47.2394],[11.697,47.2292],[11.7052,47.2161],[11.7036,47.205],[11.6845,47.1972],[11.6668,47.1977],[11.6648,47.1906],[11.6701,47.1854],[11.6711,47.1799],[11.6627,47.1712],[11.6701,47.1679],[11.6723,47.1602],[11.6586,47.1539],[11.6502,47.148],[11.6447,47.1415],[11.6327,47.1401],[11.634,47.1274],[11.6385,47.1228],[11.6353,47.1194],[11.6342,47.104],[11.6377,47.0981],[11.6436,47.0949],[11.6415,47.0918],[11.649,47.0897],[11.6435,47.0821],[11.6497,47.0739],[11.6573,47.0603],[11.6585,47.0528],[11.6493,47.0467],[11.6507,47.0421],[11.6472,47.0304],[11.6424,47.027],[11.6281,47.0248],[11.6272,47.0133],[11.6348,47.0032],[11.6612,46.9946],[11.6647,46.9917],[11.6878,46.9951],[11.6999,46.9926],[11.7116,46.9932],[11.7172,46.9851],[11.724,46.9802],[11.7278,46.9723],[11.7471,46.9689],[11.7521,46.9717],[11.7643,46.9727],[11.772,46.9844],[11.7847,46.9919],[11.7894,46.9901],[11.8041,46.9917],[11.8157,46.9899],[11.8274,46.9932],[11.8369,46.9934],[11.845,47.0017],[11.8523,47.0001],[11.8605,47.0081],[11.8698,47.0119],[11.874,47.0101],[11.8801,47.0162],[11.8927,47.0164],[11.8951,47.0204],[11.9143,47.0286],[11.9155,47.0324],[11.933,47.0376],[11.9381,47.0371],[11.9471,47.0334],[11.9566,47.0434],[11.9685,47.0405],[11.9737,47.0474],[11.9789,47.05],[11.9853,47.0471],[11.9944,47.0495],[12.0206,47.0471],[12.031,47.0506],[12.0358,47.0584],[12.0445,47.0615],[12.0562,47.0611],[12.0593,47.0586],[12.0766,47.0595],[12.0798,47.0669],[12.0997,47.0783],[12.1189,47.0732],[12.136,47.0807],[12.1252,47.0926],[12.1295,47.1043],[12.1249,47.1135],[12.1146,47.1217],[12.1145,47.1312],[12.1107,47.1397],[12.0944,47.1452],[12.0919,47.1673],[12.0871,47.1687],[12.0894,47.1756],[12.0835,47.1863],[12.0819,47.1944],[12.0874,47.199],[12.0901,47.2071],[12.0862,47.2154],[12.0935,47.2202],[12.1023,47.2362],[12.1109,47.2428],[12.1008,47.2582],[12.0913,47.2597],[12.0769,47.2681],[12.0786,47.2752]]]},"properties":{"code":"709"}},
{"type":"Feature","geometry":{"type":"MultiPolygon","coordinates":[[[[10.213,47.1576],[10.2081,47.159],[10.2077,47.1641],[10.2112,47.1715],[10.1998,47.1818],[10.1969,47.1944],[10.2013,47.1956],[10.2127,47.2042],[10.2138,47.2142],[10.2084,47.2262],[10.2075,47.2318],[10.1978,47.2366],[10.1943,47.2426],[10.1649,47.2471],[10.1575,47.2514],[10.147,47.2473],[10.1374,47.2517],[10.1287,47.2478],[10.1253,47.243],[10.1238,47.2405],[10.1072,47.2388],[10.1009,47.2266],[10.0858,47.2264],[10.0637,47.232],[10.0705,47.2383],[10.0708,47.2464],[10.0615,47.2479],[10.0584,47.246],[10.0453,47.2473],[10.0381,47.2554],[10.0196,47.2679],[10.005,47.2739],[9.9946,47.269],[9.9787,47.2669],[9.9712,47.2681],[9.9716,47.274],[9.9504,47.2774],[9.9459,47.28],[9.9433,47.2909],[9.9372,47.2945],[9.9186,47.2836],[9.9128,47.2842],[9.8951,47.2781],[9.887,47.2786],[9.8666,47.2758],[9.8551,47.2753],[9.8499,47.2682],[9.8424,47.2625],[9.8316,47.2609],[9.8272,47.2532],[9.8148,47.2622],[9.8044,47.2629],[9.7976,47.2628],[9.7908,47.2589],[9.7814,47.2575],[9.7863,47.2518],[9.7988,47.2463],[9.7882,47.2403],[9.7791,47.2409],[9.7653,47.2341],[9.7566,47.2369],[9.7521,47.2293],[9.7501,47.2188],[9.7536,47.2128],[9.7465,47.2113],[9.7458,47.2079],[9.7339,47.2052],[9.7246,47.2069],[9.7119,47.1993],[9.7081,47.1948],[9.696,47.1961],[9.6796,47.2002],[9.6705,47.205],[9.6569,47.2162],[9.6466,47.2135],[9.6404,47.2149],[9.6382,47.2113],[9.6383,47.2111],[9.6382,47.2111],[9.6331,47.1972],[9.6286,47.1911],[9.6324,47.182],[9.6261,47.1786],[9.6208,47.1703],[9.6246,47.1625],[9.6197,47.1552],[9.6206,47.1516],[9.6259,47.1459],[9.6226,47.1412],[9.6247,47.1326],[9.6339,47.128],[9.6334,47.1259],[9.6252,47.1189],[9.6227,47.1122],[9.6209,47.1105],[9.6344,47.1011],[9.6357,47.0962],[9.6336,47.0834],[9.6235,47.0825],[9.6187,47.0781],[9.6113,47.077],[9.6134,47.0714],[9.6106,47.0577],[9.6172,47.0536],[9.626,47.0514],[9.6369,47.0518],[9.6434,47.0576],[9.6459,47.0596],[9.6617,47.0589],[9.6819,47.0621],[9.6838,47.0579],[9.6851,47.0573],[9.6976,47.0524],[9.7071,47.0538],[9.7069,47.0508],[9.7066,47.0488],[9.7177,47.0436],[9.7178,47.0436],[9.7317,47.0435],[9.7452,47.0412],[9.7475,47.0371],[9.7673,47.0388],[9.7844,47.0386],[9.7954,47.0308],[9.7954,47.0305],[9.7959,47.0302],[9.8016,47.0289],[9.8079,47.0237],[9.8082,47.0237],[9.8243,47.0191],[9.8336,47.0145],[9.8339,47.0142],[9.8341,47.0141],[9.8356,47.0133],[9.8528,47.0164],[9.8598,47.0232],[9.8763,47.0212],[9.8804,47.0172],[9.8765,47.0153],[9.8712,47.0131],[9.8733,47.0064],[9.8888,47.0007],[9.892,46.989],[9.8849,46.9855],[9.8846,46.9809],[9.8747,46.9717],[9.8755,46.9673],[9.8713,46.9631],[9.878,46.9578],[9.8782,46.9552],[9.8749,46.9504],[9.8788,46.935],[9.8945,46.9316],[9.908,46.9249],[9.9124,46.9261],[9.9228,46.9183],[9.9366,46.9135],[9.9462,46.9124],[9.9591,46.916],[9.9632,46.9124],[9.978,46.9159],[9.9824,46.9063],[9.9902,46.9024],[10.0058,46.8989],[10.0179,46.9016],[10.0265,46.8958],[10.0322,46.888],[10.039,46.8861],[10.0425,46.8804],[10.0526,46.8758],[10.0509,46.8644],[10.0608,46.8607],[10.075,46.862],[10.0875,46.8612],[10.0926,46.8582],[10.0925,46.8513],[10.1052,46.8409],[10.1193,46.8442],[10.123,46.8485],[10.1326,46.8476],[10.1402,46.8475],[10.145,46.851],[10.1388,46.8677],[10.1411,46.8751],[10.1307,46.8773],[10.1173,46.8853],[10.1088,46.8951],[10.1089,46.9084],[10.0996,46.917],[10.0982,46.9274],[10.106,46.9293],[10.1119,46.9367],[10.1207,46.9379],[10.1266,46.9433],[10.135,46.9553],[10.1349,46.9659],[10.1372,46.9724],[10.143,46.976],[10.1448,46.9834],[10.1505,46.982],[10.1598,46.9838],[10.1543,46.9921],[10.1596,46.9989],[10.1544,47.0054],[10.1311,47.013],[10.124,47.0238],[10.1442,47.0336],[10.1553,47.0437],[10.1569,47.0491],[10.1509,47.0618],[10.1452,47.0608],[10.1346,47.0639],[10.1328,47.0815],[10.1408,47.0881],[10.1449,47.0969],[10.1545,47.1059],[10.1583,47.1148],[10.163,47.1136],[10.1728,47.1203],[10.1865,47.1196],[10.1863,47.129],[10.1957,47.1311],[10.2068,47.1309],[10.2102,47.1334],[10.2036,47.137],[10.2034,47.1425],[10.2147,47.1437],[10.222,47.15],[10.213,47.1576]],[[9.648,47.2022],[9.6516,47.206],[9.6533,47.2061],[9.6608,47.2036],[9.6629,47.194],[9.6502,47.1928],[9.6447,47.1977],[9.648,47.2022]]],[[[9.6382,47.2111],[9.6382,47.2113],[9.638,47.2117],[9.6382,47.2111]]]]},"properties":{"code":"801"}},
{"type":"Feature","geometry":{"type":"Polygon","coordinates":[[[10.1784,47.2701],[10.1741,47.2703],[10.1721,47.2791],[10.176,47.2821],[10.1749,47.2894],[10.1818,47.2961],[10.1897,47.294],[10.2027,47.3003],[10.2084,47.3045],[10.2107,47.3063],[10.216,47.3111],[10.211,47.3192],[10.1995,47.3265],[10.2076,47.3326],[10.2043,47.3368],[10.2176,47.3505],[10.2168,47.3541],[10.2246,47.3588],[10.231,47.3684],[10.237,47.3737],[10.2317,47.379],[10.2361,47.3817],[10.2269,47.3888],[10.2125,47.3804],[10.2002,47.3833],[10.1972,47.3862],[10.1951,47.3894],[10.1819,47.3924],[10.1827,47.388],[10.1766,47.3853],[10.1694,47.3858],[10.1696,47.3713],[10.1659,47.3689],[10.1499,47.3671],[10.138,47.3679],[10.1194,47.3756],[10.0999,47.3548],[10.0829,47.3942],[10.0861,47.3997],[10.0692,47.4098],[10.0747,47.4149],[10.0859,47.4146],[10.0938,47.4169],[10.0958,47.4221],[10.1056,47.4287],[10.0938,47.4406],[10.0947,47.4515],[10.0896,47.4604],[10.081,47.4554],[10.07,47.4559],[10.0693,47.4589],[10.0648,47.4636],[10.0541,47.4663],[10.0517,47.4702],[10.0542,47.4759],[10.0453,47.4849],[10.0387,47.489],[10.0279,47.4853],[10.0121,47.4822],[10.0008,47.4821],[9.9951,47.4863],[9.9875,47.4985],[9.9957,47.5028],[9.985,47.5107],[9.966,47.5202],[9.9684,47.5278],[9.9653,47.5301],[9.9661,47.5444],[9.9648,47.5443],[9.9607,47.5372],[9.9593,47.5345],[9.9411,47.5382],[9.9365,47.5341],[9.9245,47.5304],[9.9168,47.531],[9.9133,47.5329],[9.9127,47.5346],[9.9122,47.5353],[9.9085,47.5407],[9.8994,47.5448],[9.889,47.5441],[9.8803,47.5479],[9.8764,47.545],[9.8781,47.5387],[9.8745,47.5286],[9.8635,47.5336],[9.8591,47.5336],[9.8534,47.5401],[9.83,47.5443],[9.8244,47.5474],[9.816,47.5475],[9.8171,47.5533],[9.8257,47.5592],[9.8236,47.565],[9.8219,47.5685],[9.8273,47.58],[9.8246,47.5862],[9.8143,47.588],[9.8026,47.5959],[9.7955,47.5937],[9.7768,47.5954],[9.7694,47.5874],[9.7665,47.5893],[9.7619,47.5809],[9.7566,47.5799],[9.7565,47.5728],[9.748,47.5703],[9.7521,47.5674],[9.7434,47.5588],[9.7351,47.5456],[9.7358,47.5342],[9.7283,47.5335],[9.5619,47.5046],[9.5643,47.4934],[9.5812,47.4838],[9.5933,47.4653],[9.597,47.4623],[9.6049,47.4636],[9.6073,47.4704],[9.6121,47.469],[9.6208,47.4583],[9.625,47.4568],[9.6443,47.4559],[9.6554,47.4541],[9.6595,47.4514],[9.6816,47.4629],[9.6819,47.4584],[9.6898,47.4528],[9.7015,47.4473],[9.711,47.4496],[9.7253,47.4489],[9.7351,47.4438],[9.7536,47.438],[9.7537,47.438],[9.7619,47.4369],[9.7676,47.4421],[9.7829,47.4442],[9.7922,47.4427],[9.8026,47.447],[9.8137,47.4408],[9.8069,47.4317],[9.8088,47.4273],[9.804,47.4267],[9.8013,47.4158],[9.8068,47.4078],[9.8114,47.406],[9.8132,47.3968],[9.817,47.3913],[9.8257,47.3882],[9.8332,47.3774],[9.8396,47.3775],[9.84,47.3739],[9.8339,47.368],[9.8443,47.3603],[9.825,47.3544],[9.8154,47.3501],[9.8109,47.3455],[9.8171,47.3387],[9.8253,47.3341],[9.8176,47.3326],[9.819,47.3251],[9.8269,47.3236],[9.8176,47.3168],[9.8173,47.3104],[9.8271,47.3044],[9.8455,47.3023],[9.8485,47.2924],[9.8313,47.2844],[9.8237,47.2799],[9.8288,47.2782],[9.8308,47.2719],[9.8499,47.2682],[9.8551,47.2753],[9.8666,47.2758],[9.887,47.2786],[9.8951,47.2781],[9.9128,47.2842],[9.9186,47.2836],[9.9372,47.2945],[9.9433,47.2909],[9.9459,47.28],[9.9504,47.2774],[9.9716,47.274],[9.9712,47.2681],[9.9787,47.2669],[9.9946,47.269],[10.005,47.2739],[10.0196,47.2679],[10.0381,47.2554],[10.0453,47.2473],[10.0584,47.246],[10.0615,47.2479],[10.0708,47.2464],[10.0705,47.2383],[10.0637,47.232],[10.0858,47.2264],[10.1009,47.2266],[10.1072,47.2388],[10.1238,47.2405],[10.1253,47.243],[10.1287,47.2478],[10.1374,47.2517],[10.147,47.2473],[10.1575,47.2514],[10.1649,47.2471],[10.1943,47.2426],[10.1978,47.2366],[10.2111,47.2481],[10.2236,47.25],[10.2221,47.2536],[10.2059,47.2573],[10.1965,47.2577],[10.192,47.2612],[10.1832,47.2613],[10.1743,47.2639],[10.1784,47.2701]]]},"properties":{"code":"802"}},
{"type":"Feature","geometry":{"type":"Polygon","coordinates":[[[9.6595,47.4514],[9.658,47.4478],[9.6458,47.4388],[9.6449,47.4324],[9.6502,47.4214],[9.6517,47.4046],[9.6601,47.3975],[9.6719,47.3931],[9.6734,47.3815],[9.6625,47.3711],[9.6496,47.3674],[9.6654,47.3595],[9.6632,47.3564],[9.6679,47.3523],[9.6714,47.3436],[9.691,47.3464],[9.6988,47.3464],[9.7104,47.3418],[9.7144,47.3376],[9.7224,47.3432],[9.7272,47.3428],[9.7226,47.336],[9.7294,47.333],[9.7307,47.327],[9.7389,47.3232],[9.749,47.3099],[9.7604,47.3056],[9.768,47.3073],[9.7804,47.3064],[9.7868,47.3039],[9.7882,47.2966],[9.7954,47.2916],[9.818,47.2907],[9.8313,47.2844],[9.8485,47.2924],[9.8455,47.3023],[9.8271,47.3044],[9.8173,47.3104],[9.8176,47.3168],[9.8269,47.3236],[9.819,47.3251],[9.8176,47.3326],[9.8253,47.3341],[9.8171,47.3387],[9.8109,47.3455],[9.8154,47.3501],[9.825,47.3544],[9.8443,47.3603],[9.8339,47.368],[9.84,47.3739],[9.8396,47.3775],[9.8332,47.3774],[9.8257,47.3882],[9.817,47.3913],[9.8132,47.3968],[9.8114,47.406],[9.8068,47.4078],[9.8013,47.4158],[9.804,47.4267],[9.8088,47.4273],[9.8069,47.4317],[9.8137,47.4408],[9.8026,47.447],[9.7922,47.4427],[9.7829,47.4442],[9.7676,47.4421],[9.7619,47.4369],[9.7537,47.438],[9.7536,47.438],[9.7351,47.4438],[9.7253,47.4489],[9.711,47.4496],[9.7015,47.4473],[9.6898,47.4528],[9.6819,47.4584],[9.6816,47.4629],[9.6595,47.4514]]]},"properties":{"code":"803"}},
{"type":"Feature","geometry":{"type":"MultiPolygon","coordinates":[[[[9.6382,47.2111],[9.638,47.2117],[9.6382,47.2113],[9.6404,47.2149],[9.6466,47.2135],[9.6569,47.2162],[9.6705,47.205],[9.6796,47.2002],[9.696,47.1961],[9.7081,47.1948],[9.7119,47.1993],[9.7246,47.2069],[9.7339,47.2052],[9.7458,47.2079],[9.7465,47.2113],[9.7536,47.2128],[9.7501,47.2188],[9.7521,47.2293],[9.7566,47.2369],[9.7653,47.2341],[9.7791,47.2409],[9.7882,47.2403],[9.7988,47.2463],[9.7863,47.2518],[9.7814,47.2575],[9.7908,47.2589],[9.7976,47.2628],[9.8044,47.2629],[9.8148,47.2622],[9.8272,47.2532],[9.8316,47.2609],[9.8424,47.2625],[9.8499,47.2682],[9.8308,47.2719],[9.8288,47.2782],[9.8237,47.2799],[9.8313,47.2844],[9.818,47.2907],[9.7954,47.2916],[9.7882,47.2966],[9.7868,47.3039],[9.7804,47.3064],[9.768,47.3073],[9.7604,47.3056],[9.749,47.3099],[9.7389,47.3232],[9.7307,47.327],[9.7294,47.333],[9.7226,47.336],[9.7272,47.3428],[9.7224,47.3432],[9.7144,47.3376],[9.7104,47.3418],[9.6988,47.3464],[9.691,47.3464],[9.6714,47.3436],[9.6679,47.3523],[9.6632,47.3564],[9.6654,47.3595],[9.6496,47.3674],[9.6245,47.3661],[9.6058,47.3519],[9.6004,47.3466],[9.589,47.3184],[9.5815,47.311],[9.5649,47.3037],[9.5549,47.2966],[9.552,47.288],[9.5458,47.2796],[9.5308,47.2706],[9.5399,47.2651],[9.5395,47.2614],[9.5592,47.2507],[9.5673,47.2419],[9.5581,47.2327],[9.552,47.2237],[9.5586,47.2241],[9.5638,47.2211],[9.5693,47.2194],[9.5783,47.2091],[9.5849,47.2054],[9.5805,47.1961],[9.5726,47.1908],[9.5733,47.1767],[9.5712,47.1747],[9.5648,47.1703],[9.5752,47.1699],[9.5795,47.1711],[9.6007,47.1592],[9.6029,47.1518],[9.6038,47.1508],[9.6133,47.1474],[9.6206,47.1516],[9.6197,47.1552],[9.6246,47.1625],[9.6208,47.1703],[9.6261,47.1786],[9.6324,47.182],[9.6286,47.1911],[9.6331,47.1972],[9.6382,47.2111]]],[[[9.6382,47.2111],[9.6383,47.2111],[9.6382,47.2113],[9.6382,47.2111]]],[[[9.648,47.2022],[9.6447,47.1977],[9.6502,47.1928],[9.6629,47.194],[9.6608,47.2036],[9.6533,47.2061],[9.6516,47.206],[9.648,47.2022]]]]},"properties":{"code":"804"}},
{"type":"Feature","geometry":{"type":"Polygon","coordinates":[[[16.3659,48.1997],[16.3752,48.1999],[16.3808,48.2041],[16.3849,48.2113],[16.3766,48.2125],[16.3701,48.2185],[16.3587,48.214],[16.3571,48.2143],[16.3571,48.2142],[16.3565,48.2143],[16.356,48.212],[16.3559,48.2069],[16.3615,48.2027],[16.3659,48.1997]]]},"properties":{"code":"901"}},
{"type":"Feature","geometry":{"type":"Polygon","coordinates":[[[16.3849,48.2113],[16.394,48.2119],[16.398,48.2036],[16.4062,48.2012],[16.4128,48.1947],[16.4311,48.1863],[16.4694,48.175],[16.4952,48.1651],[16.4971,48.1663],[16.4985,48.1673],[16.48,48.1785],[16.433,48.2101],[16.3981,48.2363],[16.388,48.231],[16.3834,48.2256],[16.3775,48.2296],[16.3675,48.2251],[16.3701,48.2185],[16.3766,48.2125],[16.3849,48.2113]]]},"properties":{"code":"902"}},
{"type":"Feature","geometry":{"type":"Polygon","coordinates":[[[16.3752,48.1999],[16.381,48.1881],[16.3954,48.1755],[16.4045,48.1857],[16.4125,48.1832],[16.4153,48.1854],[16.4311,48.1863],[16.4128,48.1947],[16.4062,48.2012],[16.398,48.2036],[16.394,48.2119],[16.3849,48.2113],[16.3808,48.2041],[16.3752,48.1999]]]},"properties":{"code":"903"}},
{"type":"Feature","geometry":{"type":"Polygon","coordinates":[[[16.3659,48.1997],[16.3594,48.1967],[16.3622,48.1901],[16.3688,48.1838],[16.381,48.1881],[16.3752,48.1999],[16.3659,48.1997]]]},"properties":{"code":"904"}},
{"type":"Feature","geometry":{"type":"Polygon","coordinates":[[[16.3594,48.1967],[16.3516,48.1898],[16.3417,48.1885],[16.3497,48.1792],[16.3688,48.1838],[16.3622,48.1901],[16.3594,48.1967]]]},"properties":{"code":"905"}},
{"type":"Feature","geometry":{"type":"Polygon","coordinates":[[[16.3615,48.2027],[16.3485,48.1977],[16.3392,48.1959],[16.339,48.1883],[16.3391,48.1883],[16.3417,48.1885],[16.3516,48.1898],[16.3594,48.1967],[16.3659,48.1997],[16.3615,48.2027]]]},"properties":{"code":"906"}},
{"type":"Feature","geometry":{"type":"Polygon","coordinates":[[[16.3559,48.2069],[16.3384,48.2086],[16.337,48.2042],[16.3392,48.1959],[16.3485,48.1977],[16.3615,48.2027],[16.3559,48.2069]]]},"properties":{"code":"907"}},
{"type":"Feature","geometry":{"type":"Polygon","coordinates":[[[16.3565,48.2143],[16.3409,48.2152],[16.3399,48.2133],[16.3393,48.2121],[16.3392,48.2121],[16.3384,48.2086],[16.3559,48.2069],[16.356,48.212],[16.3565,48.2143]]]},"properties":{"code":"908"}},
{"type":"Feature","geometry":{"type":"Polygon","coordinates":[[[16.3701,48.2185],[16.3675,48.2251],[16.3611,48.2333],[16.3616,48.2363],[16.3538,48.232],[16.3483,48.223],[16.342,48.2172],[16.3416,48.2165],[16.3409,48.2152],[16.3565,48.2143],[16.3571,48.2142],[16.3571,48.2143],[16.3587,48.214],[16.3701,48.2185]]]},"properties":{"code":"909"}},
{"type":"Feature","geometry":{"type":"Polygon","coordinates":[[[16.4362,48.138],[16.4301,48.1472],[16.4059,48.1681],[16.3954,48.1755],[16.381,48.1881],[16.3688,48.1838],[16.3497,48.1792],[16.3416,48.1764],[16.3473,48.1718],[16.3374,48.171],[16.3319,48.1634],[16.3356,48.1593],[16.3386,48.1545],[16.3483,48.1518],[16.3596,48.1516],[16.3771,48.1475],[16.3719,48.1418],[16.3656,48.1287],[16.3883,48.1254],[16.4051,48.122],[16.4083,48.1179],[16.4205,48.1206],[16.4229,48.1231],[16.437,48.1199],[16.4341,48.1254],[16.4331,48.1379],[16.4362,48.138]]]},"properties":{"code":"910"}},
{"type":"Feature","geometry":{"type":"Polygon","coordinates":[[[16.5138,48.1589],[16.4971,48.1663],[16.4952,48.1651],[16.4694,48.175],[16.4311,48.1863],[16.4153,48.1854],[16.4125,48.1832],[16.4045,48.1857],[16.3954,48.1755],[16.4059,48.1681],[16.4301,48.1472],[16.4362,48.138],[16.4549,48.1393],[16.4619,48.1429],[16.4801,48.1565],[16.4881,48.1552],[16.4934,48.1588],[16.4984,48.1562],[16.5138,48.1589]]]},"properties":{"code":"911"}},
{"type":"Feature","geometry":{"type":"Polygon","coordinates":[[[16.3417,48.1885],[16.3391,48.1883],[16.339,48.1883],[16.3281,48.1837],[16.3201,48.1858],[16.3139,48.1751],[16.308,48.1704],[16.3011,48.1727],[16.2964,48.1705],[16.2918,48.1623],[16.2975,48.1563],[16.3041,48.1604],[16.3305,48.1554],[16.3356,48.1593],[16.3319,48.1634],[16.3374,48.171],[16.3473,48.1718],[16.3416,48.1764],[16.3497,48.1792],[16.3417,48.1885]]]},"properties":{"code":"912"}},
{"type":"Feature","geometry":{"type":"Polygon","coordinates":[[[16.2232,48.1532],[16.2301,48.1495],[16.2564,48.16],[16.263,48.1599],[16.2729,48.1559],[16.2793,48.1596],[16.2912,48.1581],[16.2918,48.1623],[16.2964,48.1705],[16.3011,48.1727],[16.308,48.1704],[16.3139,48.1751],[16.3201,48.1858],[16.3142,48.1872],[16.2658,48.1937],[16.2501,48.2011],[16.2357,48.2041],[16.2258,48.2019],[16.2195,48.2042],[16.2134,48.207],[16.2074,48.2023],[16.1998,48.1862],[16.1819,48.171],[16.1938,48.1663],[16.1982,48.1541],[16.2035,48.1555],[16.2232,48.1532]]]},"properties":{"code":"913"}},
{"type":"Feature","geometry":{"type":"Polygon","coordinates":[[[16.2074,48.2023],[16.2134,48.207],[16.2195,48.2042],[16.2258,48.2019],[16.2357,48.2041],[16.2501,48.2011],[16.2658,48.1937],[16.3142,48.1872],[16.3203,48.19],[16.3128,48.1944],[16.3143,48.199],[16.3107,48.2029],[16.294,48.2073],[16.2859,48.2076],[16.2853,48.214],[16.2753,48.215],[16.2536,48.2214],[16.2568,48.2301],[16.2668,48.2372],[16.2566,48.2399],[16.2415,48.2383],[16.2375,48.2434],[16.241,48.2481],[16.2338,48.2503],[16.2213,48.2582],[16.2081,48.2641],[16.2056,48.2562],[16.1962,48.2498],[16.1935,48.2432],[16.1936,48.2334],[16.1983,48.2304],[16.1852,48.2232],[16.1961,48.2234],[16.1979,48.2142],[16.2096,48.2096],[16.2019,48.2048],[16.2074,48.2023]]]},"properties":{"code":"914"}},
{"type":"Feature","geometry":{"type":"Polygon","coordinates":[[[16.3392,48.1959],[16.337,48.2042],[16.3127,48.2072],[16.3107,48.2029],[16.3143,48.199],[16.3128,48.1944],[16.3203,48.19],[16.3142,48.1872],[16.3201,48.1858],[16.3281,48.1837],[16.339,48.1883],[16.3392,48.1959]]]},"properties":{"code":"915"}},
{"type":"Feature","geometry":{"type":"Polygon","coordinates":[[[16.3384,48.2086],[16.3392,48.2121],[16.3386,48.2151],[16.3256,48.2132],[16.3199,48.2174],[16.3209,48.2205],[16.3127,48.2234],[16.2976,48.2246],[16.2859,48.2215],[16.2762,48.227],[16.2584,48.2248],[16.2536,48.2214],[16.2753,48.215],[16.2853,48.214],[16.2859,48.2076],[16.294,48.2073],[16.3107,48.2029],[16.3127,48.2072],[16.337,48.2042],[16.3384,48.2086]]]},"properties":{"code":"916"}},
{"type":"Feature","geometry":{"type":"Polygon","coordinates":[[[16.2566,48.2399],[16.2668,48.2372],[16.2568,48.2301],[16.2536,48.2214],[16.2584,48.2248],[16.2762,48.227],[16.2859,48.2215],[16.2976,48.2246],[16.3127,48.2234],[16.3209,48.2205],[16.3199,48.2174],[16.3256,48.2132],[16.3386,48.2151],[16.3392,48.2121],[16.3393,48.2121],[16.3399,48.2133],[16.3409,48.2152],[16.3416,48.2165],[16.342,48.2172],[16.3367,48.2228],[16.3223,48.2267],[16.2942,48.2396],[16.2839,48.2405],[16.2933,48.2458],[16.2826,48.2458],[16.2884,48.251],[16.2856,48.2583],[16.2687,48.2549],[16.2703,48.2519],[16.261,48.2455],[16.2566,48.2399]]]},"properties":{"code":"917"}},
{"type":"Feature","geometry":{"type":"Polygon","coordinates":[[[16.3538,48.232],[16.3378,48.2338],[16.3378,48.2371],[16.3301,48.2371],[16.3111,48.2434],[16.3059,48.2477],[16.2884,48.251],[16.2826,48.2458],[16.2933,48.2458],[16.2839,48.2405],[16.2942,48.2396],[16.3223,48.2267],[16.3367,48.2228],[16.342,48.2172],[16.3483,48.223],[16.3538,48.232]]]},"properties":{"code":"918"}},
{"type":"Feature","geometry":{"type":"Polygon","coordinates":[[[16.2856,48.2583],[16.2884,48.251],[16.3059,48.2477],[16.3111,48.2434],[16.3301,48.2371],[16.3378,48.2371],[16.3378,48.2338],[16.3538,48.232],[16.3616,48.2363],[16.3718,48.2506],[16.3683,48.2614],[16.3724,48.2627],[16.356,48.2833],[16.3481,48.2905],[16.3412,48.289],[16.3452,48.2856],[16.3322,48.2809],[16.3278,48.2771],[16.3207,48.2782],[16.3146,48.274],[16.3059,48.2717],[16.3003,48.2733],[16.2885,48.2702],[16.2868,48.2664],[16.2941,48.2645],[16.2856,48.2583]]]},"properties":{"code":"919"}},
{"type":"Feature","geometry":{"type":"Polygon","coordinates":[[[16.3981,48.2363],[16.3793,48.2545],[16.3724,48.2627],[16.3683,48.2614],[16.3718,48.2506],[16.3616,48.2363],[16.3611,48.2333],[16.3675,48.2251],[16.3775,48.2296],[16.3834,48.2256],[16.388,48.231],[16.3981,48.2363]]]},"properties":{"code":"920"}},
{"type":"Feature","geometry":{"type":"Polygon","coordinates":[[[16.3632,48.2823],[16.356,48.2833],[16.3724,48.2627],[16.3793,48.2545],[16.3981,48.2363],[16.4132,48.2453],[16.4279,48.2466],[16.4369,48.2616],[16.4529,48.263],[16.4747,48.2753],[16.4404,48.2919],[16.4403,48.3035],[16.4378,48.3168],[16.4248,48.3218],[16.4168,48.3225],[16.4042,48.3193],[16.4029,48.3168],[16.3941,48.3193],[16.3817,48.3171],[16.3806,48.3129],[16.3848,48.3039],[16.3798,48.302],[16.3756,48.296],[16.378,48.2884],[16.3673,48.287],[16.368,48.2811],[16.3632,48.2823]]]},"properties":{"code":"921"}},
{"type":"Feature","geometry":{"type":"Polygon","coordinates":[[[16.577,48.1444],[16.5774,48.1513],[16.5733,48.1551],[16.5764,48.1589],[16.573,48.1632],[16.5616,48.1604],[16.5579,48.1641],[16.5532,48.162],[16.5467,48.1716],[16.5497,48.1767],[16.5363,48.1771],[16.5418,48.1914],[16.5363,48.2004],[16.546,48.2162],[16.5469,48.2234],[16.5527,48.239],[16.5482,48.2427],[16.5394,48.2428],[16.5425,48.2541],[16.547,48.263],[16.5385,48.2642],[16.5326,48.2621],[16.5128,48.2678],[16.5141,48.271],[16.5067,48.2736],[16.5149,48.2855],[16.5022,48.2904],[16.4964,48.2925],[16.4814,48.2932],[16.4835,48.2794],[16.4812,48.2734],[16.4747,48.2753],[16.4529,48.263],[16.4369,48.2616],[16.4279,48.2466],[16.4132,48.2453],[16.3981,48.2363],[16.433,48.2101],[16.48,48.1785],[16.4985,48.1673],[16.4971,48.1663],[16.5138,48.1589],[16.5265,48.154],[16.5435,48.1431],[16.576,48.1352],[16.577,48.1444]]]},"properties":{"code":"922"}},
{"type":"Feature","geometry":{"type":"Polygon","coordinates":[[[16.3656,48.1287],[16.3719,48.1418],[16.3771,48.1475],[16.3596,48.1516],[16.3483,48.1518],[16.3386,48.1545],[16.3356,48.1593],[16.3305,48.1554],[16.3041,48.1604],[16.2975,48.1563],[16.2918,48.1623],[16.2912,48.1581],[16.2793,48.1596],[16.2729,48.1559],[16.263,48.1599],[16.2564,48.16],[16.2301,48.1495],[16.2232,48.1532],[16.2105,48.1493],[16.2217,48.1361],[16.2384,48.1372],[16.2386,48.132],[16.2181,48.1281],[16.2189,48.1238],[16.2356,48.1299],[16.2441,48.1311],[16.2597,48.13],[16.2682,48.1338],[16.2978,48.1295],[16.2986,48.1253],[16.3126,48.1196],[16.3139,48.1256],[16.3185,48.1246],[16.325,48.1363],[16.3287,48.1371],[16.3656,48.1287]]]},"properties":{"code":"923"}}
]}