{"type":"FeatureCollection", "features": [
{"type":"Feature","geometry":{"type":"Polygon","coordinates":[[[16.4895,47.3997],[16.488,47.3946],[16.4965,47.3956],[16.4968,47.3893],[16.5101,47.3967],[16.5079,47.405],[16.5137,47.4052],[16.5181,47.41],[16.5399,47.4101],[16.5459,47.4056],[16.5601,47.407],[16.5757,47.4064],[16.575,47.4122],[16.5822,47.4151],[16.5818,47.4197],[16.5889,47.4194],[16.5878,47.4227],[16.5938,47.4221],[16.601,47.4255],[16.6092,47.4297],[16.6152,47.4323],[16.6204,47.4308],[16.6268,47.4416],[16.6371,47.4459],[16.6462,47.4466],[16.6516,47.4489],[16.6491,47.4513],[16.662,47.4557],[16.6597,47.4607],[16.6624,47.4663],[16.6705,47.4743],[16.6682,47.4793],[16.6637,47.4817],[16.6523,47.5003],[16.6625,47.509],[16.669,47.5036],[16.6896,47.5103],[16.6948,47.5175],[16.7055,47.5229],[16.7034,47.5334],[16.7145,47.5399],[16.7112,47.5431],[16.7059,47.5424],[16.7041,47.5457],[16.6982,47.5456],[16.69,47.5555],[16.691,47.5579],[16.684,47.5613],[16.6733,47.5596],[16.6631,47.5687],[16.6713,47.5716],[16.6751,47.5825],[16.6664,47.5979],[16.6731,47.605],[16.6596,47.6061],[16.6528,47.6223],[16.6319,47.6282],[16.6188,47.6258],[16.6133,47.6225],[16.5894,47.6174],[16.5724,47.6199],[16.5626,47.6247],[16.5516,47.6322],[16.5288,47.6415],[16.5164,47.6454],[16.5075,47.6401],[16.4969,47.6393],[16.4926,47.6423],[16.4873,47.6417],[16.4793,47.6501],[16.4626,47.6513],[16.4514,47.6557],[16.4398,47.6567],[16.428,47.6608],[16.4215,47.6653],[16.4253,47.6678],[16.4431,47.6739],[16.4425,47.6768],[16.4478,47.6925],[16.4478,47.6965],[16.454,47.6968],[16.4599,47.6842],[16.4619,47.6827],[16.4748,47.6813],[16.475,47.6844],[16.476,47.6875],[16.4777,47.6905],[16.4808,47.6903],[16.4809,47.6903],[16.486,47.6928],[16.4871,47.698],[16.4948,47.6993],[16.4975,47.7033],[16.5035,47.7035],[16.5142,47.7076],[16.5169,47.7069],[16.5206,47.7123],[16.5264,47.7104],[16.5404,47.7118],[16.5458,47.7182],[16.5522,47.7225],[16.5365,47.7367],[16.5376,47.74],[16.5488,47.7432],[16.546,47.7493],[16.548,47.7515],[16.5667,47.7516],[16.588,47.7554],[16.5925,47.7591],[16.5989,47.7562],[16.6091,47.7604],[16.6279,47.7571],[16.6343,47.759],[16.639,47.7528],[16.6385,47.7496],[16.6452,47.7456],[16.6572,47.7416],[16.6581,47.7433],[16.6716,47.7404],[16.7209,47.7353],[16.7215,47.7226],[16.749,47.6814],[16.7983,47.6825],[16.8283,47.6827],[16.8391,47.7046],[16.8555,47.7111],[16.8669,47.7216],[16.8688,47.7213],[16.8716,47.6901],[16.8751,47.6883],[16.9127,47.6878],[16.975,47.6943],[17.0404,47.7044],[17.0931,47.7082],[17.0742,47.7231],[17.0703,47.7282],[17.0708,47.7492],[17.0656,47.7669],[17.0672,47.7669],[17.0638,47.7778],[17.0608,47.7776],[17.0582,47.7862],[17.0509,47.794],[17.0536,47.7976],[17.0718,47.8082],[17.0743,47.8083],[17.0597,47.8201],[17.0608,47.8227],[17.0469,47.8283],[17.0466,47.8329],[17.0515,47.8379],[17.01,47.8583],[17.0177,47.8684],[17.0378,47.8679],[17.04,47.8668],[17.0496,47.8701],[17.0487,47.8719],[17.0627,47.8737],[17.0778,47.8775],[17.0852,47.8744],[17.1041,47.8993],[17.0956,47.9043],[17.1024,47.9107],[17.1127,47.9274],[17.0909,47.9344],[17.1006,47.942],[17.1078,47.9495],[17.1099,47.9544],[17.117,47.9609],[17.0964,47.9688],[17.0947,47.9709],[17.1127,47.9799],[17.1166,47.9834],[17.1313,47.9908],[17.1342,47.994],[17.1608,48.0067],[17.1489,48.0145],[17.1438,48.0202],[17.1368,48.0229],[17.1267,48.0209],[17.1178,48.028],[17.11,48.0312],[17.0898,48.0198],[17.086,48.0232],[17.0674,48.0314],[17.0878,48.0457],[17.0843,48.0504],[17.0683,48.0554],[17.0868,48.0654],[17.0722,48.0705],[17.0787,48.0783],[17.0715,48.0809],[17.0764,48.0862],[17.0897,48.0922],[17.0878,48.0965],[17.0927,48.0997],[17.0774,48.1059],[17.0791,48.1079],[17.0729,48.1103],[17.077,48.1151],[17.0686,48.1161],[17.0667,48.1187],[17.062,48.1132],[17.0639,48.1098],[17.0555,48.1077],[17.0414,48.1017],[17.036,48.0843],[17.0025,48.0927],[17.0257,48.0984],[17.0286,48.1001],[17.0202,48.1056],[17.0122,48.1041],[17.0048,48.0989],[16.9986,48.1083],[16.9856,48.112],[16.9849,48.1064],[16.9786,48.1037],[16.9761,48.1059],[16.9687,48.0962],[16.9778,48.0951],[16.9884,48.0889],[17.0093,48.0794],[17.017,48.074],[17.0094,48.0645],[17.0002,48.0567],[16.9947,48.0484],[16.9865,48.029],[16.9792,48.0234],[16.9686,48.0289],[16.9717,48.0359],[16.9683,48.0412],[16.9489,48.0474],[16.9452,48.0469],[16.9194,48.0512],[16.9152,48.057],[16.9196,48.0621],[16.9168,48.0676],[16.8985,48.0718],[16.8903,48.0746],[16.8908,48.0744],[16.8823,48.0682],[16.8743,48.0722],[16.8641,48.0636],[16.8602,48.0633],[16.8565,48.0548],[16.8506,48.0572],[16.843,48.0501],[16.8428,48.0462],[16.8354,48.0448],[16.8295,48.0402],[16.8363,48.0373],[16.838,48.0328],[16.8282,48.0286],[16.8152,48.0305],[16.8127,48.0281],[16.7981,48.0282],[16.7955,48.0235],[16.7855,48.0208],[16.7843,48.0226],[16.773,48.0197],[16.7633,48.0147],[16.7515,48.0124],[16.7451,48.0149],[16.7394,48.0139],[16.7341,48.0096],[16.7277,48.0093],[16.7124,48.0127],[16.7012,48.0099],[16.7014,47.9877],[16.6962,47.9881],[16.6975,47.9799],[16.6985,47.9792],[16.6994,47.9785],[16.6998,47.9774],[16.7009,47.9745],[16.701,47.9745],[16.7016,47.9732],[16.6993,47.9696],[16.6949,47.9642],[16.6886,47.9636],[16.6809,47.9597],[16.6729,47.9604],[16.6647,47.9569],[16.6593,47.9611],[16.6514,47.9552],[16.6523,47.9492],[16.6328,47.9451],[16.6305,47.9394],[16.6322,47.9294],[16.6248,47.9264],[16.6011,47.9056],[16.5895,47.9009],[16.5834,47.8916],[16.574,47.8863],[16.5727,47.8936],[16.5655,47.8995],[16.5564,47.9022],[16.5517,47.9113],[16.5463,47.9145],[16.5399,47.9215],[16.5235,47.9346],[16.5187,47.9436],[16.5087,47.9407],[16.485,47.9414],[16.4831,47.9385],[16.4704,47.9371],[16.4667,47.9399],[16.454,47.9342],[16.4482,47.9337],[16.4444,47.9291],[16.4369,47.9274],[16.4273,47.9162],[16.4192,47.9129],[16.4245,47.9117],[16.4199,47.9065],[16.4228,47.9019],[16.4185,47.8938],[16.4151,47.8957],[16.4096,47.8924],[16.4162,47.8904],[16.4081,47.8844],[16.4088,47.8809],[16.4003,47.876],[16.3889,47.8816],[16.3821,47.8751],[16.3687,47.8701],[16.3608,47.8692],[16.3547,47.8661],[16.3488,47.8667],[16.3718,47.8535],[16.3837,47.8476],[16.3879,47.8425],[16.379,47.8373],[16.3719,47.8311],[16.3772,47.8273],[16.3591,47.8229],[16.3488,47.8168],[16.3487,47.8058],[16.3435,47.8014],[16.3348,47.802],[16.3259,47.7937],[16.3233,47.7882],[16.3156,47.7846],[16.3075,47.7908],[16.3109,47.7969],[16.3088,47.8022],[16.3147,47.8048],[16.309,47.8073],[16.2859,47.8115],[16.2773,47.8098],[16.2688,47.7958],[16.2687,47.7911],[16.2753,47.793],[16.284,47.79],[16.3034,47.7853],[16.3001,47.7759],[16.2938,47.7683],[16.2999,47.7594],[16.2992,47.7481],[16.295,47.7453],[16.2959,47.7388],[16.293,47.7367],[16.2911,47.7294],[16.2925,47.7184],[16.3025,47.707],[16.3046,47.6973],[16.3102,47.6948],[16.3087,47.6873],[16.3235,47.6835],[16.3336,47.6785],[16.3446,47.6789],[16.3504,47.6807],[16.3567,47.6795],[16.3518,47.672],[16.3592,47.6639],[16.3626,47.6535],[16.372,47.6443],[16.3722,47.6397],[16.3677,47.6359],[16.3688,47.6331],[16.3693,47.6323],[16.3692,47.6321],[16.3723,47.6273],[16.3685,47.621],[16.3557,47.6207],[16.348,47.6162],[16.3536,47.6112],[16.3446,47.6028],[16.3341,47.6015],[16.3289,47.5978],[16.331,47.5889],[16.3301,47.5823],[16.3206,47.5732],[16.3195,47.5695],[16.3132,47.5654],[16.3153,47.5619],[16.313,47.5566],[16.3092,47.5464],[16.3227,47.5388],[16.3305,47.5285],[16.339,47.5241],[16.3396,47.5162],[16.3324,47.5042],[16.326,47.5006],[16.3278,47.4979],[16.312,47.489],[16.3158,47.486],[16.3097,47.48],[16.2991,47.4777],[16.3054,47.4746],[16.3029,47.4674],[16.2902,47.464],[16.2811,47.4551],[16.2726,47.4568],[16.2643,47.4525],[16.2566,47.4514],[16.2481,47.4434],[16.2432,47.4423],[16.2422,47.4375],[16.2315,47.433],[16.2231,47.4271],[16.2079,47.4247],[16.1996,47.4223],[16.1781,47.4239],[16.1718,47.4224],[16.1664,47.4205],[16.1529,47.4201],[16.1432,47.4165],[16.1334,47.4156],[16.1299,47.4132],[16.1216,47.4128],[16.1012,47.4148],[16.1001,47.4071],[16.1073,47.3967],[16.0927,47.3903],[16.0822,47.3973],[16.0894,47.4007],[16.0876,47.4049],[16.0967,47.4065],[16.0912,47.4084],[16.084,47.409],[16.0802,47.4061],[16.0717,47.4041],[16.0705,47.4008],[16.0665,47.3977],[16.0637,47.3912],[16.0639,47.385],[16.0427,47.3825],[16.0301,47.3793],[16.034,47.3722],[16.016,47.3682],[16.0243,47.3633],[16.0314,47.3548],[16.0345,47.3557],[16.0333,47.3499],[16.0368,47.3429],[16.0424,47.3439],[16.0424,47.3399],[16.051,47.332],[16.0475,47.3272],[16.0531,47.3221],[16.0513,47.3179],[16.0596,47.3153],[16.0586,47.3075],[16.0619,47.305],[16.0589,47.2957],[16.0656,47.2904],[16.0656,47.2903],[16.0645,47.2856],[16.075,47.276],[16.0749,47.2725],[16.0824,47.2622],[16.078,47.26],[16.078,47.2599],[16.0816,47.2555],[16.0832,47.2538],[16.0813,47.252],[16.0846,47.2507],[16.087,47.243],[16.0855,47.2405],[16.0854,47.2404],[16.0838,47.2359],[16.0853,47.2295],[16.0809,47.2296],[16.0882,47.2095],[16.0962,47.1935],[16.1035,47.1862],[16.1068,47.1714],[16.1134,47.1602],[16.1114,47.1577],[16.1163,47.1445],[16.113,47.1422],[16.1151,47.1382],[16.1143,47.1317],[16.1091,47.1269],[16.108,47.119],[16.1066,47.1178],[16.1016,47.1123],[16.0951,47.1131],[16.0918,47.1047],[16.0939,47.0957],[16.0922,47.0909],[16.0866,47.088],[16.0903,47.0817],[16.0875,47.0729],[16.0902,47.0714],[16.0983,47.0583],[16.1047,47.0608],[16.1112,47.0488],[16.114,47.05],[16.1211,47.0447],[16.1212,47.0404],[16.1163,47.0384],[16.1151,47.0319],[16.1214,47.0308],[16.1252,47.0223],[16.1247,47.019],[16.13,47.0168],[16.1325,47.011],[16.1402,47.009],[16.137,47.0069],[16.142,47.0029],[16.1446,46.9976],[16.1467,47.0007],[16.1545,46.9908],[16.1343,46.9948],[16.1217,46.9907],[16.1179,46.9797],[16.1127,46.9794],[16.107,46.972],[16.1093,46.966],[16.1006,46.9608],[16.0952,46.9512],[16.0952,46.9511],[16.0958,46.9492],[16.0957,46.9491],[16.0957,46.9489],[16.0957,46.9488],[16.0955,46.9486],[16.0954,46.9486],[16.0954,46.9482],[16.0953,46.9481],[16.0954,46.9478],[16.0953,46.947],[16.095,46.9466],[16.095,46.9465],[16.0949,46.9461],[16.0949,46.946],[16.095,46.946],[16.0955,46.9449],[16.0956,46.9444],[16.0957,46.944],[16.0957,46.9439],[16.096,46.9435],[16.096,46.942],[16.0929,46.9351],[16.0781,46.934],[16.0702,46.9355],[16.063,46.9242],[16.0619,46.9137],[16.0514,46.9087],[16.0474,46.9104],[16.0377,46.9044],[16.0359,46.8931],[16.0322,46.893],[16.0219,46.8867],[16.0138,46.8846],[16.0096,46.8772],[16.0096,46.8681],[16.0073,46.8567],[16.0062,46.8553],[16.0016,46.8477],[16.0054,46.8453],[16.0007,46.8365],[15.9962,46.8354],[16.0015,46.8315],[16.0076,46.8306],[16.0135,46.8359],[16.0242,46.84],[16.0295,46.8403],[16.0339,46.8355],[16.04,46.8363],[16.0438,46.8408],[16.0512,46.8372],[16.0547,46.8405],[16.0584,46.8387],[16.066,46.8461],[16.0656,46.8499],[16.0715,46.8531],[16.0788,46.8526],[16.0876,46.8592],[16.0901,46.8637],[16.0963,46.8639],[16.0976,46.8611],[16.1069,46.8654],[16.1102,46.8688],[16.1187,46.8719],[16.124,46.8719],[16.1339,46.8765],[16.1387,46.8852],[16.1451,46.886],[16.1487,46.8931],[16.1539,46.8937],[16.1591,46.9006],[16.1629,46.9048],[16.1708,46.9035],[16.1791,46.9068],[16.1804,46.9122],[16.1867,46.9207],[16.1905,46.93],[16.1961,46.9392],[16.1999,46.9418],[16.2057,46.9415],[16.2182,46.94],[16.2174,46.9361],[16.2227,46.9386],[16.2332,46.9422],[16.2395,46.9473],[16.2442,46.9461],[16.247,46.9491],[16.2428,46.956],[16.2554,46.9642],[16.2693,46.9612],[16.2764,46.9627],[16.2775,46.9681],[16.2757,46.9817],[16.2834,46.9975],[16.2827,47.0042],[16.2901,47.014],[16.2994,47.0084],[16.2993,47.005],[16.3023,46.9984],[16.3108,46.9992],[16.3225,47.0026],[16.3418,46.9962],[16.3438,47.0039],[16.3498,47.0104],[16.3601,47.0055],[16.3646,47.0074],[16.3686,47.0034],[16.3687,47.0034],[16.369,47.0029],[16.3699,47.002],[16.3726,46.9985],[16.3831,46.9988],[16.3917,47.003],[16.4126,47.0047],[16.4189,46.9971],[16.4268,46.9932],[16.4455,46.9932],[16.4461,47.0025],[16.45,47.0039],[16.46,47.0015],[16.4636,46.9971],[16.4707,46.9979],[16.4835,46.9942],[16.4885,46.9988],[16.497,46.9982],[16.504,47.0018],[16.5096,47.0004],[16.5123,47.0035],[16.4963,47.0102],[16.4926,47.0101],[16.4836,47.018],[16.4818,47.0226],[16.4777,47.0214],[16.4751,47.0273],[16.4637,47.0322],[16.459,47.0305],[16.4477,47.0227],[16.4389,47.0297],[16.444,47.0344],[16.4432,47.038],[16.4559,47.0402],[16.4585,47.0427],[16.4674,47.043],[16.4731,47.0461],[16.5065,47.0496],[16.5205,47.0562],[16.5205,47.0615],[16.5002,47.0697],[16.4916,47.0706],[16.487,47.0689],[16.4827,47.0749],[16.4729,47.0736],[16.4708,47.0774],[16.4747,47.0853],[16.466,47.0893],[16.4633,47.095],[16.4646,47.099],[16.4726,47.1005],[16.4746,47.1051],[16.4778,47.1014],[16.4848,47.1026],[16.4829,47.1088],[16.5007,47.1102],[16.4999,47.1234],[16.5095,47.1239],[16.5293,47.1272],[16.5288,47.1373],[16.5227,47.1399],[16.5168,47.1493],[16.4905,47.1489],[16.4767,47.1445],[16.4591,47.1419],[16.459,47.143],[16.4543,47.1423],[16.4503,47.1463],[16.4491,47.1519],[16.4531,47.1577],[16.4582,47.1572],[16.4624,47.1615],[16.461,47.1675],[16.4643,47.1682],[16.4574,47.1768],[16.4508,47.1883],[16.4411,47.1851],[16.4282,47.185],[16.4195,47.1949],[16.4212,47.1972],[16.4181,47.2044],[16.4189,47.2106],[16.4218,47.2079],[16.4287,47.2102],[16.4366,47.2099],[16.435,47.2155],[16.4393,47.2179],[16.4367,47.2231],[16.4382,47.23],[16.4427,47.2337],[16.4417,47.2486],[16.4305,47.2504],[16.4318,47.2529],[16.4487,47.2505],[16.4466,47.2534],[16.4548,47.2537],[16.461,47.256],[16.4671,47.2529],[16.4786,47.2629],[16.4773,47.2723],[16.4794,47.278],[16.4894,47.2803],[16.482,47.2914],[16.4818,47.2977],[16.4788,47.3015],[16.4748,47.3121],[16.4691,47.3189],[16.4685,47.3253],[16.464,47.3296],[16.4629,47.336],[16.4563,47.3393],[16.4477,47.34],[16.4447,47.3463],[16.4346,47.3525],[16.4373,47.3554],[16.4468,47.3576],[16.4523,47.3571],[16.4511,47.3605],[16.457,47.3672],[16.4567,47.3722],[16.4511,47.3778],[16.4575,47.3849],[16.4506,47.3929],[16.4463,47.4007],[16.4454,47.4072],[16.4571,47.413],[16.4644,47.4128],[16.4749,47.4089],[16.4853,47.4088],[16.4906,47.4057],[16.485,47.4022],[16.4844,47.3972],[16.4895,47.3997]]]},"properties":{"code":"AT11"}},
{"type":"Feature","geometry":{"type":"Polygon","coordinates":[[[17.0667,48.1187],[17.0623,48.1232],[17.0688,48.1239],[17.0601,48.1358],[17.0572,48.1437],[17.0407,48.1402],[17.0335,48.1398],[17.0242,48.1426],[17.0124,48.1535],[16.9929,48.1619],[16.9826,48.1691],[16.9762,48.1718],[16.9774,48.1815],[16.9763,48.1898],[16.9619,48.2154],[16.9594,48.2246],[16.9467,48.2343],[16.9467,48.2417],[16.9521,48.2577],[16.9572,48.2636],[16.9442,48.2708],[16.924,48.2716],[16.9067,48.2898],[16.9059,48.2938],[16.8999,48.2991],[16.8952,48.3089],[16.8956,48.3139],[16.9087,48.3229],[16.9081,48.3265],[16.9019,48.3277],[16.8827,48.3356],[16.8723,48.3375],[16.8694,48.3403],[16.8753,48.3458],[16.8734,48.3487],[16.861,48.3493],[16.8526,48.3478],[16.843,48.3517],[16.8433,48.3578],[16.8391,48.3652],[16.8406,48.3727],[16.8334,48.3796],[16.8349,48.3833],[16.8485,48.3821],[16.8505,48.3907],[16.8556,48.395],[16.8553,48.3989],[16.8502,48.409],[16.8525,48.4127],[16.8636,48.42],[16.8564,48.427],[16.8516,48.4349],[16.8494,48.4473],[16.8531,48.4513],[16.8588,48.4511],[16.8639,48.4557],[16.8593,48.4591],[16.8654,48.4658],[16.8731,48.4669],[16.8801,48.477],[16.8882,48.4756],[16.8954,48.4877],[16.8905,48.4927],[16.8997,48.4981],[16.9068,48.4982],[16.914,48.4943],[16.9172,48.4957],[16.9143,48.5001],[16.913,48.51],[16.9157,48.513],[16.921,48.5127],[16.9219,48.5203],[16.9423,48.5211],[16.942,48.5295],[16.9494,48.5344],[16.9538,48.5427],[16.9425,48.5535],[16.9447,48.56],[16.94,48.5637],[16.9355,48.572],[16.9391,48.5836],[16.9343,48.602],[16.9397,48.6037],[16.9422,48.6098],[16.9395,48.6179],[16.9281,48.619],[16.9187,48.6229],[16.9235,48.6286],[16.928,48.6399],[16.9204,48.646],[16.9193,48.6518],[16.9234,48.6591],[16.9228,48.6705],[16.9127,48.6738],[16.9101,48.6779],[16.9134,48.6821],[16.9185,48.6937],[16.9168,48.7001],[16.9113,48.7068],[16.9024,48.7121],[16.9062,48.7147],[16.9016,48.7181],[16.8981,48.716],[16.8855,48.7166],[16.8792,48.723],[16.8694,48.7125],[16.8412,48.7116],[16.8343,48.7165],[16.8273,48.7111],[16.8161,48.7103],[16.8054,48.7122],[16.806,48.7091],[16.7998,48.7062],[16.7997,48.7094],[16.79,48.7138],[16.7785,48.7142],[16.7758,48.7119],[16.7637,48.7186],[16.7597,48.7165],[16.7532,48.7208],[16.7473,48.7321],[16.735,48.7308],[16.7294,48.7331],[16.7278,48.737],[16.7144,48.7381],[16.7054,48.7352],[16.7011,48.7365],[16.6879,48.729],[16.6826,48.7278],[16.6804,48.7333],[16.6755,48.7373],[16.6739,48.7429],[16.6809,48.751],[16.6788,48.7628],[16.6747,48.7715],[16.6664,48.7737],[16.6632,48.7813],[16.6512,48.7852],[16.6345,48.7858],[16.6306,48.7804],[16.618,48.7815],[16.6099,48.7806],[16.5932,48.7828],[16.5938,48.7866],[16.5824,48.7921],[16.5646,48.794],[16.5552,48.8039],[16.5498,48.8064],[16.5407,48.8143],[16.5341,48.811],[16.5327,48.8076],[16.5234,48.7998],[16.5186,48.7982],[16.5162,48.8026],[16.4999,48.8012],[16.4783,48.802],[16.4643,48.8098],[16.459,48.8081],[16.4619,48.8046],[16.4487,48.7994],[16.448,48.7912],[16.4397,48.7834],[16.4352,48.7766],[16.4393,48.7743],[16.435,48.7656],[16.4228,48.762],[16.4136,48.7538],[16.4095,48.7443],[16.4044,48.7405],[16.3941,48.7364],[16.3923,48.7391],[16.383,48.7329],[16.3817,48.7294],[16.3773,48.731],[16.3664,48.7281],[16.3598,48.7281],[16.3514,48.7336],[16.3572,48.7378],[16.3497,48.7422],[16.3463,48.7408],[16.343,48.7456],[16.3362,48.7323],[16.3299,48.7312],[16.3103,48.7338],[16.3053,48.7386],[16.2966,48.7377],[16.2786,48.7415],[16.2683,48.7413],[16.2631,48.737],[16.2487,48.7396],[16.2241,48.74],[16.2046,48.7429],[16.1894,48.7432],[16.154,48.7488],[16.1499,48.7432],[16.1393,48.7454],[16.1389,48.7427],[16.1186,48.7465],[16.1025,48.7454],[16.0796,48.75],[16.0649,48.7546],[16.0527,48.7611],[16.0449,48.7629],[16.0213,48.772],[15.9944,48.7793],[15.9878,48.7851],[15.965,48.7984],[15.9596,48.7984],[15.9496,48.8052],[15.9519,48.8138],[15.9599,48.8198],[15.9584,48.8231],[15.9455,48.8234],[15.9479,48.8267],[15.9402,48.8271],[15.9403,48.8194],[15.9352,48.8189],[15.9255,48.8231],[15.9268,48.8304],[15.9306,48.8329],[15.9218,48.835],[15.9198,48.8388],[15.907,48.8355],[15.8932,48.8346],[15.8909,48.8383],[15.8938,48.8431],[15.8973,48.8382],[15.9024,48.8374],[15.9046,48.841],[15.898,48.8481],[15.893,48.8487],[15.8902,48.8431],[15.884,48.8422],[15.8797,48.8479],[15.8807,48.8556],[15.8736,48.8607],[15.8734,48.8539],[15.8629,48.8527],[15.8579,48.8575],[15.8427,48.8596],[15.8415,48.862],[15.8499,48.8648],[15.8519,48.8684],[15.8437,48.8729],[15.845,48.8757],[15.8387,48.8775],[15.8276,48.871],[15.8164,48.8732],[15.8061,48.8722],[15.7795,48.8749],[15.7721,48.8653],[15.7631,48.8579],[15.7537,48.8522],[15.7352,48.8555],[15.7135,48.8581],[15.7082,48.8607],[15.6989,48.8587],[15.6952,48.8561],[15.6864,48.857],[15.6795,48.8644],[15.6715,48.8678],[15.6661,48.8729],[15.6646,48.8747],[15.6569,48.8805],[15.6424,48.8866],[15.6303,48.885],[15.6196,48.8956],[15.6107,48.8965],[15.5917,48.8965],[15.5781,48.8958],[15.5602,48.9041],[15.541,48.908],[15.5283,48.9117],[15.5147,48.9137],[15.5061,48.9194],[15.5023,48.9356],[15.4968,48.9391],[15.4837,48.9436],[15.477,48.9445],[15.4684,48.9518],[15.4559,48.9453],[15.4505,48.9498],[15.434,48.95],[15.4247,48.9516],[15.4122,48.9566],[15.4024,48.9638],[15.391,48.967],[15.389,48.9725],[15.3663,48.9815],[15.3575,48.9821],[15.348,48.9848],[15.336,48.9832],[15.3322,48.9848],[15.3217,48.9761],[15.3121,48.9807],[15.3057,48.9779],[15.291,48.9843],[15.2937,48.989],[15.2895,48.9927],[15.2778,48.9946],[15.2758,48.9858],[15.2818,48.9807],[15.2719,48.9664],[15.2671,48.9672],[15.2691,48.9583],[15.2649,48.9578],[15.2616,48.9536],[15.2407,48.9594],[15.2381,48.9576],[15.238,48.9576],[15.2286,48.959],[15.2241,48.9599],[15.2178,48.9588],[15.2,48.9522],[15.1974,48.9483],[15.1893,48.943],[15.1771,48.9476],[15.1718,48.9438],[15.1661,48.9438],[15.1603,48.9417],[15.1554,48.9461],[15.1617,48.953],[15.1624,48.9573],[15.1696,48.9614],[15.1683,48.9671],[15.1595,48.9721],[15.162,48.9777],[15.1529,48.979],[15.1511,48.9824],[15.1567,48.9842],[15.1586,48.9899],[15.1563,48.9933],[15.1368,48.9976],[15.1328,49.0007],[15.129,48.9975],[15.1152,48.9992],[15.1073,48.9988],[15.1026,48.9938],[15.0858,48.9979],[15.0644,48.9997],[15.0646,49.0045],[15.0672,49.006],[15.0654,49.0142],[15.0542,49.0155],[15.048,49.0138],[15.0463,49.0132],[15.0462,49.0132],[15.0397,49.0117],[15.0396,49.0117],[15.0389,49.0119],[15.0384,49.012],[15.0377,49.0126],[15.0342,49.0138],[15.0206,49.0205],[15.0115,49.0143],[15.003,49.0115],[14.9959,49.0151],[14.9904,49.0096],[14.995,49.0053],[15.0008,49.0037],[14.9951,48.9932],[14.9952,48.9902],[14.9845,48.9866],[14.9784,48.9804],[14.9762,48.971],[14.9778,48.9605],[14.9765,48.9558],[14.9806,48.9439],[14.9847,48.9415],[14.9865,48.9359],[14.9794,48.9313],[14.979,48.928],[14.9849,48.9245],[14.9859,48.9195],[14.99,48.9159],[14.9929,48.904],[14.9916,48.8973],[14.9873,48.8957],[14.9889,48.891],[14.9835,48.8909],[14.9838,48.8747],[14.9729,48.8746],[14.9734,48.8531],[14.9844,48.846],[14.9845,48.8424],[14.9721,48.8423],[14.9683,48.8369],[14.9686,48.8248],[14.9694,48.8241],[14.9696,48.8238],[14.9614,48.8178],[14.9574,48.8107],[14.9605,48.8045],[14.9534,48.795],[14.9534,48.7948],[14.955,48.7932],[14.9555,48.7926],[14.9547,48.7905],[14.9543,48.7903],[14.9537,48.7902],[14.9536,48.79],[14.9535,48.7899],[14.9534,48.7898],[14.9566,48.7878],[14.9736,48.7833],[14.9801,48.7791],[14.9781,48.7764],[14.9808,48.7754],[14.9756,48.7688],[14.9612,48.7625],[14.9557,48.7581],[14.9482,48.7629],[14.9406,48.7612],[14.9319,48.7665],[14.9163,48.7686],[14.9061,48.767],[14.8993,48.7714],[14.893,48.7724],[14.8882,48.7701],[14.8847,48.772],[14.8863,48.776],[14.8813,48.7801],[14.8674,48.7806],[14.8628,48.7771],[14.8511,48.7773],[14.841,48.7822],[14.8293,48.7805],[14.8255,48.7838],[14.8086,48.7787],[14.8063,48.7717],[14.8122,48.7646],[14.8115,48.7614],[14.8031,48.7525],[14.8005,48.747],[14.8081,48.7339],[14.8011,48.733],[14.7934,48.729],[14.7856,48.7183],[14.7726,48.7111],[14.7569,48.7091],[14.7569,48.7086],[14.7566,48.7064],[14.7561,48.7045],[14.7408,48.7013],[14.734,48.6964],[14.7261,48.6852],[14.727,48.6786],[14.7193,48.6682],[14.7124,48.6501],[14.7179,48.6496],[14.7191,48.6411],[14.7201,48.6389],[14.7221,48.6385],[14.7141,48.6174],[14.7211,48.6024],[14.7113,48.5965],[14.706,48.591],[14.7078,48.5871],[14.7005,48.5827],[14.691,48.5843],[14.6926,48.5804],[14.7118,48.5787],[14.7213,48.5698],[14.7245,48.5621],[14.7306,48.5619],[14.7382,48.5562],[14.7365,48.5523],[14.7432,48.5522],[14.7433,48.5584],[14.7496,48.5626],[14.763,48.5638],[14.7687,48.5567],[14.7747,48.5555],[14.7828,48.5603],[14.7921,48.5593],[14.8002,48.5557],[14.8079,48.556],[14.8126,48.5527],[14.8136,48.5494],[14.8164,48.5486],[14.827,48.5479],[14.8367,48.545],[14.843,48.5396],[14.8431,48.5394],[14.8488,48.5341],[14.8484,48.5339],[14.8482,48.5338],[14.8461,48.5319],[14.8508,48.5295],[14.8509,48.5295],[14.853,48.5293],[14.8555,48.5286],[14.856,48.5287],[14.8667,48.5271],[14.882,48.5268],[14.8895,48.5232],[14.8963,48.5231],[14.9017,48.5211],[14.9125,48.5139],[14.9122,48.5074],[14.9207,48.5058],[14.9183,48.4987],[14.9181,48.4989],[14.9167,48.4995],[14.9148,48.5001],[14.9016,48.502],[14.8983,48.5007],[14.8973,48.5004],[14.891,48.4978],[14.891,48.4943],[14.8873,48.4924],[14.8893,48.4888],[14.8888,48.4862],[14.8795,48.4816],[14.8665,48.48],[14.8772,48.4683],[14.8737,48.4589],[14.8753,48.4559],[14.8831,48.4529],[14.8832,48.4529],[14.8922,48.451],[14.8985,48.4505],[14.9127,48.4336],[14.9118,48.4301],[14.9219,48.4281],[14.9311,48.4236],[14.9388,48.4232],[14.9424,48.4204],[14.9414,48.4162],[14.9493,48.4136],[14.9475,48.4077],[14.9386,48.4017],[14.9302,48.398],[14.9263,48.3985],[14.9187,48.3939],[14.9166,48.3889],[14.9233,48.3882],[14.9325,48.3942],[14.9456,48.3936],[14.9513,48.3902],[14.9566,48.3906],[14.9645,48.3879],[14.9645,48.3786],[14.9597,48.3748],[14.9534,48.3617],[14.9511,48.3457],[14.9527,48.3406],[14.9483,48.3363],[14.9437,48.3236],[14.9503,48.3225],[14.9598,48.3254],[14.9743,48.3222],[14.9784,48.3236],[14.9864,48.3193],[14.985,48.3094],[14.9868,48.3063],[14.9839,48.298],[14.9868,48.2923],[14.9903,48.2792],[14.9883,48.2632],[14.992,48.2559],[14.9798,48.2523],[14.97,48.2457],[14.9703,48.238],[14.9747,48.2348],[14.9705,48.2318],[14.9625,48.2323],[14.9631,48.2302],[14.9522,48.2191],[14.9549,48.2155],[14.9621,48.2147],[14.969,48.2084],[14.9648,48.204],[14.9748,48.2011],[14.9742,48.1988],[14.959,48.2048],[14.9515,48.2177],[14.9446,48.2272],[14.934,48.2316],[14.9154,48.2329],[14.9026,48.2309],[14.8955,48.2279],[14.8889,48.232],[14.8815,48.2326],[14.8714,48.2279],[14.8617,48.2271],[14.8569,48.2249],[14.8577,48.213],[14.8483,48.2022],[14.8452,48.1957],[14.8306,48.1894],[14.8061,48.1877],[14.7922,48.1834],[14.7775,48.1814],[14.7587,48.1769],[14.7429,48.1749],[14.7393,48.1721],[14.7227,48.1788],[14.7153,48.1787],[14.7055,48.1688],[14.7051,48.1626],[14.6944,48.1577],[14.6845,48.158],[14.673,48.1615],[14.661,48.1673],[14.6614,48.171],[14.6458,48.1739],[14.6345,48.1801],[14.6258,48.1891],[14.611,48.1961],[14.5972,48.2101],[14.5915,48.2181],[14.5833,48.2237],[14.5609,48.231],[14.5331,48.2377],[14.5212,48.2376],[14.5061,48.23],[14.4949,48.2258],[14.4896,48.2219],[14.48,48.1976],[14.4823,48.1888],[14.4794,48.1817],[14.4839,48.1746],[14.4778,48.1608],[14.4708,48.1552],[14.4676,48.148],[14.477,48.1406],[14.4774,48.1331],[14.4693,48.1268],[14.4677,48.1221],[14.4772,48.1206],[14.489,48.1168],[14.4941,48.1136],[14.4926,48.1097],[14.4681,48.0997],[14.459,48.0911],[14.4596,48.0857],[14.4687,48.0874],[14.4684,48.0832],[14.456,48.0813],[14.4542,48.0792],[14.4594,48.0726],[14.4526,48.0639],[14.4595,48.0623],[14.4588,48.0529],[14.4561,48.043],[14.47,48.0374],[14.4676,48.0336],[14.4742,48.0292],[14.473,48.027],[14.4844,48.0172],[14.4871,48.0122],[14.4921,48.0109],[14.4929,47.9983],[14.502,47.9942],[14.5213,47.9927],[14.5317,47.99],[14.5395,47.9857],[14.554,47.9819],[14.562,47.9743],[14.5689,47.974],[14.5805,47.9683],[14.5855,47.9674],[14.5923,47.9593],[14.6005,47.9555],[14.608,47.9492],[14.6225,47.9472],[14.6299,47.9427],[14.6473,47.9435],[14.6663,47.9389],[14.6709,47.9347],[14.6748,47.9352],[14.6856,47.9291],[14.7038,47.9256],[14.709,47.9318],[14.7279,47.935],[14.7292,47.9243],[14.7435,47.9174],[14.7479,47.9094],[14.7536,47.9063],[14.7597,47.9002],[14.7587,47.8968],[14.7668,47.8906],[14.7719,47.883],[14.7683,47.8771],[14.7582,47.8681],[14.7528,47.8659],[14.7342,47.8632],[14.71,47.8506],[14.7112,47.8461],[14.722,47.8437],[14.7228,47.8322],[14.7102,47.8234],[14.7094,47.8202],[14.7132,47.8134],[14.7217,47.8097],[14.7254,47.806],[14.7318,47.8041],[14.7315,47.7991],[14.7119,47.7901],[14.7175,47.782],[14.7184,47.7757],[14.7226,47.7717],[14.7224,47.768],[14.7273,47.766],[14.7359,47.7589],[14.7464,47.7559],[14.7385,47.7487],[14.7361,47.7449],[14.751,47.7361],[14.7612,47.7331],[14.767,47.7263],[14.7868,47.7323],[14.7918,47.7353],[14.8038,47.7386],[14.8094,47.7371],[14.8183,47.7442],[14.8329,47.7437],[14.8309,47.739],[14.84,47.734],[14.8606,47.7414],[14.8765,47.7263],[14.8766,47.716],[14.8835,47.7135],[14.8938,47.7131],[14.8978,47.7109],[14.9128,47.709],[14.9151,47.7108],[14.9278,47.7106],[14.9314,47.7173],[14.943,47.7242],[14.952,47.7329],[14.9676,47.7372],[14.9728,47.7436],[14.9864,47.7401],[14.9972,47.7414],[15.0032,47.7441],[15.0214,47.7479],[15.0283,47.7523],[15.0347,47.7527],[15.0559,47.7409],[15.0789,47.7428],[15.092,47.7418],[15.126,47.7461],[15.1316,47.7478],[15.1301,47.753],[15.1388,47.7612],[15.1456,47.7572],[15.159,47.7584],[15.1685,47.7537],[15.1748,47.7558],[15.1939,47.7558],[15.1994,47.7534],[15.2104,47.7631],[15.2081,47.7706],[15.2023,47.7705],[15.2008,47.775],[15.2065,47.7777],[15.2081,47.7878],[15.2151,47.7916],[15.2173,47.796],[15.2343,47.7988],[15.2424,47.7973],[15.2534,47.7928],[15.2628,47.7935],[15.2872,47.7902],[15.2908,47.7933],[15.2913,47.7992],[15.2955,47.8018],[15.2926,47.8096],[15.2956,47.8123],[15.2984,47.8206],[15.3081,47.8199],[15.3119,47.8227],[15.3252,47.8214],[15.3332,47.8274],[15.3407,47.8278],[15.3448,47.8256],[15.3543,47.8266],[15.3611,47.8238],[15.3749,47.8254],[15.3906,47.8167],[15.3918,47.8128],[15.4011,47.8148],[15.4061,47.8128],[15.4031,47.8006],[15.4085,47.7878],[15.4119,47.7844],[15.4233,47.7853],[15.4333,47.7915],[15.44,47.7904],[15.4411,47.7857],[15.4499,47.7728],[15.4549,47.7729],[15.461,47.7697],[15.4733,47.7713],[15.4845,47.7707],[15.4916,47.7683],[15.5016,47.7689],[15.5104,47.7666],[15.5162,47.7631],[15.5145,47.7557],[15.5086,47.753],[15.5135,47.7467],[15.5207,47.7477],[15.5289,47.7459],[15.5517,47.7495],[15.554,47.7465],[15.5613,47.7455],[15.5688,47.7492],[15.5855,47.7487],[15.601,47.7516],[15.6117,47.7511],[15.6156,47.7468],[15.6242,47.7324],[15.6292,47.7274],[15.629,47.7243],[15.636,47.7154],[15.6419,47.7175],[15.6518,47.7176],[15.6621,47.712],[15.6703,47.71],[15.6787,47.699],[15.6915,47.7052],[15.6967,47.7129],[15.7154,47.7126],[15.7192,47.7098],[15.7157,47.7029],[15.715,47.6952],[15.7196,47.6898],[15.7177,47.6846],[15.7219,47.6793],[15.7247,47.6695],[15.7287,47.6642],[15.7285,47.6564],[15.7251,47.6464],[15.7345,47.6456],[15.7441,47.641],[15.7409,47.6333],[15.75,47.6322],[15.7631,47.635],[15.7701,47.6401],[15.7807,47.6426],[15.7818,47.6392],[15.7894,47.6399],[15.7963,47.6364],[15.8068,47.6351],[15.8218,47.638],[15.8301,47.6321],[15.833,47.6224],[15.8446,47.6171],[15.8567,47.6208],[15.8623,47.6138],[15.8566,47.6061],[15.8564,47.6028],[15.848,47.5968],[15.8489,47.5906],[15.8445,47.5863],[15.8451,47.5759],[15.8488,47.5664],[15.8644,47.5659],[15.869,47.5716],[15.8738,47.5733],[15.8879,47.5712],[15.9043,47.5628],[15.9055,47.558],[15.9029,47.5548],[15.904,47.5424],[15.9121,47.5358],[15.9139,47.5304],[15.9219,47.53],[15.9363,47.5263],[15.9511,47.5183],[15.9562,47.5171],[15.974,47.5202],[15.9852,47.5171],[16.0016,47.5154],[16.0106,47.5176],[16.0263,47.5127],[16.0328,47.5042],[16.0413,47.5007],[16.0428,47.4966],[16.0463,47.4916],[16.0578,47.4846],[16.0651,47.4863],[16.0638,47.4895],[16.0652,47.5019],[16.0747,47.503],[16.0784,47.4992],[16.0814,47.506],[16.0905,47.5078],[16.0945,47.512],[16.0938,47.5163],[16.0978,47.5241],[16.1095,47.525],[16.1114,47.5222],[16.1117,47.5165],[16.1153,47.5144],[16.1153,47.5143],[16.1109,47.5106],[16.1139,47.5068],[16.1212,47.5113],[16.1213,47.5113],[16.1186,47.5059],[16.1141,47.4991],[16.1159,47.4895],[16.1212,47.4878],[16.1185,47.483],[16.1203,47.4779],[16.1151,47.4743],[16.1245,47.4734],[16.1267,47.4683],[16.133,47.4695],[16.138,47.4613],[16.1333,47.4595],[16.1319,47.4538],[16.1376,47.4504],[16.1407,47.4418],[16.144,47.438],[16.1595,47.4293],[16.1605,47.4265],[16.167,47.4262],[16.1718,47.4224],[16.1781,47.4239],[16.1996,47.4223],[16.2079,47.4247],[16.2231,47.4271],[16.2315,47.433],[16.2422,47.4375],[16.2432,47.4423],[16.2481,47.4434],[16.2566,47.4514],[16.2643,47.4525],[16.2726,47.4568],[16.2811,47.4551],[16.2902,47.464],[16.3029,47.4674],[16.3054,47.4746],[16.2991,47.4777],[16.3097,47.48],[16.3158,47.486],[16.312,47.489],[16.3278,47.4979],[16.326,47.5006],[16.3324,47.5042],[16.3396,47.5162],[16.339,47.5241],[16.3305,47.5285],[16.3227,47.5388],[16.3092,47.5464],[16.313,47.5566],[16.3153,47.5619],[16.3132,47.5654],[16.3195,47.5695],[16.3206,47.5732],[16.3301,47.5823],[16.331,47.5889],[16.3289,47.5978],[16.3341,47.6015],[16.3446,47.6028],[16.3536,47.6112],[16.348,47.6162],[16.3557,47.6207],[16.3685,47.621],[16.3723,47.6273],[16.3692,47.6321],[16.3693,47.6323],[16.3688,47.6331],[16.3677,47.6359],[16.3722,47.6397],[16.372,47.6443],[16.3626,47.6535],[16.3592,47.6639],[16.3518,47.672],[16.3567,47.6795],[16.3504,47.6807],[16.3446,47.6789],[16.3336,47.6785],[16.3235,47.6835],[16.3087,47.6873],[16.3102,47.6948],[16.3046,47.6973],[16.3025,47.707],[16.2925,47.7184],[16.2911,47.7294],[16.293,47.7367],[16.2959,47.7388],[16.295,47.7453],[16.2992,47.7481],[16.2999,47.7594],[16.2938,47.7683],[16.3001,47.7759],[16.3034,47.7853],[16.284,47.79],[16.2753,47.793],[16.2687,47.7911],[16.2688,47.7958],[16.2773,47.8098],[16.2859,47.8115],[16.309,47.8073],[16.3147,47.8048],[16.3088,47.8022],[16.3109,47.7969],[16.3075,47.7908],[16.3156,47.7846],[16.3233,47.7882],[16.3259,47.7937],[16.3348,47.802],[16.3435,47.8014],[16.3487,47.8058],[16.3488,47.8168],[16.3591,47.8229],[16.3772,47.8273],[16.3719,47.8311],[16.379,47.8373],[16.3879,47.8425],[16.3837,47.8476],[16.3718,47.8535],[16.3488,47.8667],[16.3547,47.8661],[16.3608,47.8692],[16.3687,47.8701],[16.3821,47.8751],[16.3889,47.8816],[16.4003,47.876],[16.4088,47.8809],[16.4081,47.8844],[16.4162,47.8904],[16.4096,47.8924],[16.4151,47.8957],[16.4185,47.8938],[16.4228,47.9019],[16.4199,47.9065],[16.4245,47.9117],[16.4192,47.9129],[16.4273,47.9162],[16.4369,47.9274],[16.4444,47.9291],[16.4482,47.9337],[16.454,47.9342],[16.4667,47.9399],[16.4704,47.9371],[16.4831,47.9385],[16.485,47.9414],[16.5087,47.9407],[16.5187,47.9436],[16.5235,47.9346],[16.5399,47.9215],[16.5463,47.9145],[16.5517,47.9113],[16.5564,47.9022],[16.5655,47.8995],[16.5727,47.8936],[16.574,47.8863],[16.5834,47.8916],[16.5895,47.9009],[16.6011,47.9056],[16.6248,47.9264],[16.6322,47.9294],[16.6305,47.9394],[16.6328,47.9451],[16.6523,47.9492],[16.6514,47.9552],[16.6593,47.9611],[16.6647,47.9569],[16.6729,47.9604],[16.6809,47.9597],[16.6886,47.9636],[16.6949,47.9642],[16.6993,47.9696],[16.7016,47.9732],[16.701,47.9745],[16.7009,47.9745],[16.6998,47.9774],[16.6994,47.9785],[16.6985,47.9792],[16.6975,47.9799],[16.6962,47.9881],[16.7014,47.9877],[16.7012,48.0099],[16.7124,48.0127],[16.7277,48.0093],[16.7341,48.0096],[16.7394,48.0139],[16.7451,48.0149],[16.7515,48.0124],[16.7633,48.0147],[16.773,48.0197],[16.7843,48.0226],[16.7855,48.0208],[16.7955,48.0235],[16.7981,48.0282],[16.8127,48.0281],[16.8152,48.0305],[16.8282,48.0286],[16.838,48.0328],[16.8363,48.0373],[16.8295,48.0402],[16.8354,48.0448],[16.8428,48.0462],[16.843,48.0501],[16.8506,48.0572],[16.8565,48.0548],[16.8602,48.0633],[16.8641,48.0636],[16.8743,48.0722],[16.8823,48.0682],[16.8908,48.0744],[16.8903,48.0746],[16.8985,48.0718],[16.9168,48.0676],[16.9196,48.0621],[16.9152,48.057],[16.9194,48.0512],[16.9452,48.0469],[16.9489,48.0474],[16.9683,48.0412],[16.9717,48.0359],[16.9686,48.0289],[16.9792,48.0234],[16.9865,48.029],[16.9947,48.0484],[17.0002,48.0567],[17.0094,48.0645],[17.017,48.074],[17.0093,48.0794],[16.9884,48.0889],[16.9778,48.0951],[16.9687,48.0962],[16.9761,48.1059],[16.9786,48.1037],[16.9849,48.1064],[16.9856,48.112],[16.9986,48.1083],[17.0048,48.0989],[17.0122,48.1041],[17.0202,48.1056],[17.0286,48.1001],[17.0257,48.0984],[17.0025,48.0927],[17.036,48.0843],[17.0414,48.1017],[17.0555,48.1077],[17.0639,48.1098],[17.062,48.1132],[17.0667,48.1187]],[[16.2986,48.1253],[16.2978,48.1295],[16.2682,48.1338],[16.2597,48.13],[16.2441,48.1311],[16.2356,48.1299],[16.2189,48.1238],[16.2181,48.1281],[16.2386,48.132],[16.2384,48.1372],[16.2217,48.1361],[16.2105,48.1493],[16.2193,48.1533],[16.2035,48.1555],[16.1982,48.1541],[16.1974,48.1609],[16.1938,48.1663],[16.1818,48.1711],[16.1872,48.1736],[16.1878,48.1771],[16.1998,48.1862],[16.2031,48.1909],[16.2074,48.2023],[16.2019,48.2048],[16.2096,48.2096],[16.1979,48.2142],[16.195,48.2196],[16.1961,48.2234],[16.1852,48.2232],[16.1995,48.2309],[16.1936,48.2334],[16.1935,48.2432],[16.1962,48.2498],[16.2056,48.2562],[16.2051,48.2621],[16.2089,48.2642],[16.2145,48.2598],[16.2213,48.2582],[16.2338,48.2503],[16.241,48.2481],[16.2375,48.2434],[16.2415,48.2383],[16.2566,48.2399],[16.261,48.2455],[16.2703,48.2519],[16.2687,48.2549],[16.2858,48.2584],[16.2941,48.2645],[16.2868,48.2664],[16.2885,48.2702],[16.3003,48.2733],[16.3059,48.2717],[16.3146,48.274],[16.3207,48.2782],[16.3278,48.2771],[16.3322,48.2809],[16.3452,48.2856],[16.3412,48.289],[16.3481,48.2905],[16.3535,48.2837],[16.368,48.2811],[16.3673,48.287],[16.378,48.2884],[16.3756,48.296],[16.3798,48.302],[16.3848,48.3039],[16.3806,48.3129],[16.3817,48.3171],[16.3941,48.3193],[16.4029,48.3168],[16.4042,48.3193],[16.4168,48.3225],[16.4248,48.3218],[16.4378,48.3168],[16.4403,48.3035],[16.4404,48.2919],[16.4781,48.274],[16.4812,48.2734],[16.4835,48.2794],[16.4814,48.2932],[16.4961,48.2919],[16.5132,48.2872],[16.5149,48.2855],[16.5067,48.2736],[16.5141,48.271],[16.5128,48.2678],[16.5208,48.2646],[16.5326,48.2621],[16.5385,48.2642],[16.547,48.263],[16.5425,48.2541],[16.5394,48.2428],[16.5482,48.2427],[16.5527,48.239],[16.5469,48.2234],[16.546,48.2162],[16.5363,48.2004],[16.5418,48.1914],[16.5386,48.1867],[16.5363,48.1771],[16.5447,48.1729],[16.5417,48.1769],[16.5497,48.1767],[16.5503,48.1715],[16.5467,48.1716],[16.5532,48.162],[16.5579,48.1641],[16.5616,48.1604],[16.5681,48.1636],[16.573,48.1632],[16.5764,48.1589],[16.5733,48.1551],[16.5774,48.1513],[16.576,48.1352],[16.5435,48.1431],[16.5265,48.154],[16.5136,48.1589],[16.4984,48.1562],[16.4934,48.1588],[16.4881,48.1552],[16.4801,48.1565],[16.4619,48.1429],[16.4517,48.1387],[16.4331,48.1379],[16.4341,48.1254],[16.437,48.1199],[16.4229,48.1231],[16.4205,48.1206],[16.4117,48.1204],[16.4083,48.1179],[16.4051,48.122],[16.3845,48.1262],[16.3584,48.1293],[16.3509,48.1326],[16.3287,48.1371],[16.325,48.1363],[16.3185,48.1246],[16.3139,48.1256],[16.3126,48.1196],[16.3096,48.1196],[16.2986,48.1253]]]},"properties":{"code":"AT12"}},
{"type":"Feature","geometry":{"type":"Polygon","coordinates":[[[16.2986,48.1253],[16.3096,48.1196],[16.3126,48.1196],[16.3139,48.1256],[16.3185,48.1246],[16.325,48.1363],[16.3287,48.1371],[16.3509,48.1326],[16.3584,48.1293],[16.3845,48.1262],[16.4051,48.122],[16.4083,48.1179],[16.4117,48.1204],[16.4205,48.1206],[16.4229,48.1231],[16.437,48.1199],[16.4341,48.1254],[16.4331,48.1379],[16.4517,48.1387],[16.4619,48.1429],[16.4801,48.1565],[16.4881,48.1552],[16.4934,48.1588],[16.4984,48.1562],[16.5136,48.1589],[16.5265,48.154],[16.5435,48.1431],[16.576,48.1352],[16.5774,48.1513],[16.5733,48.1551],[16.5764,48.1589],[16.573,48.1632],[16.5681,48.1636],[16.5616,48.1604],[16.5579,48.1641],[16.5532,48.162],[16.5467,48.1716],[16.5503,48.1715],[16.5497,48.1767],[16.5417,48.1769],[16.5447,48.1729],[16.5363,48.1771],[16.5386,48.1867],[16.5418,48.1914],[16.5363,48.2004],[16.546,48.2162],[16.5469,48.2234],[16.5527,48.239],[16.5482,48.2427],[16.5394,48.2428],[16.5425,48.2541],[16.547,48.263],[16.5385,48.2642],[16.5326,48.2621],[16.5208,48.2646],[16.5128,48.2678],[16.5141,48.271],[16.5067,48.2736],[16.5149,48.2855],[16.5132,48.2872],[16.4961,48.2919],[16.4814,48.2932],[16.4835,48.2794],[16.4812,48.2734],[16.4781,48.274],[16.4404,48.2919],[16.4403,48.3035],[16.4378,48.3168],[16.4248,48.3218],[16.4168,48.3225],[16.4042,48.3193],[16.4029,48.3168],[16.3941,48.3193],[16.3817,48.3171],[16.3806,48.3129],[16.3848,48.3039],[16.3798,48.302],[16.3756,48.296],[16.378,48.2884],[16.3673,48.287],[16.368,48.2811],[16.3535,48.2837],[16.3481,48.2905],[16.3412,48.289],[16.3452,48.2856],[16.3322,48.2809],[16.3278,48.2771],[16.3207,48.2782],[16.3146,48.274],[16.3059,48.2717],[16.3003,48.2733],[16.2885,48.2702],[16.2868,48.2664],[16.2941,48.2645],[16.2858,48.2584],[16.2687,48.2549],[16.2703,48.2519],[16.261,48.2455],[16.2566,48.2399],[16.2415,48.2383],[16.2375,48.2434],[16.241,48.2481],[16.2338,48.2503],[16.2213,48.2582],[16.2145,48.2598],[16.2089,48.2642],[16.2051,48.2621],[16.2056,48.2562],[16.1962,48.2498],[16.1935,48.2432],[16.1936,48.2334],[16.1995,48.2309],[16.1852,48.2232],[16.1961,48.2234],[16.195,48.2196],[16.1979,48.2142],[16.2096,48.2096],[16.2019,48.2048],[16.2074,48.2023],[16.2031,48.1909],[16.1998,48.1862],[16.1878,48.1771],[16.1872,48.1736],[16.1818,48.1711],[16.1938,48.1663],[16.1974,48.1609],[16.1982,48.1541],[16.2035,48.1555],[16.2193,48.1533],[16.2105,48.1493],[16.2217,48.1361],[16.2384,48.1372],[16.2386,48.132],[16.2181,48.1281],[16.2189,48.1238],[16.2356,48.1299],[16.2441,48.1311],[16.2597,48.13],[16.2682,48.1338],[16.2978,48.1295],[16.2986,48.1253]]]},"properties":{"code":"AT13"}},
{"type":"Feature","geometry":{"type":"Polygon","coordinates":[[[12.8369,46.6275],[12.8334,46.6213],[12.8338,46.6098],[12.8427,46.6063],[12.8527,46.6046],[12.8607,46.6064],[12.8653,46.6097],[12.873,46.6075],[12.8773,46.6092],[12.8881,46.6066],[12.8989,46.6097],[12.905,46.6076],[12.91,46.6097],[12.9177,46.6087],[12.9286,46.6105],[12.9489,46.6022],[12.9565,46.6065],[12.9782,46.6007],[12.982,46.6022],[12.9872,46.5994],[12.9992,46.6025],[13.0074,46.5992],[13.0213,46.6022],[13.0326,46.596],[13.0388,46.5972],[13.0476,46.5953],[13.0637,46.5999],[13.079,46.5991],[13.0835,46.602],[13.0919,46.6005],[13.1059,46.5944],[13.1089,46.596],[13.1218,46.5917],[13.1421,46.5898],[13.1463,46.5871],[13.1509,46.59],[13.1625,46.5882],[13.1686,46.5889],[13.1686,46.585],[13.1771,46.5817],[13.1791,46.5778],[13.1932,46.5723],[13.2033,46.5723],[13.2107,46.5693],[13.2174,46.5705],[13.2207,46.5659],[13.2273,46.5635],[13.2324,46.559],[13.2326,46.5536],[13.2398,46.5517],[13.2412,46.5555],[13.246,46.556],[13.2529,46.5605],[13.2608,46.5575],[13.2678,46.5607],[13.2733,46.5609],[13.2855,46.5571],[13.2878,46.5592],[13.2976,46.5603],[13.3087,46.5541],[13.3202,46.5513],[13.3277,46.5581],[13.332,46.5595],[13.3439,46.5696],[13.3525,46.5665],[13.3629,46.5701],[13.3705,46.567],[13.3684,46.5738],[13.3722,46.5793],[13.3886,46.5767],[13.4017,46.5717],[13.4091,46.5715],[13.4075,46.5615],[13.4272,46.5575],[13.4337,46.5586],[13.446,46.5565],[13.454,46.5594],[13.4747,46.5573],[13.4817,46.5608],[13.5043,46.5663],[13.5072,46.5587],[13.5055,46.556],[13.5115,46.5554],[13.5149,46.5486],[13.5202,46.5469],[13.5337,46.5494],[13.5392,46.5529],[13.547,46.5535],[13.5637,46.5511],[13.5692,46.5451],[13.5709,46.5389],[13.5766,46.538],[13.5835,46.5401],[13.5872,46.5446],[13.5974,46.5457],[13.6011,46.5431],[13.6279,46.5413],[13.6346,46.5369],[13.6567,46.53],[13.6592,46.5276],[13.6667,46.5268],[13.6731,46.5231],[13.691,46.521],[13.6983,46.5233],[13.7053,46.521],[13.7215,46.5235],[13.7374,46.5171],[13.7543,46.518],[13.7653,46.5147],[13.7787,46.5171],[13.7801,46.5121],[13.7947,46.5053],[13.8059,46.507],[13.8115,46.506],[13.822,46.5127],[13.8271,46.5136],[13.8335,46.5186],[13.8379,46.516],[13.8555,46.5139],[13.8624,46.5151],[13.8714,46.5192],[13.8796,46.5195],[13.882,46.5228],[13.8941,46.5204],[13.9014,46.5188],[13.9113,46.5211],[13.9231,46.5187],[13.9273,46.5141],[13.9444,46.5108],[13.9695,46.497],[13.9756,46.4983],[13.9888,46.4929],[13.9895,46.4883],[13.9979,46.487],[14.0064,46.4814],[14.0209,46.4816],[14.032,46.4894],[14.0406,46.493],[14.0516,46.4931],[14.0682,46.4878],[14.0947,46.4849],[14.1019,46.4789],[14.1042,46.4798],[14.1215,46.4766],[14.1202,46.475],[14.1295,46.4664],[14.1282,46.4652],[14.1351,46.4587],[14.1359,46.4551],[14.1357,46.4531],[14.1351,46.451],[14.1418,46.4462],[14.1512,46.443],[14.1525,46.4373],[14.1592,46.4342],[14.1766,46.434],[14.1785,46.4367],[14.1791,46.4372],[14.1922,46.4425],[14.1978,46.441],[14.1989,46.4408],[14.2125,46.4399],[14.2148,46.4427],[14.2186,46.443],[14.2195,46.4429],[14.2197,46.4426],[14.224,46.4394],[14.2276,46.4356],[14.2328,46.4335],[14.2437,46.4335],[14.2504,46.4355],[14.2562,46.4389],[14.2641,46.4382],[14.2747,46.4425],[14.2836,46.4434],[14.2989,46.4391],[14.3082,46.4306],[14.3224,46.4313],[14.3228,46.4313],[14.3323,46.4319],[14.3438,46.4372],[14.3442,46.4374],[14.3463,46.437],[14.35,46.4373],[14.35,46.4374],[14.3501,46.4374],[14.3564,46.4386],[14.3619,46.4384],[14.3763,46.4397],[14.3872,46.4408],[14.3926,46.4426],[14.3941,46.4431],[14.4123,46.4455],[14.4124,46.4455],[14.4134,46.4457],[14.4143,46.4458],[14.4168,46.4455],[14.4243,46.4457],[14.4274,46.4464],[14.4296,46.447],[14.4384,46.4417],[14.4321,46.4394],[14.4313,46.4342],[14.4423,46.4276],[14.4426,46.4231],[14.4574,46.4211],[14.4669,46.422],[14.4779,46.4186],[14.4783,46.4139],[14.4844,46.4154],[14.4922,46.4129],[14.4975,46.4189],[14.5101,46.426],[14.5218,46.4273],[14.5221,46.4238],[14.5321,46.4146],[14.5399,46.4116],[14.5421,46.4036],[14.5503,46.3966],[14.5568,46.3852],[14.5559,46.3793],[14.5611,46.3741],[14.5762,46.3761],[14.5812,46.3807],[14.5812,46.3864],[14.5876,46.3964],[14.5866,46.4042],[14.5894,46.4103],[14.5886,46.4144],[14.5833,46.4159],[14.5863,46.4296],[14.5963,46.434],[14.596,46.4368],[14.6047,46.4369],[14.6095,46.4395],[14.6315,46.4395],[14.6409,46.443],[14.6524,46.445],[14.6597,46.4445],[14.6666,46.45],[14.6748,46.4507],[14.6793,46.4578],[14.6757,46.4615],[14.6832,46.4679],[14.6866,46.4654],[14.6993,46.4636],[14.7024,46.4673],[14.6976,46.4745],[14.7021,46.4804],[14.7089,46.4807],[14.7147,46.4999],[14.7219,46.4982],[14.7284,46.4904],[14.7413,46.5052],[14.7483,46.4976],[14.7591,46.5044],[14.7768,46.5046],[14.7798,46.5004],[14.7844,46.4995],[14.7988,46.5041],[14.806,46.5076],[14.8186,46.5094],[14.8176,46.5221],[14.8252,46.53],[14.8229,46.5356],[14.8318,46.5393],[14.823,46.5432],[14.8261,46.5481],[14.8323,46.5485],[14.832,46.5512],[14.8381,46.5587],[14.8346,46.5629],[14.8403,46.5662],[14.8379,46.568],[14.8437,46.577],[14.8518,46.5817],[14.858,46.5931],[14.8648,46.5933],[14.8676,46.5994],[14.8671,46.6045],[14.8705,46.6073],[14.8787,46.6083],[14.8797,46.6113],[14.8898,46.6127],[14.9002,46.6095],[14.9052,46.6052],[14.9137,46.6063],[14.9189,46.6019],[14.923,46.6032],[14.9206,46.6175],[14.9239,46.6204],[14.9312,46.6153],[14.937,46.6202],[14.9398,46.6196],[14.9557,46.6327],[14.967,46.6279],[14.9716,46.623],[14.9746,46.6089],[14.9794,46.6014],[14.9846,46.6036],[14.9864,46.608],[14.9949,46.6138],[14.9947,46.6213],[15.0118,46.6348],[15.0162,46.6408],[15.0301,46.6452],[15.034,46.6489],[15.044,46.6521],[15.0651,46.6521],[15.064,46.6581],[15.0539,46.6617],[15.0492,46.6662],[15.0507,46.6701],[15.0438,46.6672],[15.0343,46.666],[15.0245,46.6697],[15.025,46.6762],[15.0305,46.678],[15.0344,46.6944],[15.0345,46.7058],[15.0378,46.7106],[15.0444,46.7147],[15.0427,46.7234],[15.0359,46.7283],[15.0392,46.7321],[15.0446,46.733],[15.0384,46.7366],[15.0315,46.7457],[15.0336,46.7498],[15.0272,46.7594],[15.0308,46.7689],[15.0267,46.7723],[15.0173,46.7736],[14.9976,46.7788],[14.9967,46.7808],[14.9839,46.7817],[14.9763,46.7848],[14.9795,46.7915],[14.9788,46.7962],[14.982,46.8061],[14.9877,46.8094],[14.9904,46.8224],[14.9954,46.8275],[15.0059,46.8318],[15.0134,46.8332],[15.0196,46.8443],[15.01,46.8545],[15.0084,46.8614],[15.0106,46.872],[15.0082,46.8799],[15.0149,46.8808],[15.0194,46.892],[15.0278,46.9077],[15.0201,46.916],[15.0171,46.9227],[15.0063,46.9301],[14.9987,46.9324],[14.9923,46.9386],[14.9941,46.9408],[14.9892,46.9447],[14.9857,46.9532],[14.9797,46.9577],[14.979,46.9636],[14.9725,46.9688],[14.9666,46.9822],[14.9581,46.9889],[14.9493,46.993],[14.9389,46.9929],[14.9039,47.0003],[14.8863,47.0103],[14.8819,47.0162],[14.8732,47.0225],[14.8562,47.0253],[14.8404,47.0384],[14.8435,47.0476],[14.8305,47.0496],[14.8242,47.0474],[14.8142,47.0408],[14.798,47.0385],[14.7936,47.0365],[14.7894,47.0387],[14.7828,47.0374],[14.7737,47.0394],[14.7676,47.0385],[14.7563,47.0341],[14.7322,47.0267],[14.7269,47.0224],[14.7291,47.016],[14.7228,47.0206],[14.7161,47.0182],[14.704,47.0199],[14.6987,47.0163],[14.69,47.0189],[14.6796,47.0176],[14.6647,47.0183],[14.6501,47.0141],[14.6388,47.0148],[14.6248,47.0121],[14.6153,46.9979],[14.6024,47.0009],[14.5928,47.0016],[14.5866,47.0116],[14.5754,47.0127],[14.5506,47.0116],[14.5455,47.0133],[14.5321,47.0117],[14.5256,47.0091],[14.5162,47.0097],[14.5152,47.0142],[14.5032,47.019],[14.5049,47.0265],[14.4969,47.0262],[14.4779,47.0194],[14.4733,47.0086],[14.4711,47.0109],[14.4643,47.0097],[14.457,47.0116],[14.4597,47.0082],[14.4599,47.0018],[14.4565,46.996],[14.4488,46.9945],[14.446,46.9965],[14.4261,46.9968],[14.4206,46.9928],[14.4029,46.9881],[14.3962,46.9807],[14.3911,46.982],[14.3859,46.98],[14.3828,46.9835],[14.3803,46.9917],[14.3774,46.9921],[14.3769,46.9981],[14.3796,47.003],[14.3785,47.0087],[14.3816,47.0155],[14.3707,47.0199],[14.3634,47.0253],[14.3467,47.026],[14.341,47.0238],[14.3339,47.0259],[14.3285,47.0298],[14.3188,47.0279],[14.303,47.0289],[14.2881,47.026],[14.2831,47.029],[14.2777,47.0261],[14.2706,47.0294],[14.2648,47.0259],[14.2557,47.0297],[14.2502,47.0347],[14.235,47.0258],[14.2234,47.038],[14.2229,47.0478],[14.2165,47.0617],[14.2049,47.0712],[14.2044,47.0759],[14.1918,47.0716],[14.1839,47.0654],[14.1743,47.0623],[14.1717,47.0578],[14.1616,47.0524],[14.1447,47.0594],[14.1373,47.0592],[14.1335,47.0623],[14.1285,47.0609],[14.1235,47.0558],[14.1257,47.0454],[14.1188,47.04],[14.1113,47.0409],[14.1018,47.0381],[14.1016,47.035],[14.0952,47.0334],[14.0932,47.0296],[14.0875,47.0287],[14.0751,47.0193],[14.0724,47.0128],[14.0644,47.0087],[14.0499,47.0043],[14.0428,47.004],[14.0278,47.0069],[14.0146,47.0019],[14.0164,46.9876],[14.0112,46.985],[14.0057,46.9785],[14.0093,46.9749],[14.0061,46.9705],[13.9962,46.9689],[13.9923,46.9662],[13.9837,46.9669],[13.9696,46.9631],[13.9645,46.9631],[13.9538,46.9563],[13.9498,46.9582],[13.9517,46.9426],[13.9417,46.9414],[13.9344,46.9456],[13.9187,46.9398],[13.9112,46.933],[13.8998,46.9337],[13.897,46.9274],[13.8884,46.9252],[13.8819,46.9178],[13.8704,46.9177],[13.866,46.9201],[13.8561,46.9173],[13.8497,46.9095],[13.8382,46.9126],[13.8349,46.915],[13.8288,46.9132],[13.8191,46.9182],[13.8166,46.9178],[13.8102,46.9255],[13.8004,46.9296],[13.7925,46.9363],[13.7848,46.9376],[13.7847,46.9439],[13.7789,46.9448],[13.7744,46.9526],[13.7781,46.9555],[13.7736,46.9621],[13.7744,46.9686],[13.7718,46.977],[13.7669,46.9807],[13.7586,46.9823],[13.7584,46.9892],[13.7447,46.9939],[13.7337,46.9892],[13.7224,46.9912],[13.706,46.9959],[13.7021,47.0019],[13.6937,47.0061],[13.6914,47.0119],[13.6912,47.0194],[13.6875,47.0291],[13.6955,47.0333],[13.6933,47.0402],[13.6641,47.0395],[13.6455,47.0403],[13.6376,47.0555],[13.6157,47.0591],[13.6114,47.057],[13.5958,47.0545],[13.5942,47.056],[13.5808,47.052],[13.5586,47.056],[13.5548,47.0588],[13.5467,47.06],[13.5381,47.0638],[13.5315,47.0643],[13.5217,47.0685],[13.5031,47.0701],[13.5019,47.0719],[13.4885,47.0736],[13.4831,47.076],[13.4616,47.0787],[13.458,47.0803],[13.439,47.0779],[13.4277,47.0814],[13.4172,47.0775],[13.4064,47.0692],[13.3983,47.0704],[13.388,47.0755],[13.3821,47.0803],[13.3815,47.0852],[13.3814,47.0853],[13.3815,47.086],[13.3775,47.0935],[13.3774,47.0935],[13.3618,47.0989],[13.355,47.0972],[13.3549,47.0972],[13.3463,47.0956],[13.3326,47.0956],[13.3236,47.0909],[13.3114,47.0881],[13.3101,47.0861],[13.2999,47.0878],[13.2901,47.0944],[13.2773,47.0952],[13.2685,47.0917],[13.2498,47.0875],[13.2455,47.0786],[13.2394,47.0715],[13.2455,47.0679],[13.2481,47.0506],[13.2147,47.0441],[13.197,47.0426],[13.1846,47.0437],[13.1764,47.0409],[13.1677,47.0408],[13.162,47.037],[13.1467,47.035],[13.1338,47.0349],[13.127,47.0271],[13.1122,47.0255],[13.0956,47.0254],[13.0893,47.0277],[13.0803,47.0268],[13.0798,47.0203],[13.073,47.0134],[13.0578,47.0176],[13.0491,47.0224],[13.0449,47.0215],[13.0333,47.0271],[13.0199,47.0302],[13.0212,47.0393],[13.0179,47.0415],[13.0031,47.0439],[12.9955,47.0385],[12.9854,47.0356],[12.9826,47.0384],[12.9648,47.039],[12.9569,47.0432],[12.953,47.0493],[12.9556,47.0542],[12.9432,47.0592],[12.943,47.0637],[12.9364,47.0731],[12.9375,47.0762],[12.9193,47.0816],[12.9015,47.0808],[12.8925,47.0813],[12.8851,47.0846],[12.8775,47.0842],[12.8709,47.0863],[12.8597,47.0807],[12.8368,47.0828],[12.8318,47.0906],[12.8246,47.0928],[12.8203,47.0977],[12.8048,47.098],[12.8039,47.0955],[12.795,47.0929],[12.7838,47.0925],[12.7728,47.1009],[12.7642,47.1003],[12.7563,47.0977],[12.7389,47.1003],[12.7331,47.1044],[12.7357,47.1115],[12.7309,47.131],[12.7254,47.1313],[12.7147,47.1278],[12.7042,47.1218],[12.6971,47.1216],[12.689,47.1243],[12.6723,47.1207],[12.6672,47.1217],[12.6682,47.1139],[12.673,47.1093],[12.6707,47.1068],[12.6568,47.0995],[12.6686,47.0914],[12.6744,47.091],[12.6809,47.084],[12.695,47.0739],[12.7013,47.0706],[12.7105,47.0484],[12.717,47.0435],[12.7427,47.0418],[12.7579,47.0458],[12.7659,47.0444],[12.7723,47.0402],[12.7561,47.0335],[12.7549,47.0249],[12.7478,47.0211],[12.7423,47.0145],[12.7358,47.013],[12.7375,47.0039],[12.7317,46.9988],[12.7246,46.9958],[12.7259,46.9924],[12.7363,46.9829],[12.744,46.9675],[12.7446,46.9605],[12.7505,46.9567],[12.7596,46.9566],[12.7625,46.9511],[12.7696,46.9448],[12.7802,46.9401],[12.7864,46.9396],[12.7829,46.9319],[12.7993,46.9234],[12.812,46.9229],[12.82,46.9208],[12.8253,46.917],[12.8371,46.9125],[12.8384,46.9099],[12.8321,46.9027],[12.832,46.8998],[12.8413,46.8899],[12.8436,46.8734],[12.8412,46.861],[12.8522,46.8571],[12.8718,46.8485],[12.8766,46.8445],[12.8865,46.8425],[12.8939,46.8322],[12.892,46.8297],[12.8979,46.8245],[12.9141,46.8214],[12.9244,46.8143],[12.9341,46.8112],[12.9446,46.8049],[12.956,46.8],[12.9635,46.7987],[12.9658,46.7877],[12.9596,46.7833],[12.954,46.7825],[12.9469,46.7765],[12.9458,46.7709],[12.9314,46.764],[12.9163,46.7671],[12.9105,46.7723],[12.8994,46.7769],[12.8767,46.7626],[12.8668,46.7606],[12.8568,46.7602],[12.8412,46.7493],[12.8332,46.7483],[12.8263,46.7519],[12.8137,46.749],[12.8126,46.7553],[12.8016,46.7567],[12.7941,46.7546],[12.791,46.7565],[12.7871,46.7522],[12.777,46.7521],[12.7665,46.7495],[12.7571,46.7503],[12.7482,46.7475],[12.7384,46.741],[12.725,46.7434],[12.7119,46.7357],[12.7144,46.731],[12.7101,46.7199],[12.7097,46.7133],[12.713,46.7123],[12.7215,46.703],[12.7112,46.705],[12.6963,46.7044],[12.6925,46.7017],[12.6924,46.6891],[12.6867,46.6862],[12.6878,46.6805],[12.6837,46.68],[12.6901,46.6749],[12.6915,46.6647],[12.6906,46.657],[12.7017,46.6508],[12.7167,46.6487],[12.7216,46.6417],[12.7268,46.6404],[12.7314,46.6343],[12.7451,46.6378],[12.751,46.6454],[12.7625,46.6479],[12.7761,46.6467],[12.7954,46.6424],[12.7967,46.6378],[12.8043,46.633],[12.819,46.6282],[12.8312,46.6313],[12.8369,46.6275]]]},"properties":{"code":"AT21"}},
{"type":"Feature","geometry":{"type":"Polygon","coordinates":[[[16.1718,47.4224],[16.167,47.4262],[16.1605,47.4265],[16.1595,47.4293],[16.144,47.438],[16.1407,47.4418],[16.1376,47.4504],[16.1319,47.4538],[16.1333,47.4595],[16.138,47.4613],[16.133,47.4695],[16.1267,47.4683],[16.1245,47.4734],[16.1151,47.4743],[16.1203,47.4779],[16.1185,47.483],[16.1212,47.4878],[16.1159,47.4895],[16.1141,47.4991],[16.1186,47.5059],[16.1213,47.5113],[16.1212,47.5113],[16.1139,47.5068],[16.1109,47.5106],[16.1153,47.5143],[16.1153,47.5144],[16.1117,47.5165],[16.1114,47.5222],[16.1095,47.525],[16.0978,47.5241],[16.0938,47.5163],[16.0945,47.512],[16.0905,47.5078],[16.0814,47.506],[16.0784,47.4992],[16.0747,47.503],[16.0652,47.5019],[16.0638,47.4895],[16.0651,47.4863],[16.0578,47.4846],[16.0463,47.4916],[16.0428,47.4966],[16.0413,47.5007],[16.0328,47.5042],[16.0263,47.5127],[16.0106,47.5176],[16.0016,47.5154],[15.9852,47.5171],[15.974,47.5202],[15.9562,47.5171],[15.9511,47.5183],[15.9363,47.5263],[15.9219,47.53],[15.9139,47.5304],[15.9121,47.5358],[15.904,47.5424],[15.9029,47.5548],[15.9055,47.558],[15.9043,47.5628],[15.8879,47.5712],[15.8738,47.5733],[15.869,47.5716],[15.8644,47.5659],[15.8488,47.5664],[15.8451,47.5759],[15.8445,47.5863],[15.8489,47.5906],[15.848,47.5968],[15.8564,47.6028],[15.8566,47.6061],[15.8623,47.6138],[15.8567,47.6208],[15.8446,47.6171],[15.833,47.6224],[15.8301,47.6321],[15.8218,47.638],[15.8068,47.6351],[15.7963,47.6364],[15.7894,47.6399],[15.7818,47.6392],[15.7807,47.6426],[15.7701,47.6401],[15.7631,47.635],[15.75,47.6322],[15.7409,47.6333],[15.7441,47.641],[15.7345,47.6456],[15.7251,47.6464],[15.7285,47.6564],[15.7287,47.6642],[15.7247,47.6695],[15.7219,47.6793],[15.7177,47.6846],[15.7196,47.6898],[15.715,47.6952],[15.7157,47.7029],[15.7192,47.7098],[15.7154,47.7126],[15.6967,47.7129],[15.6915,47.7052],[15.6787,47.699],[15.6703,47.71],[15.6621,47.712],[15.6518,47.7176],[15.6419,47.7175],[15.636,47.7154],[15.629,47.7243],[15.6292,47.7274],[15.6242,47.7324],[15.6156,47.7468],[15.6117,47.7511],[15.601,47.7516],[15.5855,47.7487],[15.5688,47.7492],[15.5613,47.7455],[15.554,47.7465],[15.5517,47.7495],[15.5289,47.7459],[15.5207,47.7477],[15.5135,47.7467],[15.5086,47.753],[15.5145,47.7557],[15.5162,47.7631],[15.5104,47.7666],[15.5016,47.7689],[15.4916,47.7683],[15.4845,47.7707],[15.4733,47.7713],[15.461,47.7697],[15.4549,47.7729],[15.4499,47.7728],[15.4411,47.7857],[15.44,47.7904],[15.4333,47.7915],[15.4233,47.7853],[15.4119,47.7844],[15.4085,47.7878],[15.4031,47.8006],[15.4061,47.8128],[15.4011,47.8148],[15.3918,47.8128],[15.3906,47.8167],[15.3749,47.8254],[15.3611,47.8238],[15.3543,47.8266],[15.3448,47.8256],[15.3407,47.8278],[15.3332,47.8274],[15.3252,47.8214],[15.3119,47.8227],[15.3081,47.8199],[15.2984,47.8206],[15.2956,47.8123],[15.2926,47.8096],[15.2955,47.8018],[15.2913,47.7992],[15.2908,47.7933],[15.2872,47.7902],[15.2628,47.7935],[15.2534,47.7928],[15.2424,47.7973],[15.2343,47.7988],[15.2173,47.796],[15.2151,47.7916],[15.2081,47.7878],[15.2065,47.7777],[15.2008,47.775],[15.2023,47.7705],[15.2081,47.7706],[15.2104,47.7631],[15.1994,47.7534],[15.1939,47.7558],[15.1748,47.7558],[15.1685,47.7537],[15.159,47.7584],[15.1456,47.7572],[15.1388,47.7612],[15.1301,47.753],[15.1316,47.7478],[15.126,47.7461],[15.092,47.7418],[15.0789,47.7428],[15.0559,47.7409],[15.0347,47.7527],[15.0283,47.7523],[15.0214,47.7479],[15.0032,47.7441],[14.9972,47.7414],[14.9864,47.7401],[14.9728,47.7436],[14.9676,47.7372],[14.952,47.7329],[14.943,47.7242],[14.9314,47.7173],[14.9278,47.7106],[14.9151,47.7108],[14.9128,47.709],[14.8978,47.7109],[14.8938,47.7131],[14.8835,47.7135],[14.8766,47.716],[14.8765,47.7263],[14.8606,47.7414],[14.84,47.734],[14.8309,47.739],[14.8329,47.7437],[14.8183,47.7442],[14.8094,47.7371],[14.8038,47.7386],[14.7918,47.7353],[14.7868,47.7323],[14.767,47.7263],[14.7612,47.7331],[14.751,47.7361],[14.7361,47.7449],[14.7385,47.7487],[14.726,47.755],[14.7217,47.7555],[14.7147,47.7608],[14.7068,47.7606],[14.6974,47.7658],[14.6877,47.7589],[14.6824,47.7505],[14.67,47.741],[14.6523,47.7384],[14.6469,47.7294],[14.6486,47.7265],[14.6176,47.7307],[14.6118,47.7286],[14.599,47.7272],[14.586,47.7182],[14.5711,47.7163],[14.5536,47.7197],[14.537,47.7137],[14.5318,47.7137],[14.5212,47.704],[14.5278,47.6955],[14.5237,47.6877],[14.5172,47.6818],[14.5102,47.6789],[14.5018,47.6782],[14.4887,47.6821],[14.4743,47.6749],[14.4713,47.6693],[14.466,47.6695],[14.4493,47.6638],[14.4473,47.6567],[14.4367,47.6526],[14.4234,47.6529],[14.4209,47.6566],[14.3975,47.6527],[14.3926,47.6484],[14.395,47.6378],[14.3889,47.6346],[14.3809,47.634],[14.3702,47.629],[14.3613,47.6291],[14.3345,47.6184],[14.3264,47.6076],[14.3209,47.6085],[14.3126,47.6064],[14.3028,47.6096],[14.2965,47.6079],[14.282,47.6145],[14.2644,47.6105],[14.2553,47.6128],[14.2502,47.6192],[14.2346,47.6279],[14.2231,47.6421],[14.2326,47.6506],[14.2185,47.6502],[14.2061,47.6525],[14.1913,47.6444],[14.1869,47.6443],[14.1823,47.6391],[14.1758,47.6377],[14.1688,47.6399],[14.16,47.6366],[14.1456,47.637],[14.1362,47.6338],[14.1327,47.6298],[14.1227,47.6276],[14.1106,47.6273],[14.0955,47.6232],[14.0931,47.6195],[14.08,47.6193],[14.0647,47.6159],[14.0601,47.618],[14.0508,47.6172],[14.0544,47.6252],[14.0463,47.6264],[14.0554,47.6679],[14.0478,47.6744],[14.0369,47.6792],[14.0198,47.6908],[14.0106,47.7009],[14.0017,47.703],[13.9953,47.6998],[13.9832,47.6973],[13.9691,47.7036],[13.9517,47.7097],[13.9352,47.7097],[13.92,47.7051],[13.9068,47.7112],[13.9034,47.7176],[13.8959,47.7175],[13.8826,47.7226],[13.8784,47.7215],[13.8777,47.7258],[13.8682,47.7235],[13.8623,47.726],[13.8554,47.7172],[13.8509,47.7144],[13.8402,47.7187],[13.8234,47.7158],[13.7999,47.714],[13.793,47.7124],[13.7786,47.7185],[13.7774,47.7145],[13.7711,47.711],[13.7671,47.706],[13.7555,47.7001],[13.7496,47.6874],[13.7385,47.686],[13.7339,47.6839],[13.737,47.6741],[13.7259,47.6725],[13.7126,47.6676],[13.7067,47.6648],[13.7076,47.6554],[13.7046,47.6453],[13.6962,47.6323],[13.6941,47.6231],[13.6994,47.5986],[13.6917,47.5887],[13.6947,47.5793],[13.7024,47.5815],[13.7129,47.5796],[13.7132,47.5753],[13.7355,47.577],[13.7407,47.5688],[13.7559,47.5527],[13.757,47.5448],[13.747,47.5437],[13.752,47.5263],[13.7607,47.5203],[13.7491,47.5016],[13.7288,47.4903],[13.7195,47.4804],[13.7173,47.4737],[13.7226,47.4621],[13.7126,47.4612],[13.7056,47.4639],[13.6677,47.4627],[13.6396,47.4665],[13.6264,47.4675],[13.6256,47.4695],[13.61,47.4751],[13.6025,47.4741],[13.5962,47.4756],[13.589,47.473],[13.5857,47.4748],[13.5924,47.4602],[13.5857,47.4535],[13.5826,47.4449],[13.5785,47.4416],[13.5739,47.427],[13.5633,47.4205],[13.5642,47.4133],[13.5739,47.4058],[13.5721,47.3933],[13.5809,47.3838],[13.584,47.3721],[13.5825,47.3691],[13.5856,47.3609],[13.5895,47.359],[13.5997,47.3407],[13.6035,47.3297],[13.5955,47.3175],[13.5958,47.3127],[13.6028,47.3109],[13.6022,47.3014],[13.5977,47.2935],[13.6076,47.2835],[13.622,47.2831],[13.6236,47.2793],[13.6315,47.274],[13.6417,47.2741],[13.6514,47.2767],[13.6691,47.2719],[13.6748,47.2746],[13.6825,47.269],[13.6956,47.2651],[13.696,47.2604],[13.7119,47.2595],[13.7139,47.2702],[13.7197,47.2758],[13.7253,47.2783],[13.7296,47.277],[13.7388,47.2783],[13.7514,47.276],[13.7606,47.2663],[13.7779,47.274],[13.7839,47.2752],[13.7911,47.2814],[13.7893,47.289],[13.7976,47.2874],[13.8045,47.2927],[13.8172,47.2962],[13.8253,47.2932],[13.823,47.2902],[13.8271,47.283],[13.8234,47.2782],[13.8272,47.2742],[13.8215,47.2702],[13.8236,47.267],[13.8447,47.2611],[13.8516,47.2569],[13.8624,47.2541],[13.8679,47.2452],[13.8653,47.2383],[13.8529,47.2329],[13.8501,47.2296],[13.8648,47.2199],[13.8663,47.2154],[13.8741,47.2123],[13.8841,47.2035],[13.9032,47.1947],[13.8974,47.1909],[13.8943,47.1855],[13.8986,47.1827],[13.9089,47.1856],[13.9153,47.1799],[13.9168,47.1706],[13.9197,47.1718],[13.9359,47.1694],[13.9524,47.1643],[13.9604,47.1593],[13.9679,47.1505],[13.9774,47.1463],[13.9936,47.1421],[13.992,47.1362],[13.9961,47.1328],[13.9929,47.1292],[13.9833,47.125],[13.9726,47.127],[13.9599,47.1237],[13.9539,47.1253],[13.9487,47.1295],[13.9438,47.1366],[13.9385,47.1362],[13.9276,47.1297],[13.9091,47.1233],[13.8981,47.1137],[13.8924,47.1143],[13.8873,47.1098],[13.8812,47.108],[13.8831,47.1049],[13.8775,47.0975],[13.8783,47.0942],[13.8862,47.0914],[13.8894,47.0851],[13.9068,47.0701],[13.9038,47.0632],[13.8963,47.0563],[13.8905,47.0539],[13.8819,47.0387],[13.8725,47.0301],[13.8637,47.0196],[13.8631,47.0003],[13.8648,46.9963],[13.8576,46.9925],[13.845,46.9891],[13.842,46.98],[13.8324,46.9737],[13.8318,46.9654],[13.8276,46.9617],[13.817,46.958],[13.813,46.9518],[13.7984,46.9503],[13.7908,46.9448],[13.7847,46.9439],[13.7848,46.9376],[13.7925,46.9363],[13.8004,46.9296],[13.8102,46.9255],[13.8166,46.9178],[13.8191,46.9182],[13.8288,46.9132],[13.8349,46.915],[13.8382,46.9126],[13.8497,46.9095],[13.8561,46.9173],[13.866,46.9201],[13.8704,46.9177],[13.8819,46.9178],[13.8884,46.9252],[13.897,46.9274],[13.8998,46.9337],[13.9112,46.933],[13.9187,46.9398],[13.9344,46.9456],[13.9417,46.9414],[13.9517,46.9426],[13.9498,46.9582],[13.9538,46.9563],[13.9645,46.9631],[13.9696,46.9631],[13.9837,46.9669],[13.9923,46.9662],[13.9962,46.9689],[14.0061,46.9705],[14.0093,46.9749],[14.0057,46.9785],[14.0112,46.985],[14.0164,46.9876],[14.0146,47.0019],[14.0278,47.0069],[14.0428,47.004],[14.0499,47.0043],[14.0644,47.0087],[14.0724,47.0128],[14.0751,47.0193],[14.0875,47.0287],[14.0932,47.0296],[14.0952,47.0334],[14.1016,47.035],[14.1018,47.0381],[14.1113,47.0409],[14.1188,47.04],[14.1257,47.0454],[14.1235,47.0558],[14.1285,47.0609],[14.1335,47.0623],[14.1373,47.0592],[14.1447,47.0594],[14.1616,47.0524],[14.1717,47.0578],[14.1743,47.0623],[14.1839,47.0654],[14.1918,47.0716],[14.2044,47.0759],[14.2049,47.0712],[14.2165,47.0617],[14.2229,47.0478],[14.2234,47.038],[14.235,47.0258],[14.2502,47.0347],[14.2557,47.0297],[14.2648,47.0259],[14.2706,47.0294],[14.2777,47.0261],[14.2831,47.029],[14.2881,47.026],[14.303,47.0289],[14.3188,47.0279],[14.3285,47.0298],[14.3339,47.0259],[14.341,47.0238],[14.3467,47.026],[14.3634,47.0253],[14.3707,47.0199],[14.3816,47.0155],[14.3785,47.0087],[14.3796,47.003],[14.3769,46.9981],[14.3774,46.9921],[14.3803,46.9917],[14.3828,46.9835],[14.3859,46.98],[14.3911,46.982],[14.3962,46.9807],[14.4029,46.9881],[14.4206,46.9928],[14.4261,46.9968],[14.446,46.9965],[14.4488,46.9945],[14.4565,46.996],[14.4599,47.0018],[14.4597,47.0082],[14.457,47.0116],[14.4643,47.0097],[14.4711,47.0109],[14.4733,47.0086],[14.4779,47.0194],[14.4969,47.0262],[14.5049,47.0265],[14.5032,47.019],[14.5152,47.0142],[14.5162,47.0097],[14.5256,47.0091],[14.5321,47.0117],[14.5455,47.0133],[14.5506,47.0116],[14.5754,47.0127],[14.5866,47.0116],[14.5928,47.0016],[14.6024,47.0009],[14.6153,46.9979],[14.6248,47.0121],[14.6388,47.0148],[14.6501,47.0141],[14.6647,47.0183],[14.6796,47.0176],[14.69,47.0189],[14.6987,47.0163],[14.704,47.0199],[14.7161,47.0182],[14.7228,47.0206],[14.7291,47.016],[14.7269,47.0224],[14.7322,47.0267],[14.7563,47.0341],[14.7676,47.0385],[14.7737,47.0394],[14.7828,47.0374],[14.7894,47.0387],[14.7936,47.0365],[14.798,47.0385],[14.8142,47.0408],[14.8242,47.0474],[14.8305,47.0496],[14.8435,47.0476],[14.8404,47.0384],[14.8562,47.0253],[14.8732,47.0225],[14.8819,47.0162],[14.8863,47.0103],[14.9039,47.0003],[14.9389,46.9929],[14.9493,46.993],[14.9581,46.9889],[14.9666,46.9822],[14.9725,46.9688],[14.979,46.9636],[14.9797,46.9577],[14.9857,46.9532],[14.9892,46.9447],[14.9941,46.9408],[14.9923,46.9386],[14.9987,46.9324],[15.0063,46.9301],[15.0171,46.9227],[15.0201,46.916],[15.0278,46.9077],[15.0194,46.892],[15.0149,46.8808],[15.0082,46.8799],[15.0106,46.872],[15.0084,46.8614],[15.01,46.8545],[15.0196,46.8443],[15.0134,46.8332],[15.0059,46.8318],[14.9954,46.8275],[14.9904,46.8224],[14.9877,46.8094],[14.982,46.8061],[14.9788,46.7962],[14.9795,46.7915],[14.9763,46.7848],[14.9839,46.7817],[14.9967,46.7808],[14.9976,46.7788],[15.0173,46.7736],[15.0267,46.7723],[15.0308,46.7689],[15.0272,46.7594],[15.0336,46.7498],[15.0315,46.7457],[15.0384,46.7366],[15.0446,46.733],[15.0392,46.7321],[15.0359,46.7283],[15.0427,46.7234],[15.0444,46.7147],[15.0378,46.7106],[15.0345,46.7058],[15.0344,46.6944],[15.0305,46.678],[15.025,46.6762],[15.0245,46.6697],[15.0343,46.666],[15.0438,46.6672],[15.0507,46.6701],[15.0492,46.6662],[15.0539,46.6617],[15.064,46.6581],[15.0651,46.6521],[15.0764,46.6489],[15.0824,46.6451],[15.089,46.6514],[15.0975,46.6529],[15.1004,46.656],[15.1107,46.6597],[15.1157,46.6551],[15.1312,46.6506],[15.1338,46.6563],[15.1402,46.6564],[15.1432,46.6594],[15.153,46.6578],[15.1548,46.6559],[15.1624,46.6578],[15.1663,46.6545],[15.1732,46.6542],[15.1822,46.6562],[15.1894,46.6528],[15.1974,46.6457],[15.2063,46.6452],[15.218,46.6422],[15.2243,46.6434],[15.2356,46.6395],[15.244,46.6418],[15.2535,46.6421],[15.2625,46.6447],[15.2774,46.6436],[15.2934,46.6522],[15.3016,46.6533],[15.3105,46.6524],[15.3155,46.6491],[15.3219,46.6482],[15.328,46.6532],[15.3378,46.6532],[15.3434,46.651],[15.3538,46.655],[15.3557,46.6514],[15.3938,46.6521],[15.4134,46.6555],[15.4233,46.6527],[15.4217,46.6472],[15.4304,46.6466],[15.4394,46.6399],[15.4496,46.6423],[15.4569,46.639],[15.4551,46.6301],[15.4621,46.6259],[15.464,46.6221],[15.4625,46.6156],[15.4748,46.612],[15.4797,46.6139],[15.4882,46.6207],[15.5006,46.6177],[15.504,46.6143],[15.5118,46.6166],[15.5101,46.6201],[15.5156,46.6234],[15.5189,46.6214],[15.5361,46.6334],[15.5406,46.6339],[15.5424,46.63],[15.5461,46.6371],[15.5509,46.6403],[15.5456,46.6424],[15.5439,46.6461],[15.5515,46.6477],[15.5535,46.6511],[15.5487,46.6592],[15.548,46.6649],[15.544,46.6685],[15.5494,46.6721],[15.5592,46.6711],[15.5629,46.6751],[15.5675,46.6754],[15.5681,46.6803],[15.5823,46.682],[15.595,46.69],[15.6086,46.6877],[15.6039,46.6839],[15.6054,46.6812],[15.613,46.6834],[15.6199,46.6798],[15.6331,46.6817],[15.6322,46.6847],[15.6412,46.6924],[15.6433,46.6902],[15.654,46.6927],[15.6541,46.6994],[15.65,46.7058],[15.6739,46.707],[15.68,46.7059],[15.6941,46.6993],[15.72,46.696],[15.725,46.696],[15.7421,46.7],[15.7552,46.6979],[15.7704,46.6994],[15.7871,46.7077],[15.7957,46.7131],[15.806,46.7166],[15.8216,46.7201],[15.8384,46.7224],[15.8588,46.7223],[15.8697,46.7212],[15.8845,46.7174],[15.8933,46.7138],[15.9066,46.7116],[15.9166,46.7081],[15.9431,46.6906],[15.9558,46.6873],[15.9833,46.6847],[15.9986,46.6805],[16.0024,46.6779],[16.0069,46.6686],[16.0137,46.6635],[16.0225,46.6623],[16.0381,46.6561],[16.0408,46.6685],[16.0395,46.6762],[16.0425,46.6861],[16.0342,46.6976],[16.0289,46.7006],[16.0273,46.7058],[16.0298,46.7117],[16.0211,46.7109],[16.0165,46.7161],[16.0086,46.7161],[16.0018,46.7191],[16.0037,46.7225],[15.9934,46.731],[15.9918,46.7373],[15.9848,46.7524],[15.9898,46.758],[15.9882,46.7612],[15.9903,46.7719],[15.9887,46.7766],[15.994,46.7928],[15.9923,46.8029],[15.9978,46.811],[15.9884,46.8192],[15.9854,46.8273],[15.9962,46.8354],[16.0007,46.8365],[16.0054,46.8453],[16.0016,46.8477],[16.0062,46.8553],[16.0073,46.8567],[16.0096,46.8681],[16.0096,46.8772],[16.0138,46.8846],[16.0219,46.8867],[16.0322,46.893],[16.0359,46.8931],[16.0377,46.9044],[16.0474,46.9104],[16.0514,46.9087],[16.0619,46.9137],[16.063,46.9242],[16.0702,46.9355],[16.0781,46.934],[16.0929,46.9351],[16.096,46.942],[16.096,46.9435],[16.0957,46.9439],[16.0957,46.944],[16.0956,46.9444],[16.0955,46.9449],[16.095,46.946],[16.0949,46.946],[16.0949,46.9461],[16.095,46.9465],[16.095,46.9466],[16.0953,46.947],[16.0954,46.9478],[16.0953,46.9481],[16.0954,46.9482],[16.0954,46.9486],[16.0955,46.9486],[16.0957,46.9488],[16.0957,46.9489],[16.0957,46.9491],[16.0958,46.9492],[16.0952,46.9511],[16.0952,46.9512],[16.1006,46.9608],[16.1093,46.966],[16.107,46.972],[16.1127,46.9794],[16.1179,46.9797],[16.1217,46.9907],[16.1343,46.9948],[16.1545,46.9908],[16.1467,47.0007],[16.1446,46.9976],[16.142,47.0029],[16.137,47.0069],[16.1402,47.009],[16.1325,47.011],[16.13,47.0168],[16.1247,47.019],[16.1252,47.0223],[16.1214,47.0308],[16.1151,47.0319],[16.1163,47.0384],[16.1212,47.0404],[16.1211,47.0447],[16.114,47.05],[16.1112,47.0488],[16.1047,47.0608],[16.0983,47.0583],[16.0902,47.0714],[16.0875,47.0729],[16.0903,47.0817],[16.0866,47.088],[16.0922,47.0909],[16.0939,47.0957],[16.0918,47.1047],[16.0951,47.1131],[16.1016,47.1123],[16.1066,47.1178],[16.108,47.119],[16.1091,47.1269],[16.1143,47.1317],[16.1151,47.1382],[16.113,47.1422],[16.1163,47.1445],[16.1114,47.1577],[16.1134,47.1602],[16.1068,47.1714],[16.1035,47.1862],[16.0962,47.1935],[16.0882,47.2095],[16.0809,47.2296],[16.0853,47.2295],[16.0838,47.2359],[16.0854,47.2404],[16.0855,47.2405],[16.087,47.243],[16.0846,47.2507],[16.0813,47.252],[16.0832,47.2538],[16.0816,47.2555],[16.078,47.2599],[16.078,47.26],[16.0824,47.2622],[16.0749,47.2725],[16.075,47.276],[16.0645,47.2856],[16.0656,47.2903],[16.0656,47.2904],[16.0589,47.2957],[16.0619,47.305],[16.0586,47.3075],[16.0596,47.3153],[16.0513,47.3179],[16.0531,47.3221],[16.0475,47.3272],[16.051,47.332],[16.0424,47.3399],[16.0424,47.3439],[16.0368,47.3429],[16.0333,47.3499],[16.0345,47.3557],[16.0314,47.3548],[16.0243,47.3633],[16.016,47.3682],[16.034,47.3722],[16.0301,47.3793],[16.0427,47.3825],[16.0639,47.385],[16.0637,47.3912],[16.0665,47.3977],[16.0705,47.4008],[16.0717,47.4041],[16.0802,47.4061],[16.084,47.409],[16.0912,47.4084],[16.0967,47.4065],[16.0876,47.4049],[16.0894,47.4007],[16.0822,47.3973],[16.0927,47.3903],[16.1073,47.3967],[16.1001,47.4071],[16.1012,47.4148],[16.1216,47.4128],[16.1299,47.4132],[16.1334,47.4156],[16.1432,47.4165],[16.1529,47.4201],[16.1664,47.4205],[16.1718,47.4224]]]},"properties":{"code":"AT22"}},
{"type":"Feature","geometry":{"type":"Polygon","coordinates":[[[14.691,48.5843],[14.6711,48.5815],[14.6635,48.582],[14.6577,48.5981],[14.6524,48.6053],[14.6489,48.6078],[14.6456,48.61],[14.6309,48.6032],[14.6227,48.609],[14.6178,48.6218],[14.6111,48.6278],[14.6031,48.6281],[14.5952,48.6202],[14.5902,48.6174],[14.5811,48.6169],[14.5752,48.6122],[14.5643,48.6085],[14.5621,48.6033],[14.5518,48.6073],[14.5513,48.6112],[14.5464,48.6146],[14.5264,48.6147],[14.5164,48.6198],[14.5052,48.6172],[14.4948,48.623],[14.4959,48.6278],[14.4925,48.6333],[14.4889,48.6332],[14.4754,48.6407],[14.4754,48.6434],[14.469,48.6467],[14.4591,48.6433],[14.4438,48.6434],[14.4443,48.6398],[14.4527,48.6317],[14.4544,48.6246],[14.4541,48.6246],[14.454,48.6246],[14.4539,48.6247],[14.4534,48.6248],[14.4534,48.6247],[14.4532,48.6247],[14.4526,48.6247],[14.4473,48.6198],[14.4483,48.613],[14.4399,48.5999],[14.4378,48.5991],[14.4359,48.5984],[14.435,48.5968],[14.435,48.5963],[14.4351,48.5963],[14.4339,48.5933],[14.4304,48.5885],[14.4248,48.5883],[14.4165,48.5921],[14.4164,48.5921],[14.4141,48.5924],[14.4138,48.5924],[14.4121,48.5926],[14.4041,48.5933],[14.3858,48.5919],[14.3868,48.587],[14.3889,48.5824],[14.3936,48.5775],[14.3881,48.5719],[14.3807,48.5694],[14.3685,48.5698],[14.3659,48.5758],[14.3576,48.5746],[14.353,48.5665],[14.353,48.5624],[14.3447,48.5598],[14.3418,48.5545],[14.3367,48.5541],[14.3332,48.5518],[14.3273,48.5543],[14.3243,48.5642],[14.3216,48.5629],[14.309,48.5644],[14.3045,48.567],[14.297,48.5676],[14.2791,48.5741],[14.2714,48.5811],[14.2558,48.5816],[14.2477,48.578],[14.2393,48.5779],[14.2373,48.5813],[14.2282,48.5852],[14.208,48.5881],[14.1953,48.5925],[14.1844,48.5936],[14.1635,48.5892],[14.1545,48.5959],[14.148,48.5943],[14.139,48.5949],[14.1308,48.5974],[14.1305,48.5975],[14.1159,48.5892],[14.106,48.5895],[14.0956,48.5922],[14.0981,48.5984],[14.0979,48.5987],[14.0977,48.599],[14.0723,48.5999],[14.0665,48.5955],[14.0667,48.6024],[14.0697,48.6063],[14.0617,48.6066],[14.0542,48.6043],[14.0516,48.6095],[14.0422,48.6128],[14.0409,48.6174],[14.0453,48.6188],[14.0469,48.6279],[14.0468,48.6279],[14.0468,48.628],[14.0426,48.629],[14.03,48.6267],[14.023,48.6307],[14.0189,48.6363],[14.0114,48.639],[14.0227,48.6454],[14.0243,48.6526],[14.0323,48.6542],[14.0435,48.6543],[14.0439,48.6544],[14.0536,48.653],[14.0544,48.6539],[14.0583,48.6619],[14.059,48.663],[14.0598,48.6695],[14.06,48.6733],[14.0557,48.6756],[14.0389,48.6761],[14.0247,48.6833],[14.0286,48.6848],[14.0254,48.6891],[14.0167,48.6915],[14.0182,48.6962],[14.0134,48.6984],[14.0032,48.7086],[13.9831,48.7108],[13.978,48.7099],[13.9712,48.7129],[13.9617,48.7136],[13.9558,48.7147],[13.9539,48.7206],[13.9392,48.7232],[13.9272,48.7317],[13.9263,48.7351],[13.9209,48.737],[13.9197,48.7408],[13.9046,48.7498],[13.8955,48.7571],[13.8892,48.7585],[13.8761,48.7666],[13.8684,48.7696],[13.8552,48.7714],[13.8485,48.7698],[13.8396,48.7716],[13.8365,48.7631],[13.821,48.7536],[13.8213,48.7522],[13.8219,48.7499],[13.8203,48.7418],[13.8194,48.7325],[13.8105,48.729],[13.8011,48.7166],[13.7955,48.7157],[13.8031,48.7081],[13.8103,48.7091],[13.8111,48.7041],[13.814,48.7009],[13.8211,48.6991],[13.8374,48.7006],[13.8351,48.6964],[13.835,48.6955],[13.8348,48.6952],[13.831,48.6921],[13.83,48.6923],[13.8256,48.6925],[13.825,48.6928],[13.8225,48.6942],[13.814,48.6923],[13.8143,48.6877],[13.8144,48.6872],[13.8142,48.6866],[13.8143,48.6862],[13.8143,48.6859],[13.8138,48.6848],[13.8137,48.6848],[13.8141,48.6826],[13.8166,48.6813],[13.8166,48.6812],[13.817,48.68],[13.817,48.6799],[13.8172,48.6796],[13.8166,48.6791],[13.8174,48.6776],[13.8174,48.6775],[13.8178,48.6768],[13.8179,48.6766],[13.8179,48.6765],[13.8182,48.6762],[13.8182,48.6757],[13.8186,48.6756],[13.8187,48.6755],[13.8187,48.6754],[13.8189,48.6752],[13.819,48.6752],[13.8191,48.6752],[13.8195,48.6726],[13.8195,48.6725],[13.8195,48.6724],[13.8197,48.671],[13.8197,48.6707],[13.8198,48.6707],[13.8198,48.6706],[13.8197,48.6701],[13.8193,48.669],[13.8181,48.6676],[13.8176,48.6665],[13.8176,48.6589],[13.8148,48.6529],[13.8148,48.6528],[13.8146,48.6518],[13.8146,48.6517],[13.8145,48.6514],[13.8145,48.6513],[13.8144,48.6512],[13.8142,48.6498],[13.8145,48.6493],[13.8145,48.6491],[13.8155,48.6485],[13.8158,48.6481],[13.8159,48.6481],[13.8161,48.648],[13.8205,48.6439],[13.8205,48.6438],[13.8234,48.6426],[13.8237,48.6425],[13.8239,48.6421],[13.8239,48.6419],[13.8239,48.6418],[13.824,48.6416],[13.8238,48.6414],[13.8229,48.6406],[13.8226,48.6404],[13.8219,48.6395],[13.8218,48.6394],[13.8218,48.6393],[13.8221,48.6377],[13.8223,48.6375],[13.8224,48.6375],[13.8252,48.6364],[13.8255,48.6332],[13.8254,48.6327],[13.8255,48.6322],[13.8255,48.6307],[13.827,48.6278],[13.8259,48.627],[13.8257,48.6267],[13.825,48.6198],[13.8252,48.6193],[13.8249,48.6192],[13.8257,48.6184],[13.8255,48.6181],[13.8231,48.6167],[13.8144,48.6119],[13.8143,48.6093],[13.8126,48.6088],[13.8105,48.607],[13.8104,48.607],[13.8087,48.5999],[13.8018,48.5963],[13.8018,48.5958],[13.8011,48.5957],[13.8015,48.5944],[13.8067,48.5905],[13.8073,48.5846],[13.8048,48.5814],[13.8003,48.5732],[13.7904,48.5719],[13.7882,48.5683],[13.7809,48.5645],[13.7684,48.5535],[13.7603,48.5654],[13.755,48.5642],[13.7476,48.5524],[13.748,48.5523],[13.7484,48.5524],[13.7484,48.5523],[13.7548,48.5513],[13.7547,48.5511],[13.7546,48.5511],[13.7539,48.5508],[13.7536,48.5507],[13.7533,48.5505],[13.7454,48.5455],[13.7442,48.5446],[13.744,48.5443],[13.744,48.5436],[13.7441,48.5434],[13.744,48.5434],[13.744,48.5433],[13.7441,48.5427],[13.7441,48.5426],[13.7484,48.5396],[13.7476,48.5295],[13.7348,48.526],[13.7336,48.5254],[13.7331,48.5248],[13.7322,48.5164],[13.7271,48.513],[13.7057,48.5176],[13.6982,48.5231],[13.6851,48.5287],[13.6701,48.532],[13.6603,48.5374],[13.6553,48.5477],[13.642,48.5524],[13.6286,48.5533],[13.6131,48.5605],[13.6063,48.5666],[13.5988,48.5697],[13.5914,48.5693],[13.5836,48.5607],[13.5792,48.5594],[13.567,48.562],[13.5428,48.5752],[13.5299,48.586],[13.5162,48.5908],[13.5101,48.591],[13.5049,48.5875],[13.5017,48.5809],[13.507,48.5777],[13.504,48.5725],[13.4914,48.569],[13.4918,48.5644],[13.4849,48.5615],[13.4786,48.5644],[13.4745,48.5624],[13.4751,48.556],[13.4636,48.554],[13.456,48.5582],[13.45,48.5639],[13.4392,48.5588],[13.4368,48.5541],[13.4425,48.5439],[13.4495,48.539],[13.4506,48.5348],[13.4449,48.528],[13.4467,48.5231],[13.4573,48.5137],[13.4577,48.5103],[13.4477,48.4959],[13.447,48.4917],[13.4362,48.4719],[13.4326,48.4682],[13.4273,48.4578],[13.4281,48.4514],[13.4394,48.4376],[13.4389,48.4299],[13.4231,48.407],[13.4193,48.3965],[13.4184,48.3864],[13.4142,48.3779],[13.4077,48.372],[13.3709,48.355],[13.3615,48.3488],[13.3516,48.3392],[13.3294,48.3232],[13.3232,48.3199],[13.2617,48.2952],[13.2478,48.2929],[13.1936,48.2956],[13.1723,48.2934],[13.1367,48.2807],[13.1184,48.2773],[13.0937,48.2783],[13.0763,48.2759],[13.0639,48.2691],[13.0518,48.2645],[13.0227,48.2582],[13.01,48.2502],[13.0022,48.2401],[12.9759,48.222],[12.9635,48.2126],[12.9555,48.209],[12.9419,48.2065],[12.9177,48.2065],[12.9039,48.2044],[12.8737,48.2025],[12.8645,48.1966],[12.8615,48.1869],[12.8519,48.1769],[12.8482,48.168],[12.8356,48.165],[12.8333,48.1565],[12.8263,48.1525],[12.8115,48.1515],[12.7998,48.1471],[12.7972,48.1382],[12.7882,48.1248],[12.7813,48.1234],[12.7736,48.1277],[12.7639,48.1288],[12.7581,48.1261],[12.7576,48.1174],[12.7492,48.1085],[12.7524,48.0889],[12.758,48.0769],[12.7702,48.0661],[12.834,48.0281],[12.8494,48.017],[12.8573,48.0076],[12.8602,47.9966],[12.8765,47.9966],[12.8816,47.9937],[12.8922,47.991],[12.8938,47.9982],[12.898,48.0057],[12.9021,48.0064],[12.9051,48.0146],[12.9123,48.023],[12.9208,48.0232],[12.9345,48.0348],[12.9489,48.0369],[12.9561,48.0332],[12.9616,48.0327],[12.9712,48.0243],[12.9737,48.0236],[12.9866,48.0276],[12.9896,48.028],[12.9978,48.0291],[13.0081,48.0314],[13.0096,48.0356],[13.0155,48.0371],[13.021,48.0326],[13.029,48.0325],[13.0422,48.0415],[13.0472,48.04],[13.0486,48.0347],[13.0441,48.0281],[13.0577,48.03],[13.0557,48.0256],[13.0633,48.0191],[13.0577,48.0133],[13.0635,48.0158],[13.0731,48.0158],[13.0778,48.0111],[13.0734,48.0069],[13.0789,48.0047],[13.0841,48.0024],[13.0848,48.0054],[13.094,47.9958],[13.1021,47.998],[13.1134,47.9938],[13.1243,47.9962],[13.1216,47.9907],[13.1313,47.9883],[13.1472,47.9952],[13.1512,47.9923],[13.1458,47.9868],[13.1401,47.9849],[13.1419,47.978],[13.1478,47.9732],[13.1465,47.9701],[13.1536,47.9718],[13.1611,47.9751],[13.1841,47.973],[13.1987,47.9742],[13.2027,47.9779],[13.2213,47.9826],[13.2255,47.9882],[13.2331,47.9876],[13.2427,47.992],[13.2483,47.9898],[13.2507,47.9925],[13.2569,47.9912],[13.2751,47.9978],[13.2824,47.997],[13.281,48.005],[13.2878,48.0096],[13.2939,48.0087],[13.3,48.0105],[13.3043,48.0083],[13.3039,48.0035],[13.2983,48.0025],[13.3012,47.9954],[13.3086,47.9929],[13.3239,47.9923],[13.3356,47.9873],[13.3392,47.9842],[13.3459,47.9835],[13.3546,47.9779],[13.3708,47.9772],[13.3702,47.9711],[13.3734,47.9658],[13.365,47.9601],[13.361,47.9548],[13.3617,47.9449],[13.3578,47.9397],[13.3461,47.9446],[13.3396,47.9439],[13.3379,47.9477],[13.3411,47.9518],[13.3373,47.9542],[13.3242,47.957],[13.3131,47.9578],[13.3075,47.964],[13.3007,47.9634],[13.2948,47.9602],[13.2879,47.9595],[13.2803,47.9547],[13.2782,47.9445],[13.2808,47.9434],[13.2809,47.9368],[13.2853,47.928],[13.2821,47.9221],[13.2776,47.9204],[13.2824,47.9143],[13.2793,47.9069],[13.2811,47.9046],[13.2805,47.8952],[13.2701,47.8914],[13.2715,47.8863],[13.2769,47.8823],[13.2759,47.877],[13.2852,47.8728],[13.2957,47.856],[13.2874,47.8556],[13.2916,47.8484],[13.2845,47.8461],[13.2882,47.8425],[13.2864,47.8302],[13.2897,47.8244],[13.2938,47.8248],[13.3096,47.8214],[13.3122,47.8128],[13.3453,47.8129],[13.351,47.8099],[13.3657,47.8056],[13.3687,47.8024],[13.3926,47.7946],[13.4018,47.7997],[13.4185,47.7988],[13.4251,47.8011],[13.433,47.8],[13.4513,47.8042],[13.4552,47.8028],[13.4673,47.804],[13.4838,47.7993],[13.4859,47.7908],[13.4906,47.7892],[13.495,47.792],[13.4979,47.7898],[13.5079,47.7909],[13.511,47.797],[13.5261,47.7973],[13.5269,47.7932],[13.5314,47.7918],[13.5387,47.7823],[13.5354,47.7761],[13.5152,47.772],[13.5006,47.7761],[13.4866,47.7821],[13.478,47.7823],[13.472,47.7856],[13.4653,47.7861],[13.4578,47.7779],[13.4463,47.772],[13.4432,47.7619],[13.4451,47.7594],[13.4379,47.7466],[13.4363,47.7385],[13.4766,47.7242],[13.4861,47.7221],[13.4999,47.7226],[13.5067,47.7208],[13.5039,47.7189],[13.5216,47.7186],[13.5509,47.7141],[13.5464,47.703],[13.5356,47.6953],[13.5335,47.6838],[13.5289,47.6805],[13.5228,47.6797],[13.517,47.6755],[13.5116,47.6774],[13.5,47.669],[13.5004,47.6589],[13.4897,47.6464],[13.4906,47.6439],[13.4841,47.6415],[13.486,47.6339],[13.4899,47.6303],[13.4979,47.6309],[13.5054,47.629],[13.5129,47.6325],[13.5184,47.6286],[13.5179,47.6255],[13.5233,47.6183],[13.5063,47.6008],[13.5052,47.5948],[13.5071,47.5874],[13.5053,47.582],[13.4991,47.5811],[13.4908,47.577],[13.4783,47.5681],[13.4848,47.5528],[13.4787,47.5471],[13.4762,47.5324],[13.4814,47.5228],[13.487,47.5196],[13.4901,47.5133],[13.502,47.5117],[13.5134,47.503],[13.5162,47.4965],[13.5203,47.4943],[13.5343,47.4949],[13.5401,47.4911],[13.5477,47.4901],[13.5616,47.4835],[13.5682,47.4825],[13.5752,47.4782],[13.5857,47.4748],[13.589,47.473],[13.5962,47.4756],[13.6025,47.4741],[13.61,47.4751],[13.6256,47.4695],[13.6264,47.4675],[13.6396,47.4665],[13.6677,47.4627],[13.7056,47.4639],[13.7126,47.4612],[13.7226,47.4621],[13.7173,47.4737],[13.7195,47.4804],[13.7288,47.4903],[13.7491,47.5016],[13.7607,47.5203],[13.752,47.5263],[13.747,47.5437],[13.757,47.5448],[13.7559,47.5527],[13.7407,47.5688],[13.7355,47.577],[13.7132,47.5753],[13.7129,47.5796],[13.7024,47.5815],[13.6947,47.5793],[13.6917,47.5887],[13.6994,47.5986],[13.6941,47.6231],[13.6962,47.6323],[13.7046,47.6453],[13.7076,47.6554],[13.7067,47.6648],[13.7126,47.6676],[13.7259,47.6725],[13.737,47.6741],[13.7339,47.6839],[13.7385,47.686],[13.7496,47.6874],[13.7555,47.7001],[13.7671,47.706],[13.7711,47.711],[13.7774,47.7145],[13.7786,47.7185],[13.793,47.7124],[13.7999,47.714],[13.8234,47.7158],[13.8402,47.7187],[13.8509,47.7144],[13.8554,47.7172],[13.8623,47.726],[13.8682,47.7235],[13.8777,47.7258],[13.8784,47.7215],[13.8826,47.7226],[13.8959,47.7175],[13.9034,47.7176],[13.9068,47.7112],[13.92,47.7051],[13.9352,47.7097],[13.9517,47.7097],[13.9691,47.7036],[13.9832,47.6973],[13.9953,47.6998],[14.0017,47.703],[14.0106,47.7009],[14.0198,47.6908],[14.0369,47.6792],[14.0478,47.6744],[14.0554,47.6679],[14.0463,47.6264],[14.0544,47.6252],[14.0508,47.6172],[14.0601,47.618],[14.0647,47.6159],[14.08,47.6193],[14.0931,47.6195],[14.0955,47.6232],[14.1106,47.6273],[14.1227,47.6276],[14.1327,47.6298],[14.1362,47.6338],[14.1456,47.637],[14.16,47.6366],[14.1688,47.6399],[14.1758,47.6377],[14.1823,47.6391],[14.1869,47.6443],[14.1913,47.6444],[14.2061,47.6525],[14.2185,47.6502],[14.2326,47.6506],[14.2231,47.6421],[14.2346,47.6279],[14.2502,47.6192],[14.2553,47.6128],[14.2644,47.6105],[14.282,47.6145],[14.2965,47.6079],[14.3028,47.6096],[14.3126,47.6064],[14.3209,47.6085],[14.3264,47.6076],[14.3345,47.6184],[14.3613,47.6291],[14.3702,47.629],[14.3809,47.634],[14.3889,47.6346],[14.395,47.6378],[14.3926,47.6484],[14.3975,47.6527],[14.4209,47.6566],[14.4234,47.6529],[14.4367,47.6526],[14.4473,47.6567],[14.4493,47.6638],[14.466,47.6695],[14.4713,47.6693],[14.4743,47.6749],[14.4887,47.6821],[14.5018,47.6782],[14.5102,47.6789],[14.5172,47.6818],[14.5237,47.6877],[14.5278,47.6955],[14.5212,47.704],[14.5318,47.7137],[14.537,47.7137],[14.5536,47.7197],[14.5711,47.7163],[14.586,47.7182],[14.599,47.7272],[14.6118,47.7286],[14.6176,47.7307],[14.6486,47.7265],[14.6469,47.7294],[14.6523,47.7384],[14.67,47.741],[14.6824,47.7505],[14.6877,47.7589],[14.6974,47.7658],[14.7068,47.7606],[14.7147,47.7608],[14.7217,47.7555],[14.726,47.755],[14.7385,47.7487],[14.7464,47.7559],[14.7359,47.7589],[14.7273,47.766],[14.7224,47.768],[14.7226,47.7717],[14.7184,47.7757],[14.7175,47.782],[14.7119,47.7901],[14.7315,47.7991],[14.7318,47.8041],[14.7254,47.806],[14.7217,47.8097],[14.7132,47.8134],[14.7094,47.8202],[14.7102,47.8234],[14.7228,47.8322],[14.722,47.8437],[14.7112,47.8461],[14.71,47.8506],[14.7342,47.8632],[14.7528,47.8659],[14.7582,47.8681],[14.7683,47.8771],[14.7719,47.883],[14.7668,47.8906],[14.7587,47.8968],[14.7597,47.9002],[14.7536,47.9063],[14.7479,47.9094],[14.7435,47.9174],[14.7292,47.9243],[14.7279,47.935],[14.709,47.9318],[14.7038,47.9256],[14.6856,47.9291],[14.6748,47.9352],[14.6709,47.9347],[14.6663,47.9389],[14.6473,47.9435],[14.6299,47.9427],[14.6225,47.9472],[14.608,47.9492],[14.6005,47.9555],[14.5923,47.9593],[14.5855,47.9674],[14.5805,47.9683],[14.5689,47.974],[14.562,47.9743],[14.554,47.9819],[14.5395,47.9857],[14.5317,47.99],[14.5213,47.9927],[14.502,47.9942],[14.4929,47.9983],[14.4921,48.0109],[14.4871,48.0122],[14.4844,48.0172],[14.473,48.027],[14.4742,48.0292],[14.4676,48.0336],[14.47,48.0374],[14.4561,48.043],[14.4588,48.0529],[14.4595,48.0623],[14.4526,48.0639],[14.4594,48.0726],[14.4542,48.0792],[14.456,48.0813],[14.4684,48.0832],[14.4687,48.0874],[14.4596,48.0857],[14.459,48.0911],[14.4681,48.0997],[14.4926,48.1097],[14.4941,48.1136],[14.489,48.1168],[14.4772,48.1206],[14.4677,48.1221],[14.4693,48.1268],[14.4774,48.1331],[14.477,48.1406],[14.4676,48.148],[14.4708,48.1552],[14.4778,48.1608],[14.4839,48.1746],[14.4794,48.1817],[14.4823,48.1888],[14.48,48.1976],[14.4896,48.2219],[14.4949,48.2258],[14.5061,48.23],[14.5212,48.2376],[14.5331,48.2377],[14.5609,48.231],[14.5833,48.2237],[14.5915,48.2181],[14.5972,48.2101],[14.611,48.1961],[14.6258,48.1891],[14.6345,48.1801],[14.6458,48.1739],[14.6614,48.171],[14.661,48.1673],[14.673,48.1615],[14.6845,48.158],[14.6944,48.1577],[14.7051,48.1626],[14.7055,48.1688],[14.7153,48.1787],[14.7227,48.1788],[14.7393,48.1721],[14.7429,48.1749],[14.7587,48.1769],[14.7775,48.1814],[14.7922,48.1834],[14.8061,48.1877],[14.8306,48.1894],[14.8452,48.1957],[14.8483,48.2022],[14.8577,48.213],[14.8569,48.2249],[14.8617,48.2271],[14.8714,48.2279],[14.8815,48.2326],[14.8889,48.232],[14.8955,48.2279],[14.9026,48.2309],[14.9154,48.2329],[14.934,48.2316],[14.9446,48.2272],[14.9515,48.2177],[14.959,48.2048],[14.9742,48.1988],[14.9748,48.2011],[14.9648,48.204],[14.969,48.2084],[14.9621,48.2147],[14.9549,48.2155],[14.9522,48.2191],[14.9631,48.2302],[14.9625,48.2323],[14.9705,48.2318],[14.9747,48.2348],[14.9703,48.238],[14.97,48.2457],[14.9798,48.2523],[14.992,48.2559],[14.9883,48.2632],[14.9903,48.2792],[14.9868,48.2923],[14.9839,48.298],[14.9868,48.3063],[14.985,48.3094],[14.9864,48.3193],[14.9784,48.3236],[14.9743,48.3222],[14.9598,48.3254],[14.9503,48.3225],[14.9437,48.3236],[14.9483,48.3363],[14.9527,48.3406],[14.9511,48.3457],[14.9534,48.3617],[14.9597,48.3748],[14.9645,48.3786],[14.9645,48.3879],[14.9566,48.3906],[14.9513,48.3902],[14.9456,48.3936],[14.9325,48.3942],[14.9233,48.3882],[14.9166,48.3889],[14.9187,48.3939],[14.9263,48.3985],[14.9302,48.398],[14.9386,48.4017],[14.9475,48.4077],[14.9493,48.4136],[14.9414,48.4162],[14.9424,48.4204],[14.9388,48.4232],[14.9311,48.4236],[14.9219,48.4281],[14.9118,48.4301],[14.9127,48.4336],[14.8985,48.4505],[14.8922,48.451],[14.8832,48.4529],[14.8831,48.4529],[14.8753,48.4559],[14.8737,48.4589],[14.8772,48.4683],[14.8665,48.48],[14.8795,48.4816],[14.8888,48.4862],[14.8893,48.4888],[14.8873,48.4924],[14.891,48.4943],[14.891,48.4978],[14.8973,48.5004],[14.8983,48.5007],[14.9016,48.502],[14.9148,48.5001],[14.9167,48.4995],[14.9181,48.4989],[14.9183,48.4987],[14.9207,48.5058],[14.9122,48.5074],[14.9125,48.5139],[14.9017,48.5211],[14.8963,48.5231],[14.8895,48.5232],[14.882,48.5268],[14.8667,48.5271],[14.856,48.5287],[14.8555,48.5286],[14.853,48.5293],[14.8509,48.5295],[14.8508,48.5295],[14.8461,48.5319],[14.8482,48.5338],[14.8484,48.5339],[14.8488,48.5341],[14.8431,48.5394],[14.843,48.5396],[14.8367,48.545],[14.827,48.5479],[14.8164,48.5486],[14.8136,48.5494],[14.8126,48.5527],[14.8079,48.556],[14.8002,48.5557],[14.7921,48.5593],[14.7828,48.5603],[14.7747,48.5555],[14.7687,48.5567],[14.763,48.5638],[14.7496,48.5626],[14.7433,48.5584],[14.7432,48.5522],[14.7365,48.5523],[14.7382,48.5562],[14.7306,48.5619],[14.7245,48.5621],[14.7213,48.5698],[14.7118,48.5787],[14.6926,48.5804],[14.691,48.5843]]]},"properties":{"code":"AT31"}},
{"type":"Feature","geometry":{"type":"Polygon","coordinates":[[[13.7847,46.9439],[13.7908,46.9448],[13.7984,46.9503],[13.813,46.9518],[13.817,46.958],[13.8276,46.9617],[13.8318,46.9654],[13.8324,46.9737],[13.842,46.98],[13.845,46.9891],[13.8576,46.9925],[13.8648,46.9963],[13.8631,47.0003],[13.8637,47.0196],[13.8725,47.0301],[13.8819,47.0387],[13.8905,47.0539],[13.8963,47.0563],[13.9038,47.0632],[13.9068,47.0701],[13.8894,47.0851],[13.8862,47.0914],[13.8783,47.0942],[13.8775,47.0975],[13.8831,47.1049],[13.8812,47.108],[13.8873,47.1098],[13.8924,47.1143],[13.8981,47.1137],[13.9091,47.1233],[13.9276,47.1297],[13.9385,47.1362],[13.9438,47.1366],[13.9487,47.1295],[13.9539,47.1253],[13.9599,47.1237],[13.9726,47.127],[13.9833,47.125],[13.9929,47.1292],[13.9961,47.1328],[13.992,47.1362],[13.9936,47.1421],[13.9774,47.1463],[13.9679,47.1505],[13.9604,47.1593],[13.9524,47.1643],[13.9359,47.1694],[13.9197,47.1718],[13.9168,47.1706],[13.9153,47.1799],[13.9089,47.1856],[13.8986,47.1827],[13.8943,47.1855],[13.8974,47.1909],[13.9032,47.1947],[13.8841,47.2035],[13.8741,47.2123],[13.8663,47.2154],[13.8648,47.2199],[13.8501,47.2296],[13.8529,47.2329],[13.8653,47.2383],[13.8679,47.2452],[13.8624,47.2541],[13.8516,47.2569],[13.8447,47.2611],[13.8236,47.267],[13.8215,47.2702],[13.8272,47.2742],[13.8234,47.2782],[13.8271,47.283],[13.823,47.2902],[13.8253,47.2932],[13.8172,47.2962],[13.8045,47.2927],[13.7976,47.2874],[13.7893,47.289],[13.7911,47.2814],[13.7839,47.2752],[13.7779,47.274],[13.7606,47.2663],[13.7514,47.276],[13.7388,47.2783],[13.7296,47.277],[13.7253,47.2783],[13.7197,47.2758],[13.7139,47.2702],[13.7119,47.2595],[13.696,47.2604],[13.6956,47.2651],[13.6825,47.269],[13.6748,47.2746],[13.6691,47.2719],[13.6514,47.2767],[13.6417,47.2741],[13.6315,47.274],[13.6236,47.2793],[13.622,47.2831],[13.6076,47.2835],[13.5977,47.2935],[13.6022,47.3014],[13.6028,47.3109],[13.5958,47.3127],[13.5955,47.3175],[13.6035,47.3297],[13.5997,47.3407],[13.5895,47.359],[13.5856,47.3609],[13.5825,47.3691],[13.584,47.3721],[13.5809,47.3838],[13.5721,47.3933],[13.5739,47.4058],[13.5642,47.4133],[13.5633,47.4205],[13.5739,47.427],[13.5785,47.4416],[13.5826,47.4449],[13.5857,47.4535],[13.5924,47.4602],[13.5857,47.4748],[13.5752,47.4782],[13.5682,47.4825],[13.5616,47.4835],[13.5477,47.4901],[13.5401,47.4911],[13.5343,47.4949],[13.5203,47.4943],[13.5162,47.4965],[13.5134,47.503],[13.502,47.5117],[13.4901,47.5133],[13.487,47.5196],[13.4814,47.5228],[13.4762,47.5324],[13.4787,47.5471],[13.4848,47.5528],[13.4783,47.5681],[13.4908,47.577],[13.4991,47.5811],[13.5053,47.582],[13.5071,47.5874],[13.5052,47.5948],[13.5063,47.6008],[13.5233,47.6183],[13.5179,47.6255],[13.5184,47.6286],[13.5129,47.6325],[13.5054,47.629],[13.4979,47.6309],[13.4899,47.6303],[13.486,47.6339],[13.4841,47.6415],[13.4906,47.6439],[13.4897,47.6464],[13.5004,47.6589],[13.5,47.669],[13.5116,47.6774],[13.517,47.6755],[13.5228,47.6797],[13.5289,47.6805],[13.5335,47.6838],[13.5356,47.6953],[13.5464,47.703],[13.5509,47.7141],[13.5216,47.7186],[13.5039,47.7189],[13.5067,47.7208],[13.4999,47.7226],[13.4861,47.7221],[13.4766,47.7242],[13.4363,47.7385],[13.4379,47.7466],[13.4451,47.7594],[13.4432,47.7619],[13.4463,47.772],[13.4578,47.7779],[13.4653,47.7861],[13.472,47.7856],[13.478,47.7823],[13.4866,47.7821],[13.5006,47.7761],[13.5152,47.772],[13.5354,47.7761],[13.5387,47.7823],[13.5314,47.7918],[13.5269,47.7932],[13.5261,47.7973],[13.511,47.797],[13.5079,47.7909],[13.4979,47.7898],[13.495,47.792],[13.4906,47.7892],[13.4859,47.7908],[13.4838,47.7993],[13.4673,47.804],[13.4552,47.8028],[13.4513,47.8042],[13.433,47.8],[13.4251,47.8011],[13.4185,47.7988],[13.4018,47.7997],[13.3926,47.7946],[13.3687,47.8024],[13.3657,47.8056],[13.351,47.8099],[13.3453,47.8129],[13.3122,47.8128],[13.3096,47.8214],[13.2938,47.8248],[13.2897,47.8244],[13.2864,47.8302],[13.2882,47.8425],[13.2845,47.8461],[13.2916,47.8484],[13.2874,47.8556],[13.2957,47.856],[13.2852,47.8728],[13.2759,47.877],[13.2769,47.8823],[13.2715,47.8863],[13.2701,47.8914],[13.2805,47.8952],[13.2811,47.9046],[13.2793,47.9069],[13.2824,47.9143],[13.2776,47.9204],[13.2821,47.9221],[13.2853,47.928],[13.2809,47.9368],[13.2808,47.9434],[13.2782,47.9445],[13.2803,47.9547],[13.2879,47.9595],[13.2948,47.9602],[13.3007,47.9634],[13.3075,47.964],[13.3131,47.9578],[13.3242,47.957],[13.3373,47.9542],[13.3411,47.9518],[13.3379,47.9477],[13.3396,47.9439],[13.3461,47.9446],[13.3578,47.9397],[13.3617,47.9449],[13.361,47.9548],[13.365,47.9601],[13.3734,47.9658],[13.3702,47.9711],[13.3708,47.9772],[13.3546,47.9779],[13.3459,47.9835],[13.3392,47.9842],[13.3356,47.9873],[13.3239,47.9923],[13.3086,47.9929],[13.3012,47.9954],[13.2983,48.0025],[13.3039,48.0035],[13.3043,48.0083],[13.3,48.0105],[13.2939,48.0087],[13.2878,48.0096],[13.281,48.005],[13.2824,47.997],[13.2751,47.9978],[13.2569,47.9912],[13.2507,47.9925],[13.2483,47.9898],[13.2427,47.992],[13.2331,47.9876],[13.2255,47.9882],[13.2213,47.9826],[13.2027,47.9779],[13.1987,47.9742],[13.1841,47.973],[13.1611,47.9751],[13.1536,47.9718],[13.1465,47.9701],[13.1478,47.9732],[13.1419,47.978],[13.1401,47.9849],[13.1458,47.9868],[13.1512,47.9923],[13.1472,47.9952],[13.1313,47.9883],[13.1216,47.9907],[13.1243,47.9962],[13.1134,47.9938],[13.1021,47.998],[13.094,47.9958],[13.0848,48.0054],[13.0841,48.0024],[13.0789,48.0047],[13.0734,48.0069],[13.0778,48.0111],[13.0731,48.0158],[13.0635,48.0158],[13.0577,48.0133],[13.0633,48.0191],[13.0557,48.0256],[13.0577,48.03],[13.0441,48.0281],[13.0486,48.0347],[13.0472,48.04],[13.0422,48.0415],[13.029,48.0325],[13.021,48.0326],[13.0155,48.0371],[13.0096,48.0356],[13.0081,48.0314],[12.9978,48.0291],[12.9896,48.028],[12.9866,48.0276],[12.9737,48.0236],[12.9712,48.0243],[12.9616,48.0327],[12.9561,48.0332],[12.9489,48.0369],[12.9345,48.0348],[12.9208,48.0232],[12.9123,48.023],[12.9051,48.0146],[12.9021,48.0064],[12.898,48.0057],[12.8938,47.9982],[12.8922,47.991],[12.8816,47.9937],[12.8765,47.9966],[12.8602,47.9966],[12.8693,47.9692],[12.8739,47.9639],[12.8885,47.9587],[12.9101,47.9574],[12.9194,47.9537],[12.921,47.9401],[12.9331,47.9401],[12.9357,47.9439],[12.939,47.9421],[12.9407,47.9322],[12.9507,47.9168],[12.9627,47.9055],[12.9669,47.9001],[12.9846,47.8728],[13.0014,47.8544],[13.0039,47.8485],[13.0029,47.8419],[12.9854,47.829],[12.9706,47.8073],[12.9606,47.7969],[12.952,47.7916],[12.9465,47.7861],[12.9391,47.7846],[12.9389,47.7777],[12.9323,47.7755],[12.9277,47.7699],[12.9423,47.7709],[12.9448,47.7644],[12.9363,47.7589],[12.9363,47.7491],[12.931,47.7449],[12.9213,47.7442],[12.9123,47.737],[12.9118,47.7335],[12.9045,47.7274],[12.9053,47.7234],[12.9126,47.7185],[12.923,47.7139],[12.9249,47.7103],[12.9333,47.7096],[12.9462,47.7122],[12.9568,47.7078],[12.9872,47.7074],[12.995,47.7131],[13.0023,47.7134],[13.0083,47.7222],[13.0183,47.7229],[13.0288,47.7158],[13.0323,47.7167],[13.043,47.7139],[13.0557,47.7038],[13.0609,47.6971],[13.0694,47.6918],[13.0742,47.6919],[13.0808,47.687],[13.0769,47.6728],[13.08,47.6626],[13.0843,47.6606],[13.0897,47.654],[13.0885,47.6504],[13.092,47.6443],[13.097,47.6407],[13.0989,47.6352],[13.0957,47.6283],[13.0799,47.6184],[13.0723,47.6114],[13.0695,47.6048],[13.0626,47.6015],[13.0639,47.5986],[13.0711,47.5916],[13.0714,47.5879],[13.0437,47.5834],[13.0451,47.5791],[13.0416,47.5765],[13.0507,47.5635],[13.0575,47.5622],[13.0557,47.5573],[13.0447,47.5503],[13.0435,47.5461],[13.0317,47.5355],[13.0309,47.5326],[13.0376,47.5276],[13.0462,47.5239],[13.0433,47.5199],[13.0467,47.5144],[13.0461,47.5037],[13.0476,47.4922],[13.0419,47.4887],[13.0361,47.4891],[13.0269,47.4867],[13.0244,47.4809],[13.0227,47.4792],[13.0224,47.4788],[13.0183,47.4759],[13.0162,47.4719],[13.0037,47.4634],[12.9934,47.4717],[12.9948,47.4787],[12.9894,47.4776],[12.9856,47.4815],[12.9752,47.4851],[12.9729,47.4748],[12.9638,47.4753],[12.9549,47.4784],[12.9326,47.4882],[12.9299,47.4884],[12.9037,47.5002],[12.8862,47.5124],[12.8852,47.5185],[12.8817,47.5212],[12.8778,47.5225],[12.8775,47.5224],[12.8704,47.5238],[12.8609,47.5274],[12.8568,47.5272],[12.8508,47.5319],[12.8498,47.5393],[12.8478,47.5459],[12.8425,47.5468],[12.8285,47.5446],[12.8179,47.5449],[12.804,47.5501],[12.7945,47.5568],[12.7924,47.5651],[12.7843,47.5689],[12.7799,47.5787],[12.7817,47.5813],[12.7877,47.5888],[12.7954,47.5934],[12.7913,47.5978],[12.7929,47.6006],[12.8074,47.6103],[12.8133,47.612],[12.8229,47.6096],[12.8245,47.6121],[12.8109,47.6213],[12.7993,47.626],[12.7894,47.6333],[12.781,47.6326],[12.7659,47.6439],[12.7585,47.6531],[12.7676,47.6554],[12.7784,47.6609],[12.7841,47.6716],[12.7812,47.6738],[12.7734,47.6663],[12.7618,47.6665],[12.7572,47.663],[12.7507,47.6717],[12.7448,47.6758],[12.7309,47.6791],[12.7152,47.6763],[12.7051,47.6811],[12.7008,47.6797],[12.6958,47.6822],[12.6844,47.6823],[12.6843,47.6823],[12.6654,47.6808],[12.6573,47.6761],[12.6549,47.6721],[12.6482,47.6701],[12.6431,47.6731],[12.6388,47.671],[12.6296,47.6762],[12.6169,47.6724],[12.6093,47.6739],[12.6034,47.6722],[12.5969,47.6661],[12.5829,47.6473],[12.5778,47.634],[12.575,47.6323],[12.57,47.6163],[12.5702,47.6117],[12.5745,47.605],[12.6019,47.6014],[12.608,47.5988],[12.6204,47.5978],[12.6367,47.5931],[12.6408,47.5933],[12.6522,47.5893],[12.6665,47.5786],[12.652,47.5697],[12.6416,47.5545],[12.6283,47.5495],[12.6448,47.5384],[12.6536,47.5364],[12.6544,47.5289],[12.661,47.5107],[12.6651,47.5061],[12.6693,47.5082],[12.672,47.4997],[12.6754,47.4991],[12.687,47.4912],[12.6972,47.4881],[12.6965,47.4823],[12.6996,47.4779],[12.6841,47.4743],[12.6734,47.4671],[12.6652,47.4648],[12.6445,47.4682],[12.6323,47.465],[12.6308,47.4593],[12.6328,47.4516],[12.6378,47.4493],[12.6375,47.4366],[12.627,47.4298],[12.6226,47.4186],[12.6031,47.4141],[12.5972,47.4079],[12.5926,47.4065],[12.5902,47.4005],[12.5786,47.3925],[12.5645,47.3948],[12.5634,47.3991],[12.5551,47.3996],[12.5467,47.3978],[12.5426,47.3949],[12.5228,47.3906],[12.5151,47.3934],[12.5061,47.3941],[12.4987,47.3857],[12.4959,47.3803],[12.4826,47.3779],[12.4793,47.371],[12.479,47.365],[12.4879,47.3595],[12.4862,47.3524],[12.4952,47.3484],[12.4984,47.3447],[12.4947,47.3414],[12.4952,47.3374],[12.4873,47.3377],[12.4783,47.3264],[12.4698,47.3238],[12.4417,47.3286],[12.4172,47.3208],[12.4104,47.3136],[12.3963,47.315],[12.3858,47.3145],[12.3748,47.3114],[12.3661,47.314],[12.3579,47.3184],[12.3509,47.3185],[12.3422,47.3218],[12.3339,47.3275],[12.3189,47.3257],[12.3169,47.3297],[12.3043,47.3304],[12.2966,47.3326],[12.2956,47.3263],[12.2857,47.3177],[12.2801,47.3151],[12.2736,47.3082],[12.2641,47.3022],[12.2547,47.308],[12.2478,47.3031],[12.2373,47.3015],[12.2317,47.3055],[12.23,47.312],[12.2264,47.313],[12.2154,47.3096],[12.208,47.3021],[12.1954,47.2986],[12.1906,47.3013],[12.1803,47.3004],[12.1695,47.3028],[12.165,47.2987],[12.1569,47.2972],[12.1534,47.2928],[12.1441,47.2881],[12.1373,47.2931],[12.1301,47.2958],[12.1238,47.3022],[12.1145,47.3064],[12.1036,47.2981],[12.0926,47.2847],[12.0818,47.2808],[12.0769,47.2681],[12.0837,47.2655],[12.0913,47.2597],[12.1008,47.2582],[12.1109,47.2428],[12.1023,47.2362],[12.0982,47.2267],[12.0935,47.2202],[12.0862,47.2154],[12.0901,47.2071],[12.0863,47.2022],[12.0874,47.199],[12.0819,47.1944],[12.0835,47.1863],[12.088,47.1813],[12.0894,47.1756],[12.0871,47.1687],[12.0919,47.1673],[12.0936,47.1598],[12.0944,47.1452],[12.1107,47.1397],[12.1145,47.1312],[12.1146,47.1217],[12.1249,47.1135],[12.1295,47.1043],[12.1252,47.0926],[12.136,47.0807],[12.1516,47.0793],[12.1646,47.0832],[12.1704,47.0871],[12.1778,47.088],[12.1858,47.0921],[12.2042,47.087],[12.2154,47.0861],[12.227,47.0821],[12.2305,47.0761],[12.2408,47.0692],[12.2615,47.0727],[12.2838,47.0926],[12.3086,47.0931],[12.3131,47.1029],[12.3254,47.1074],[12.3456,47.1093],[12.3587,47.1168],[12.3633,47.1414],[12.3995,47.1528],[12.4129,47.1434],[12.4243,47.1438],[12.4347,47.1505],[12.451,47.1437],[12.4656,47.1444],[12.4817,47.1514],[12.4835,47.1578],[12.4982,47.1564],[12.5121,47.1516],[12.5216,47.1506],[12.5257,47.1456],[12.5279,47.1376],[12.5452,47.1289],[12.5528,47.1276],[12.5604,47.1337],[12.5664,47.136],[12.5789,47.1318],[12.5876,47.1321],[12.5922,47.1249],[12.5974,47.1253],[12.6166,47.1215],[12.6289,47.1156],[12.6314,47.112],[12.6419,47.1036],[12.6568,47.0995],[12.6707,47.1068],[12.673,47.1093],[12.6682,47.1139],[12.6672,47.1217],[12.6723,47.1207],[12.689,47.1243],[12.6971,47.1216],[12.7042,47.1218],[12.7147,47.1278],[12.7254,47.1313],[12.7309,47.131],[12.7357,47.1115],[12.7331,47.1044],[12.7389,47.1003],[12.7563,47.0977],[12.7642,47.1003],[12.7728,47.1009],[12.7838,47.0925],[12.795,47.0929],[12.8039,47.0955],[12.8048,47.098],[12.8203,47.0977],[12.8246,47.0928],[12.8318,47.0906],[12.8368,47.0828],[12.8597,47.0807],[12.8709,47.0863],[12.8775,47.0842],[12.8851,47.0846],[12.8925,47.0813],[12.9015,47.0808],[12.9193,47.0816],[12.9375,47.0762],[12.9364,47.0731],[12.943,47.0637],[12.9432,47.0592],[12.9556,47.0542],[12.953,47.0493],[12.9569,47.0432],[12.9648,47.039],[12.9826,47.0384],[12.9854,47.0356],[12.9955,47.0385],[13.0031,47.0439],[13.0179,47.0415],[13.0212,47.0393],[13.0199,47.0302],[13.0333,47.0271],[13.0449,47.0215],[13.0491,47.0224],[13.0578,47.0176],[13.073,47.0134],[13.0798,47.0203],[13.0803,47.0268],[13.0893,47.0277],[13.0956,47.0254],[13.1122,47.0255],[13.127,47.0271],[13.1338,47.0349],[13.1467,47.035],[13.162,47.037],[13.1677,47.0408],[13.1764,47.0409],[13.1846,47.0437],[13.197,47.0426],[13.2147,47.0441],[13.2481,47.0506],[13.2455,47.0679],[13.2394,47.0715],[13.2455,47.0786],[13.2498,47.0875],[13.2685,47.0917],[13.2773,47.0952],[13.2901,47.0944],[13.2999,47.0878],[13.3101,47.0861],[13.3114,47.0881],[13.3236,47.0909],[13.3326,47.0956],[13.3463,47.0956],[13.3549,47.0972],[13.355,47.0972],[13.3618,47.0989],[13.3774,47.0935],[13.3775,47.0935],[13.3815,47.086],[13.3814,47.0853],[13.3815,47.0852],[13.3821,47.0803],[13.388,47.0755],[13.3983,47.0704],[13.4064,47.0692],[13.4172,47.0775],[13.4277,47.0814],[13.439,47.0779],[13.458,47.0803],[13.4616,47.0787],[13.4831,47.076],[13.4885,47.0736],[13.5019,47.0719],[13.5031,47.0701],[13.5217,47.0685],[13.5315,47.0643],[13.5381,47.0638],[13.5467,47.06],[13.5548,47.0588],[13.5586,47.056],[13.5808,47.052],[13.5942,47.056],[13.5958,47.0545],[13.6114,47.057],[13.6157,47.0591],[13.6376,47.0555],[13.6455,47.0403],[13.6641,47.0395],[13.6933,47.0402],[13.6955,47.0333],[13.6875,47.0291],[13.6912,47.0194],[13.6914,47.0119],[13.6937,47.0061],[13.7021,47.0019],[13.706,46.9959],[13.7224,46.9912],[13.7337,46.9892],[13.7447,46.9939],[13.7584,46.9892],[13.7586,46.9823],[13.7669,46.9807],[13.7718,46.977],[13.7744,46.9686],[13.7736,46.9621],[13.7781,46.9555],[13.7744,46.9526],[13.7789,46.9448],[13.7847,46.9439]]]},"properties":{"code":"AT32"}},
{"type":"Feature","geometry":{"type":"MultiPolygon","coordinates":[[[[12.6568,47.0995],[12.6419,47.1036],[12.6314,47.112],[12.6289,47.1156],[12.6166,47.1215],[12.5974,47.1253],[12.5922,47.1249],[12.5876,47.1321],[12.5789,47.1318],[12.5664,47.136],[12.5604,47.1337],[12.5528,47.1276],[12.5452,47.1289],[12.5279,47.1376],[12.5257,47.1456],[12.5216,47.1506],[12.5121,47.1516],[12.4982,47.1564],[12.4835,47.1578],[12.4817,47.1514],[12.4656,47.1444],[12.451,47.1437],[12.4347,47.1505],[12.4243,47.1438],[12.4129,47.1434],[12.3995,47.1528],[12.3633,47.1414],[12.3587,47.1168],[12.3456,47.1093],[12.3254,47.1074],[12.3131,47.1029],[12.3086,47.0931],[12.2838,47.0926],[12.2615,47.0727],[12.2408,47.0692],[12.2369,47.0652],[12.2262,47.0608],[12.2166,47.0587],[12.2166,47.045],[12.2124,47.0415],[12.2114,47.0363],[12.205,47.0277],[12.1796,47.0253],[12.1713,47.023],[12.1644,47.0189],[12.1533,47.0239],[12.1474,47.0249],[12.1395,47.0188],[12.1262,47.0132],[12.1213,47.0069],[12.1305,46.9932],[12.1281,46.985],[12.1378,46.9829],[12.1356,46.9727],[12.1366,46.9654],[12.1319,46.9644],[12.138,46.9565],[12.1578,46.9508],[12.1684,46.9383],[12.1678,46.9332],[12.1611,46.9295],[12.153,46.9173],[12.1438,46.9138],[12.16,46.9089],[12.1626,46.9069],[12.17,46.9101],[12.1768,46.9067],[12.1807,46.908],[12.1904,46.9061],[12.1911,46.9028],[12.1996,46.8961],[12.1969,46.8929],[12.1998,46.8873],[12.2083,46.88],[12.2184,46.8738],[12.2226,46.8799],[12.2279,46.8786],[12.2335,46.8828],[12.2359,46.8882],[12.2418,46.8909],[12.245,46.8888],[12.2605,46.8866],[12.2662,46.8874],[12.274,46.8841],[12.2782,46.8792],[12.2759,46.8727],[12.2868,46.868],[12.2902,46.8642],[12.2906,46.8588],[12.292,46.8498],[12.2968,46.8476],[12.296,46.8435],[12.3068,46.8412],[12.306,46.8333],[12.2955,46.8263],[12.283,46.8149],[12.2923,46.8026],[12.2877,46.8006],[12.2868,46.7944],[12.2815,46.7932],[12.2804,46.7898],[12.285,46.7827],[12.2975,46.7844],[12.3014,46.7827],[12.309,46.785],[12.3265,46.7817],[12.3426,46.7761],[12.3514,46.777],[12.3574,46.775],[12.3595,46.7649],[12.366,46.7541],[12.3692,46.7404],[12.3758,46.7324],[12.3776,46.7223],[12.3841,46.7163],[12.3989,46.7104],[12.4138,46.7008],[12.4276,46.6989],[12.4277,46.6956],[12.443,46.6884],[12.4462,46.6902],[12.4631,46.6865],[12.4726,46.6868],[12.4755,46.686],[12.4799,46.6773],[12.4958,46.6769],[12.5018,46.6806],[12.5061,46.6778],[12.5165,46.6785],[12.5287,46.6738],[12.5287,46.6701],[12.5364,46.6675],[12.5472,46.6592],[12.5586,46.6575],[12.5598,46.6532],[12.5671,46.6515],[12.5784,46.6568],[12.6036,46.6561],[12.6124,46.6581],[12.6191,46.6619],[12.631,46.6614],[12.6336,46.655],[12.6417,46.652],[12.6504,46.653],[12.6539,46.6556],[12.6577,46.6572],[12.6736,46.6575],[12.6818,46.6559],[12.6906,46.657],[12.6915,46.6647],[12.6901,46.6749],[12.6837,46.68],[12.6878,46.6805],[12.6867,46.6862],[12.6924,46.6891],[12.6925,46.7017],[12.6963,46.7044],[12.7112,46.705],[12.7215,46.703],[12.713,46.7123],[12.7097,46.7133],[12.7101,46.7199],[12.7144,46.731],[12.7119,46.7357],[12.725,46.7434],[12.7384,46.741],[12.7482,46.7475],[12.7571,46.7503],[12.7665,46.7495],[12.777,46.7521],[12.7871,46.7522],[12.791,46.7565],[12.7941,46.7546],[12.8016,46.7567],[12.8126,46.7553],[12.8137,46.749],[12.8263,46.7519],[12.8332,46.7483],[12.8412,46.7493],[12.8568,46.7602],[12.8668,46.7606],[12.8767,46.7626],[12.8994,46.7769],[12.9105,46.7723],[12.9163,46.7671],[12.9314,46.764],[12.9458,46.7709],[12.9469,46.7765],[12.954,46.7825],[12.9596,46.7833],[12.9658,46.7877],[12.9635,46.7987],[12.956,46.8],[12.9446,46.8049],[12.9341,46.8112],[12.9244,46.8143],[12.9141,46.8214],[12.8979,46.8245],[12.892,46.8297],[12.8939,46.8322],[12.8865,46.8425],[12.8766,46.8445],[12.8718,46.8485],[12.8522,46.8571],[12.8412,46.861],[12.8436,46.8734],[12.8413,46.8899],[12.832,46.8998],[12.8321,46.9027],[12.8384,46.9099],[12.8371,46.9125],[12.8253,46.917],[12.82,46.9208],[12.812,46.9229],[12.7993,46.9234],[12.7829,46.9319],[12.7864,46.9396],[12.7802,46.9401],[12.7696,46.9448],[12.7625,46.9511],[12.7596,46.9566],[12.7505,46.9567],[12.7446,46.9605],[12.744,46.9675],[12.7363,46.9829],[12.7259,46.9924],[12.7246,46.9958],[12.7317,46.9988],[12.7375,47.0039],[12.7358,47.013],[12.7423,47.0145],[12.7478,47.0211],[12.7549,47.0249],[12.7561,47.0335],[12.7723,47.0402],[12.7659,47.0444],[12.7579,47.0458],[12.7427,47.0418],[12.717,47.0435],[12.7105,47.0484],[12.7013,47.0706],[12.695,47.0739],[12.6809,47.084],[12.6744,47.091],[12.6686,47.0914],[12.6568,47.0995]]],[[[12.575,47.6323],[12.5364,47.6365],[12.5123,47.6253],[12.4992,47.6251],[12.4907,47.635],[12.4914,47.6369],[12.4651,47.6497],[12.4532,47.6645],[12.4521,47.6683],[12.441,47.674],[12.4395,47.6797],[12.443,47.6918],[12.4401,47.6952],[12.4326,47.6944],[12.4291,47.6964],[12.4014,47.6923],[12.3747,47.6852],[12.3636,47.6838],[12.357,47.6904],[12.3447,47.6923],[12.339,47.6904],[12.3351,47.6926],[12.338,47.697],[12.2922,47.6901],[12.2847,47.6901],[12.2775,47.6879],[12.2632,47.6783],[12.2553,47.6795],[12.253,47.6838],[12.2461,47.6876],[12.2413,47.6944],[12.2469,47.711],[12.2499,47.712],[12.252,47.7152],[12.2586,47.7227],[12.265,47.7325],[12.2632,47.7369],[12.2567,47.743],[12.2497,47.7416],[12.2398,47.7324],[12.2267,47.7181],[12.212,47.7112],[12.206,47.7105],[12.2036,47.7074],[12.1977,47.7088],[12.1865,47.7037],[12.1844,47.7007],[12.1625,47.7011],[12.1673,47.6824],[12.1712,47.6769],[12.1815,47.669],[12.1847,47.6602],[12.1957,47.6461],[12.1997,47.6394],[12.2037,47.623],[12.2083,47.6123],[12.2019,47.6061],[12.1864,47.6048],[12.1773,47.6013],[12.1814,47.6103],[12.179,47.6144],[12.1612,47.6128],[12.1398,47.6053],[12.129,47.6056],[12.1194,47.6101],[12.1096,47.6117],[12.0974,47.61],[12.0824,47.6097],[12.0782,47.6135],[12.0708,47.6147],[12.0642,47.6187],[12.0495,47.6149],[12.0386,47.6176],[12.0343,47.6168],[12.0299,47.6118],[12.0219,47.6111],[12.0085,47.6252],[11.9995,47.6215],[11.9809,47.6189],[11.9762,47.6132],[11.9672,47.6172],[11.9538,47.616],[11.9333,47.6127],[11.9135,47.6138],[11.9055,47.6096],[11.9054,47.6095],[11.8943,47.6084],[11.865,47.6019],[11.858,47.6019],[11.8569,47.602],[11.855,47.6024],[11.8474,47.5824],[11.8295,47.5821],[11.8284,47.5854],[11.817,47.5844],[11.7896,47.5877],[11.7811,47.5912],[11.7696,47.5894],[11.7526,47.5891],[11.7447,47.5878],[11.7244,47.5891],[11.7002,47.589],[11.6813,47.5838],[11.6703,47.5853],[11.6582,47.5841],[11.649,47.5903],[11.6434,47.5893],[11.6421,47.5923],[11.6363,47.5946],[11.6324,47.5916],[11.631,47.5846],[11.6344,47.582],[11.634,47.5812],[11.6305,47.5803],[11.6238,47.5841],[11.6182,47.5841],[11.613,47.5798],[11.6049,47.5798],[11.5999,47.5664],[11.5915,47.5607],[11.5869,47.5548],[11.5897,47.5517],[11.5858,47.5456],[11.5876,47.5392],[11.5881,47.5255],[11.5773,47.5202],[11.5724,47.5145],[11.5518,47.5134],[11.5397,47.5095],[11.5259,47.5093],[11.5186,47.511],[11.5125,47.5064],[11.5057,47.5047],[11.4954,47.5074],[11.4877,47.509],[11.4559,47.509],[11.4493,47.5072],[11.4421,47.5177],[11.4168,47.5024],[11.4049,47.4889],[11.3985,47.4862],[11.3951,47.4822],[11.3912,47.4824],[11.3862,47.4766],[11.385,47.4715],[11.3898,47.467],[11.3977,47.4669],[11.403,47.4672],[11.4094,47.4667],[11.4118,47.4562],[11.4214,47.4449],[11.4155,47.447],[11.4075,47.4458],[11.4011,47.4478],[11.3884,47.4465],[11.3851,47.4486],[11.3755,47.4492],[11.3711,47.4454],[11.3644,47.4448],[11.3581,47.4486],[11.3518,47.4479],[11.3385,47.4499],[11.331,47.4443],[11.3306,47.4409],[11.3297,47.4381],[11.3212,47.4377],[11.3189,47.434],[11.3188,47.434],[11.3108,47.4302],[11.2996,47.4308],[11.291,47.4271],[11.2911,47.4219],[11.2932,47.4191],[11.293,47.4163],[11.2901,47.4073],[11.2812,47.4006],[11.2727,47.398],[11.2629,47.3994],[11.2328,47.3976],[11.2283,47.3951],[11.2223,47.3973],[11.2239,47.4014],[11.2306,47.4061],[11.2323,47.4108],[11.2397,47.4157],[11.2404,47.4196],[11.2536,47.4277],[11.249,47.4326],[11.2256,47.4309],[11.2055,47.4339],[11.199,47.4279],[11.1948,47.4274],[11.1774,47.4253],[11.1693,47.4225],[11.156,47.4212],[11.1511,47.4192],[11.1354,47.4127],[11.128,47.4122],[11.123,47.4059],[11.123,47.4016],[11.1223,47.3982],[11.1151,47.3955],[11.0996,47.3943],[11.0897,47.3957],[11.0846,47.396],[11.059,47.3954],[11.0491,47.394],[11.0374,47.3965],[11.0281,47.3935],[11.0243,47.3969],[11.0078,47.3946],[11.0077,47.3945],[10.988,47.3957],[10.9808,47.397],[10.976,47.3983],[10.9705,47.4001],[10.9707,47.4156],[10.9718,47.4173],[10.9805,47.4183],[10.9844,47.4207],[10.9836,47.43],[10.9729,47.4379],[10.9512,47.4563],[10.9413,47.4614],[10.9281,47.4719],[10.9385,47.48],[10.935,47.4825],[10.9254,47.4825],[10.9123,47.4853],[10.896,47.4834],[10.8861,47.4797],[10.8785,47.4794],[10.8712,47.4817],[10.8695,47.488],[10.8718,47.4927],[10.8713,47.4992],[10.8771,47.5032],[10.8908,47.5076],[10.8978,47.5081],[10.918,47.5136],[10.9162,47.519],[10.9054,47.5175],[10.8937,47.5292],[10.8904,47.5373],[10.8669,47.5357],[10.8531,47.5334],[10.84,47.5277],[10.8281,47.5285],[10.813,47.5264],[10.8126,47.52],[10.7954,47.5212],[10.7862,47.5171],[10.7775,47.5139],[10.7637,47.5196],[10.7639,47.528],[10.7585,47.5345],[10.7511,47.5373],[10.7413,47.5383],[10.7182,47.5384],[10.709,47.5437],[10.6946,47.5448],[10.6903,47.5554],[10.691,47.5588],[10.678,47.5562],[10.6768,47.559],[10.6604,47.5594],[10.6348,47.559],[10.6259,47.5613],[10.6191,47.5669],[10.608,47.5658],[10.598,47.5697],[10.5959,47.5649],[10.59,47.5599],[10.5803,47.5557],[10.5824,47.5499],[10.573,47.5338],[10.5706,47.5338],[10.5657,47.5339],[10.5656,47.5339],[10.559,47.5371],[10.5366,47.5366],[10.5242,47.5352],[10.4889,47.5404],[10.4724,47.5511],[10.4605,47.5526],[10.4545,47.5558],[10.4388,47.5235],[10.4422,47.5188],[10.4406,47.5136],[10.4313,47.5038],[10.4375,47.4912],[10.4403,47.4865],[10.4452,47.4841],[10.4514,47.4857],[10.4574,47.4826],[10.4638,47.4828],[10.4678,47.4765],[10.4679,47.4714],[10.47,47.4686],[10.4657,47.4635],[10.4677,47.4604],[10.4674,47.4563],[10.4659,47.4532],[10.4689,47.4493],[10.469,47.4492],[10.4691,47.4491],[10.474,47.436],[10.4751,47.4344],[10.4752,47.434],[10.4593,47.4282],[10.4562,47.4193],[10.4465,47.4147],[10.4386,47.4135],[10.4375,47.4068],[10.4314,47.4027],[10.4343,47.4],[10.4334,47.3992],[10.4293,47.391],[10.4368,47.3804],[10.4312,47.3838],[10.4198,47.3847],[10.4158,47.3795],[10.4112,47.3778],[10.4005,47.3776],[10.3934,47.3746],[10.3891,47.3671],[10.388,47.3659],[10.3861,47.363],[10.3862,47.3563],[10.3775,47.3525],[10.3709,47.3453],[10.3569,47.337],[10.3567,47.3334],[10.3455,47.3199],[10.3473,47.3159],[10.3467,47.3154],[10.3406,47.3142],[10.3394,47.3105],[10.3304,47.3048],[10.3248,47.3039],[10.3215,47.3063],[10.315,47.3065],[10.3015,47.2987],[10.2956,47.2999],[10.2923,47.2944],[10.2817,47.2877],[10.2661,47.288],[10.2662,47.2852],[10.2596,47.2814],[10.242,47.2778],[10.2383,47.2719],[10.2324,47.2705],[10.2225,47.2758],[10.2077,47.2753],[10.2013,47.2769],[10.195,47.2731],[10.1784,47.2701],[10.1743,47.2639],[10.1832,47.2613],[10.192,47.2612],[10.1965,47.2577],[10.2059,47.2573],[10.2221,47.2536],[10.2236,47.25],[10.2175,47.2474],[10.2111,47.2481],[10.199,47.2386],[10.2004,47.2333],[10.2075,47.2318],[10.2084,47.2262],[10.2128,47.2243],[10.2112,47.221],[10.2138,47.2142],[10.2127,47.2042],[10.2013,47.1956],[10.1969,47.1944],[10.1998,47.1818],[10.2039,47.1764],[10.2112,47.1715],[10.2077,47.1641],[10.2081,47.159],[10.2209,47.1531],[10.222,47.15],[10.2147,47.1437],[10.2034,47.1425],[10.2036,47.137],[10.2102,47.1334],[10.2068,47.1309],[10.1957,47.1311],[10.1863,47.129],[10.1865,47.1196],[10.1728,47.1203],[10.1687,47.1192],[10.163,47.1136],[10.1583,47.1148],[10.1545,47.1059],[10.1449,47.0969],[10.1408,47.0881],[10.1328,47.0815],[10.1346,47.0639],[10.1452,47.0608],[10.1509,47.0618],[10.1569,47.0491],[10.1553,47.0437],[10.1465,47.0373],[10.1442,47.0336],[10.124,47.0238],[10.1256,47.0185],[10.1311,47.013],[10.1466,47.0071],[10.1544,47.0054],[10.1596,46.9989],[10.1543,46.9921],[10.1598,46.9838],[10.1505,46.982],[10.1448,46.9834],[10.143,46.976],[10.1372,46.9724],[10.1349,46.9659],[10.1366,46.9618],[10.135,46.9553],[10.1266,46.9433],[10.1207,46.9379],[10.1119,46.9367],[10.106,46.9293],[10.0982,46.9274],[10.0996,46.917],[10.1089,46.9084],[10.1088,46.8951],[10.1173,46.8853],[10.1307,46.8773],[10.1411,46.8751],[10.1423,46.8712],[10.1388,46.8677],[10.143,46.8598],[10.145,46.851],[10.1501,46.8509],[10.1559,46.8479],[10.1631,46.8511],[10.1687,46.8506],[10.1718,46.8537],[10.1818,46.8555],[10.1857,46.8607],[10.1949,46.8665],[10.2092,46.8648],[10.2193,46.8673],[10.232,46.8667],[10.232,46.8756],[10.2345,46.88],[10.2348,46.8849],[10.2347,46.8849],[10.2283,46.8896],[10.2268,46.8936],[10.2262,46.8967],[10.2338,46.9024],[10.2372,46.9159],[10.2422,46.9194],[10.2406,46.9313],[10.2669,46.9288],[10.2899,46.9229],[10.2969,46.92],[10.3008,46.9247],[10.316,46.9252],[10.3172,46.931],[10.3073,46.9383],[10.3094,46.9502],[10.3257,46.9526],[10.3296,46.9585],[10.3296,46.9645],[10.3345,46.9725],[10.3446,46.9827],[10.3465,46.9896],[10.355,46.9924],[10.3721,46.9907],[10.38,46.9964],[10.3893,47.0005],[10.3988,46.9968],[10.4022,46.9909],[10.4125,46.9827],[10.4234,46.9784],[10.4273,46.9745],[10.4221,46.9602],[10.4293,46.956],[10.4344,46.9564],[10.4569,46.9509],[10.469,46.947],[10.4762,46.941],[10.4893,46.9378],[10.4855,46.9299],[10.4883,46.9263],[10.4853,46.9186],[10.4862,46.9155],[10.4787,46.9108],[10.4753,46.9013],[10.4751,46.8943],[10.4647,46.8843],[10.4692,46.8811],[10.4713,46.873],[10.468,46.8621],[10.4697,46.8549],[10.481,46.8587],[10.4832,46.8542],[10.487,46.8549],[10.4941,46.849],[10.521,46.8454],[10.5311,46.8476],[10.5524,46.8501],[10.5564,46.8469],[10.5499,46.8399],[10.5558,46.8398],[10.5703,46.8423],[10.5783,46.8482],[10.5902,46.8503],[10.5955,46.8573],[10.6054,46.8577],[10.6149,46.8601],[10.6244,46.8645],[10.6492,46.8655],[10.656,46.8681],[10.6626,46.8743],[10.6674,46.8755],[10.6716,46.8706],[10.678,46.8708],[10.6822,46.8683],[10.6904,46.8677],[10.6969,46.8625],[10.693,46.8529],[10.7055,46.8468],[10.7167,46.8471],[10.7161,46.8429],[10.7224,46.8378],[10.7319,46.838],[10.7368,46.8344],[10.7545,46.8332],[10.7621,46.8251],[10.7627,46.8204],[10.7513,46.8151],[10.744,46.803],[10.7359,46.7994],[10.7261,46.7979],[10.7303,46.7883],[10.7421,46.7866],[10.7509,46.7875],[10.7547,46.7851],[10.7799,46.7915],[10.7868,46.7962],[10.7965,46.7907],[10.8141,46.7751],[10.8254,46.7731],[10.8322,46.7805],[10.8407,46.7818],[10.853,46.774],[10.8674,46.7724],[10.8686,46.7658],[10.8799,46.7646],[10.8822,46.7629],[10.8915,46.7651],[10.8964,46.7701],[10.9076,46.7689],[10.918,46.775],[10.9304,46.7738],[10.9504,46.775],[10.9731,46.7721],[10.981,46.7696],[10.9963,46.767],[11.0138,46.7721],[11.0223,46.7654],[11.0254,46.7671],[11.0252,46.7722],[11.0288,46.7797],[11.0334,46.7845],[11.0361,46.794],[11.0442,46.8009],[11.0392,46.805],[11.0503,46.8086],[11.057,46.8081],[11.0626,46.813],[11.0733,46.8191],[11.0834,46.8226],[11.0777,46.8343],[11.0703,46.8384],[11.0748,46.8434],[11.0715,46.8511],[11.0719,46.8562],[11.078,46.8589],[11.0821,46.8689],[11.0888,46.8788],[11.0955,46.8828],[11.1017,46.8899],[11.0976,46.8908],[11.0992,46.9014],[11.0949,46.9079],[11.0976,46.914],[11.1092,46.9159],[11.1111,46.9191],[11.1103,46.9275],[11.1149,46.9314],[11.1389,46.9275],[11.1552,46.9341],[11.164,46.9398],[11.168,46.9445],[11.1627,46.9506],[11.1649,46.9658],[11.1748,46.9626],[11.1901,46.9705],[11.2031,46.968],[11.2068,46.9625],[11.2206,46.9692],[11.2419,46.9697],[11.2492,46.9742],[11.2567,46.9742],[11.2635,46.9808],[11.2709,46.9797],[11.2849,46.9831],[11.2881,46.986],[11.2977,46.9852],[11.3017,46.9831],[11.308,46.9841],[11.3128,46.9886],[11.3205,46.9924],[11.3282,46.9887],[11.3338,46.9885],[11.3409,46.9852],[11.3457,46.9906],[11.3587,46.9906],[11.3619,46.9886],[11.3619,46.9887],[11.3659,46.9838],[11.3747,46.9802],[11.3807,46.975],[11.3823,46.9706],[11.3928,46.9695],[11.4014,46.965],[11.4099,46.967],[11.4175,46.9664],[11.4199,46.9692],[11.426,46.9691],[11.4313,46.9728],[11.4404,46.9752],[11.4464,46.9852],[11.4546,46.9929],[11.4604,46.9915],[11.4699,46.9952],[11.4701,47.0026],[11.4788,47.011],[11.5016,47.0098],[11.5008,47.0073],[11.5126,47.0051],[11.5164,46.9997],[11.5199,46.9991],[11.5326,46.9917],[11.5336,46.9869],[11.5376,46.9842],[11.5535,46.9905],[11.5607,46.9904],[11.5814,46.9971],[11.5805,47.0007],[11.5914,47.0057],[11.5995,47.0055],[11.6101,47.0111],[11.6217,47.0114],[11.627,47.0132],[11.6348,47.0032],[11.6446,47.0008],[11.6612,46.9946],[11.6647,46.9917],[11.6759,46.9925],[11.6878,46.9951],[11.6999,46.9926],[11.7116,46.9932],[11.7172,46.9851],[11.724,46.9802],[11.7278,46.9723],[11.736,46.9718],[11.7471,46.9689],[11.7521,46.9717],[11.7643,46.9727],[11.772,46.9844],[11.7847,46.9919],[11.7894,46.9901],[11.8041,46.9917],[11.8157,46.9899],[11.8274,46.9932],[11.8369,46.9934],[11.845,47.0017],[11.8523,47.0001],[11.8605,47.0081],[11.8698,47.0119],[11.874,47.0101],[11.8801,47.0162],[11.8927,47.0164],[11.8951,47.0204],[11.9039,47.0251],[11.9143,47.0286],[11.9155,47.0324],[11.933,47.0376],[11.9381,47.0371],[11.9471,47.0334],[11.9566,47.0434],[11.9615,47.0406],[11.9685,47.0405],[11.9737,47.0474],[11.9789,47.05],[11.9853,47.0471],[11.9944,47.0495],[12.0206,47.0471],[12.031,47.0506],[12.0358,47.0584],[12.0445,47.0615],[12.0562,47.0611],[12.0593,47.0586],[12.0766,47.0595],[12.0798,47.0669],[12.092,47.0737],[12.092,47.0761],[12.0997,47.0783],[12.1112,47.0763],[12.1189,47.0732],[12.136,47.0807],[12.1252,47.0926],[12.1295,47.1043],[12.1249,47.1135],[12.1146,47.1217],[12.1145,47.1312],[12.1107,47.1397],[12.0944,47.1452],[12.0936,47.1598],[12.0919,47.1673],[12.0871,47.1687],[12.0894,47.1756],[12.088,47.1813],[12.0835,47.1863],[12.0819,47.1944],[12.0874,47.199],[12.0863,47.2022],[12.0901,47.2071],[12.0862,47.2154],[12.0935,47.2202],[12.0982,47.2267],[12.1023,47.2362],[12.1109,47.2428],[12.1008,47.2582],[12.0913,47.2597],[12.0837,47.2655],[12.0769,47.2681],[12.0818,47.2808],[12.0926,47.2847],[12.1036,47.2981],[12.1145,47.3064],[12.1238,47.3022],[12.1301,47.2958],[12.1373,47.2931],[12.1441,47.2881],[12.1534,47.2928],[12.1569,47.2972],[12.165,47.2987],[12.1695,47.3028],[12.1803,47.3004],[12.1906,47.3013],[12.1954,47.2986],[12.208,47.3021],[12.2154,47.3096],[12.2264,47.313],[12.23,47.312],[12.2317,47.3055],[12.2373,47.3015],[12.2478,47.3031],[12.2547,47.308],[12.2641,47.3022],[12.2736,47.3082],[12.2801,47.3151],[12.2857,47.3177],[12.2956,47.3263],[12.2966,47.3326],[12.3043,47.3304],[12.3169,47.3297],[12.3189,47.3257],[12.3339,47.3275],[12.3422,47.3218],[12.3509,47.3185],[12.3579,47.3184],[12.3661,47.314],[12.3748,47.3114],[12.3858,47.3145],[12.3963,47.315],[12.4104,47.3136],[12.4172,47.3208],[12.4417,47.3286],[12.4698,47.3238],[12.4783,47.3264],[12.4873,47.3377],[12.4952,47.3374],[12.4947,47.3414],[12.4984,47.3447],[12.4952,47.3484],[12.4862,47.3524],[12.4879,47.3595],[12.479,47.365],[12.4793,47.371],[12.4826,47.3779],[12.4959,47.3803],[12.4987,47.3857],[12.5061,47.3941],[12.5151,47.3934],[12.5228,47.3906],[12.5426,47.3949],[12.5467,47.3978],[12.5551,47.3996],[12.5634,47.3991],[12.5645,47.3948],[12.5786,47.3925],[12.5902,47.4005],[12.5926,47.4065],[12.5972,47.4079],[12.6031,47.4141],[12.6226,47.4186],[12.627,47.4298],[12.6375,47.4366],[12.6378,47.4493],[12.6328,47.4516],[12.6308,47.4593],[12.6323,47.465],[12.6445,47.4682],[12.6652,47.4648],[12.6734,47.4671],[12.6841,47.4743],[12.6996,47.4779],[12.6965,47.4823],[12.6972,47.4881],[12.687,47.4912],[12.6754,47.4991],[12.672,47.4997],[12.6693,47.5082],[12.6651,47.5061],[12.661,47.5107],[12.6544,47.5289],[12.6536,47.5364],[12.6448,47.5384],[12.6283,47.5495],[12.6416,47.5545],[12.652,47.5697],[12.6665,47.5786],[12.6522,47.5893],[12.6408,47.5933],[12.6367,47.5931],[12.6204,47.5978],[12.608,47.5988],[12.6019,47.6014],[12.5745,47.605],[12.5702,47.6117],[12.57,47.6163],[12.575,47.6323]]],[[[10.4508,47.5551],[10.4545,47.5558],[10.4672,47.5678],[10.4734,47.5711],[10.4707,47.5797],[10.4791,47.5806],[10.482,47.5845],[10.4725,47.5847],[10.4715,47.5869],[10.4618,47.5855],[10.4569,47.5828],[10.4369,47.5842],[10.4354,47.5795],[10.4291,47.5777],[10.4356,47.5678],[10.4453,47.5671],[10.4508,47.5551]]]]},"properties":{"code":"AT33"}},
{"type":"Feature","geometry":{"type":"Polygon","coordinates":[[[10.1784,47.2701],[10.1741,47.2703],[10.1752,47.2758],[10.1721,47.2791],[10.176,47.2821],[10.1749,47.2894],[10.1818,47.2961],[10.1897,47.294],[10.2027,47.3003],[10.2084,47.3045],[10.2107,47.3063],[10.2117,47.3107],[10.216,47.3111],[10.211,47.3192],[10.1995,47.3265],[10.2076,47.3326],[10.2043,47.3368],[10.2176,47.3505],[10.2168,47.3541],[10.2246,47.3588],[10.231,47.3684],[10.237,47.3737],[10.2317,47.379],[10.2363,47.3818],[10.2299,47.3878],[10.227,47.3889],[10.2186,47.3825],[10.2125,47.3804],[10.2084,47.383],[10.2002,47.3833],[10.1972,47.3862],[10.1951,47.3894],[10.1819,47.3924],[10.1827,47.388],[10.1766,47.3853],[10.1694,47.3858],[10.1696,47.3713],[10.1659,47.3689],[10.1499,47.3671],[10.138,47.3679],[10.1194,47.3756],[10.0999,47.3548],[10.0829,47.3942],[10.0861,47.3997],[10.0796,47.4044],[10.073,47.4061],[10.0692,47.4098],[10.0747,47.4149],[10.0859,47.4146],[10.0938,47.4169],[10.0958,47.4221],[10.1056,47.4287],[10.0938,47.4406],[10.0947,47.4515],[10.0896,47.4604],[10.081,47.4554],[10.07,47.4559],[10.0647,47.4636],[10.0541,47.4663],[10.0517,47.4702],[10.0542,47.4759],[10.0453,47.4849],[10.0471,47.4865],[10.0387,47.489],[10.0279,47.4853],[10.0121,47.4822],[10.0008,47.4821],[9.9951,47.4863],[9.9875,47.4985],[9.9957,47.5028],[9.985,47.5107],[9.9794,47.5126],[9.966,47.5202],[9.9684,47.5278],[9.9653,47.5301],[9.9673,47.5414],[9.9661,47.5444],[9.9648,47.5443],[9.9606,47.5415],[9.9607,47.5372],[9.9593,47.5345],[9.9411,47.5382],[9.9365,47.5341],[9.9245,47.5304],[9.9168,47.531],[9.9133,47.5329],[9.9127,47.5346],[9.9122,47.5353],[9.9085,47.5407],[9.8994,47.5448],[9.889,47.5441],[9.8803,47.5479],[9.8764,47.545],[9.8781,47.5387],[9.8745,47.5286],[9.8635,47.5336],[9.8591,47.5336],[9.8534,47.5401],[9.83,47.5443],[9.8244,47.5474],[9.816,47.5475],[9.8171,47.5533],[9.8257,47.5592],[9.8236,47.565],[9.8219,47.5685],[9.8259,47.5738],[9.8273,47.58],[9.8246,47.5862],[9.8143,47.588],[9.8026,47.5959],[9.7955,47.5937],[9.7853,47.5936],[9.7768,47.5954],[9.7694,47.5874],[9.7665,47.5893],[9.7619,47.5809],[9.7566,47.5799],[9.7565,47.5728],[9.748,47.5703],[9.7521,47.5674],[9.7434,47.5588],[9.7425,47.5552],[9.7351,47.5456],[9.7358,47.5342],[9.7283,47.5335],[9.5619,47.5046],[9.5616,47.4972],[9.5643,47.4934],[9.5812,47.4838],[9.5933,47.4653],[9.597,47.4623],[9.6049,47.4636],[9.6073,47.4704],[9.6121,47.469],[9.6208,47.4583],[9.625,47.4568],[9.6443,47.4559],[9.6554,47.4541],[9.6595,47.4514],[9.658,47.4478],[9.6458,47.4388],[9.6449,47.4324],[9.6502,47.4214],[9.6517,47.4046],[9.6544,47.4044],[9.6601,47.3975],[9.6719,47.3931],[9.6742,47.3893],[9.6734,47.3815],[9.6625,47.3711],[9.6496,47.3674],[9.6245,47.3661],[9.6058,47.3519],[9.6004,47.3466],[9.589,47.3184],[9.5815,47.311],[9.5649,47.3037],[9.5549,47.2966],[9.552,47.288],[9.5458,47.2796],[9.5326,47.2728],[9.5308,47.2706],[9.5399,47.2651],[9.5395,47.2614],[9.5592,47.2507],[9.5673,47.2419],[9.5581,47.2327],[9.552,47.2237],[9.5586,47.2241],[9.5638,47.2211],[9.5693,47.2194],[9.5783,47.2091],[9.5849,47.2054],[9.5805,47.1961],[9.5726,47.1908],[9.5733,47.1767],[9.5712,47.1747],[9.5648,47.1703],[9.5752,47.1699],[9.5795,47.1711],[9.6007,47.1592],[9.6029,47.1518],[9.6038,47.1508],[9.6133,47.1474],[9.6206,47.1516],[9.6259,47.1459],[9.6226,47.1412],[9.6247,47.1326],[9.6339,47.128],[9.6334,47.1259],[9.6252,47.1189],[9.6227,47.1122],[9.6209,47.1105],[9.6344,47.1011],[9.6357,47.0962],[9.6336,47.0834],[9.6235,47.0825],[9.6187,47.0781],[9.6116,47.0795],[9.6113,47.077],[9.6134,47.0714],[9.6108,47.0634],[9.6071,47.0608],[9.6106,47.0577],[9.6172,47.0536],[9.626,47.0514],[9.6369,47.0518],[9.6434,47.0576],[9.6459,47.0596],[9.6617,47.0589],[9.6693,47.0593],[9.6819,47.0621],[9.6838,47.0579],[9.6851,47.0573],[9.6976,47.0524],[9.7071,47.0538],[9.7069,47.0508],[9.7066,47.0488],[9.7177,47.0436],[9.7178,47.0436],[9.7317,47.0435],[9.7452,47.0412],[9.7475,47.0371],[9.7631,47.0374],[9.7673,47.0388],[9.7844,47.0386],[9.792,47.0317],[9.7954,47.0308],[9.7954,47.0305],[9.7959,47.0302],[9.8016,47.0289],[9.8079,47.0237],[9.8082,47.0237],[9.8243,47.0191],[9.8336,47.0145],[9.8339,47.0142],[9.8341,47.0141],[9.8356,47.0133],[9.8528,47.0164],[9.8598,47.0232],[9.8672,47.0213],[9.8763,47.0212],[9.8804,47.0172],[9.8765,47.0153],[9.8712,47.0131],[9.8733,47.0064],[9.8888,47.0007],[9.892,46.989],[9.8849,46.9855],[9.8846,46.9809],[9.8747,46.9717],[9.8755,46.9673],[9.8713,46.9631],[9.878,46.9578],[9.8782,46.9552],[9.8749,46.9504],[9.8766,46.9407],[9.8807,46.9397],[9.8788,46.935],[9.8945,46.9316],[9.8999,46.9274],[9.908,46.9249],[9.9124,46.9261],[9.9228,46.9183],[9.9366,46.9135],[9.9462,46.9124],[9.9591,46.916],[9.9632,46.9124],[9.978,46.9159],[9.9824,46.9063],[9.9902,46.9024],[9.9956,46.9023],[10.0058,46.8989],[10.0179,46.9016],[10.0265,46.8958],[10.0322,46.888],[10.039,46.8861],[10.0425,46.8804],[10.0526,46.8758],[10.0509,46.8644],[10.0608,46.8607],[10.075,46.862],[10.0875,46.8612],[10.0926,46.8582],[10.0925,46.8513],[10.1021,46.845],[10.1052,46.8409],[10.1193,46.8442],[10.123,46.8485],[10.1326,46.8476],[10.1402,46.8475],[10.145,46.851],[10.143,46.8598],[10.1388,46.8677],[10.1423,46.8712],[10.1411,46.8751],[10.1307,46.8773],[10.1173,46.8853],[10.1088,46.8951],[10.1089,46.9084],[10.0996,46.917],[10.0982,46.9274],[10.106,46.9293],[10.1119,46.9367],[10.1207,46.9379],[10.1266,46.9433],[10.135,46.9553],[10.1366,46.9618],[10.1349,46.9659],[10.1372,46.9724],[10.143,46.976],[10.1448,46.9834],[10.1505,46.982],[10.1598,46.9838],[10.1543,46.9921],[10.1596,46.9989],[10.1544,47.0054],[10.1466,47.0071],[10.1311,47.013],[10.1256,47.0185],[10.124,47.0238],[10.1442,47.0336],[10.1465,47.0373],[10.1553,47.0437],[10.1569,47.0491],[10.1509,47.0618],[10.1452,47.0608],[10.1346,47.0639],[10.1328,47.0815],[10.1408,47.0881],[10.1449,47.0969],[10.1545,47.1059],[10.1583,47.1148],[10.163,47.1136],[10.1687,47.1192],[10.1728,47.1203],[10.1865,47.1196],[10.1863,47.129],[10.1957,47.1311],[10.2068,47.1309],[10.2102,47.1334],[10.2036,47.137],[10.2034,47.1425],[10.2147,47.1437],[10.222,47.15],[10.2209,47.1531],[10.2081,47.159],[10.2077,47.1641],[10.2112,47.1715],[10.2039,47.1764],[10.1998,47.1818],[10.1969,47.1944],[10.2013,47.1956],[10.2127,47.2042],[10.2138,47.2142],[10.2112,47.221],[10.2128,47.2243],[10.2084,47.2262],[10.2075,47.2318],[10.2004,47.2333],[10.199,47.2386],[10.2111,47.2481],[10.2175,47.2474],[10.2236,47.25],[10.2221,47.2536],[10.2059,47.2573],[10.1965,47.2577],[10.192,47.2612],[10.1832,47.2613],[10.1743,47.2639],[10.1784,47.2701]]]},"properties":{"code":"AT34"}}
]}